Rodzaj_obiektu,Miesiac,Turyści_Ogółem,Turyści_Zagraniczni,Rok,Turyści_Krajowi
O G Ó Ł E M                       2017           ,I,1847429.0,345765.0,2018,1501664.0
T O T A L                            2018            ,I,2019667.0,387086.0,2018,1632581.0
"Obiekty hotelowe 
Hotels and similar establishments",I,1608057.0,348400.0,2018,1259657.0
"Hotele 
Hotels",I,1401824.0,319110.0,2018,1082714.0
"Motele  
Motels",I,14901.0,0.0,2018,14901.0
"Pensjonaty 
Boarding house",I,40186.0,0.0,2018,40186.0
"Inne obiekty hotelowe 
Other hotel facilities",I,151146.0,23741.0,2018,127405.0
"Pozostałe obiekty noclegowe
Other facilities ",I,411610.0,0.0,2018,411610.0
"Domy wycieczkowe 
Excursion hostels",I,6268.0,180.0,2018,6088.0
"Schroniska 
Shelters",I,11875.0,217.0,2018,11658.0
"Schroniska młodzieżowe 
Youth hostels",I,3818.0,584.0,2018,3234.0
"Szkolne schroniska młodzieżowe
School youth hostels",I,16576.0,0.0,2018,16576.0
"Ośrodki wczasowe 
Holiday centres",I,77939.0,4630.0,2018,73309.0
"Ośrodki kolonijne 
Holiday youth centers",I,6133.0,3.0,2018,6130.0
"Ośrodki szkoleniowo-wypoczynkowe 
Training-recreational centres",I,53787.0,1765.0,2018,52022.0
"Domy pracy twórczej 
Creative arts centres",I,2156.0,40.0,2018,2116.0
"Zespoły domków turystycznych 
Complexes of tourist cottages",I,4446.0,0.0,2018,4446.0
"Kempingi 
Camping sites",I,588.0,102.0,2018,486.0
"Pola biwakowe  
Tent camp sites",I,59.0,0.0,2018,59.0
"Hostele 
Hostels",I,43880.0,14937.0,2018,28943.0
"Zakłady uzdrowiskowe 
Health establishments",I,69997.0,1681.0,2018,68316.0
"Pokoje gościnne 
Rooms for guests",I,52311.0,5333.0,2018,46978.0
"Kwatery agroturystyczne 
Agrotourism lodgings",I,7225.0,349.0,2018,6876.0
"Pozostałe niesklasyfikowane 
Other not classified",I,54552.0,6773.0,2018,47779.0
O G Ó Ł E M                       2017           ,II,1907901.0,340714.0,2018,1567187.0
T O T A L                            2018            ,II,2045505.0,386204.0,2018,1659301.0
"Obiekty hotelowe 
Hotels and similar establishments",II,1623218.0,346422.0,2018,1276796.0
"Hotele 
Hotels",II,1416585.0,317257.0,2018,1099328.0
"Motele  
Motels",II,14976.0,0.0,2018,14976.0
"Pensjonaty 
Boarding house",II,38123.0,0.0,2018,38123.0
"Inne obiekty hotelowe 
Other hotel facilities",II,153534.0,24438.0,2018,129096.0
"Pozostałe obiekty noclegowe
Other facilities ",II,422287.0,0.0,2018,422287.0
"Domy wycieczkowe 
Excursion hostels",II,6684.0,230.0,2018,6454.0
"Schroniska 
Shelters",II,12478.0,317.0,2018,12161.0
"Schroniska młodzieżowe 
Youth hostels",II,4910.0,803.0,2018,4107.0
"Szkolne schroniska młodzieżowe
School youth hostels",II,18522.0,0.0,2018,18522.0
"Ośrodki wczasowe 
Holiday centres",II,85540.0,5821.0,2018,79719.0
"Ośrodki kolonijne 
Holiday youth centers",II,4510.0,52.0,2018,4458.0
"Ośrodki szkoleniowo-wypoczynkowe 
Training-recreational centres",II,61324.0,1986.0,2018,59338.0
"Domy pracy twórczej 
Creative arts centres",II,1904.0,45.0,2018,1859.0
"Zespoły domków turystycznych 
Complexes of tourist cottages",II,4630.0,0.0,2018,4630.0
"Kempingi 
Camping sites",II,530.0,74.0,2018,456.0
"Pola biwakowe  
Tent camp sites",II,24.0,0.0,2018,24.0
"Hostele 
Hostels",II,44980.0,14359.0,2018,30621.0
"Zakłady uzdrowiskowe 
Health establishments",II,57362.0,2126.0,2018,55236.0
"Pokoje gościnne 
Rooms for guests",II,53371.0,4780.0,2018,48591.0
"Kwatery agroturystyczne 
Agrotourism lodgings",II,6874.0,329.0,2018,6545.0
"Pozostałe niesklasyfikowane 
Other not classified",II,58644.0,6759.0,2018,51885.0
O G Ó Ł E M                       2017           ,III,2107293.0,449138.0,2018,1658155.0
T O T A L                            2018            ,III,2205113.0,502989.0,2018,1702124.0
"Obiekty hotelowe 
Hotels and similar establishments",III,1817283.0,455348.0,2018,1361935.0
"Hotele 
Hotels",III,1607518.0,419541.0,2018,1187977.0
"Motele  
Motels",III,17186.0,0.0,2018,17186.0
"Pensjonaty 
Boarding house",III,34707.0,0.0,2018,34707.0
"Inne obiekty hotelowe 
Other hotel facilities",III,157872.0,30354.0,2018,127518.0
"Pozostałe obiekty noclegowe
Other facilities ",III,387830.0,0.0,2018,387830.0
"Domy wycieczkowe 
Excursion hostels",III,5834.0,260.0,2018,5574.0
"Schroniska 
Shelters",III,10370.0,248.0,2018,10122.0
"Schroniska młodzieżowe 
Youth hostels",III,5973.0,746.0,2018,5227.0
"Szkolne schroniska młodzieżowe
School youth hostels",III,19235.0,0.0,2018,19235.0
"Ośrodki wczasowe 
Holiday centres",III,60849.0,6492.0,2018,54357.0
"Ośrodki kolonijne 
Holiday youth centers",III,4379.0,83.0,2018,4296.0
"Ośrodki szkoleniowo-wypoczynkowe 
Training-recreational centres",III,51787.0,2018.0,2018,49769.0
"Domy pracy twórczej 
Creative arts centres",III,2563.0,107.0,2018,2456.0
"Zespoły domków turystycznych 
Complexes of tourist cottages",III,4756.0,0.0,2018,4756.0
"Kempingi 
Camping sites",III,999.0,246.0,2018,753.0
"Pola biwakowe  
Tent camp sites",III,127.0,0.0,2018,127.0
"Hostele 
Hostels",III,52043.0,17665.0,2018,34378.0
"Zakłady uzdrowiskowe 
Health establishments",III,66381.0,3010.0,2018,63371.0
"Pokoje gościnne 
Rooms for guests",III,37743.0,4823.0,2018,32920.0
"Kwatery agroturystyczne 
Agrotourism lodgings",III,5057.0,373.0,2018,4684.0
"Pozostałe niesklasyfikowane 
Other not classified",III,59734.0,7963.0,2018,51771.0
O G Ó Ł E M                       2017           ,IV,2285368.0,518750.0,2018,1766618.0
T O T A L                            2018            ,IV,2467756.0,537516.0,2018,1930240.0
"Obiekty hotelowe 
Hotels and similar establishments",IV,1993816.0,485346.0,2018,1508470.0
"Hotele 
Hotels",IV,1749746.0,444505.0,2018,1305241.0
"Motele  
Motels",IV,17993.0,0.0,2018,17993.0
"Pensjonaty 
Boarding house",IV,38595.0,0.0,2018,38595.0
"Inne obiekty hotelowe 
Other hotel facilities",IV,187482.0,34311.0,2018,153171.0
"Pozostałe obiekty noclegowe
Other facilities ",IV,473940.0,0.0,2018,473940.0
"Domy wycieczkowe 
Excursion hostels",IV,6534.0,541.0,2018,5993.0
"Schroniska 
Shelters",IV,14204.0,245.0,2018,13959.0
"Schroniska młodzieżowe 
Youth hostels",IV,6969.0,1073.0,2018,5896.0
"Szkolne schroniska młodzieżowe
School youth hostels",IV,27226.0,0.0,2018,27226.0
"Ośrodki wczasowe 
Holiday centres",IV,76287.0,6365.0,2018,69922.0
"Ośrodki kolonijne 
Holiday youth centers",IV,4918.0,13.0,2018,4905.0
"Ośrodki szkoleniowo-wypoczynkowe 
Training-recreational centres",IV,71672.0,3478.0,2018,68194.0
"Domy pracy twórczej 
Creative arts centres",IV,3196.0,154.0,2018,3042.0
"Zespoły domków turystycznych 
Complexes of tourist cottages",IV,10061.0,0.0,2018,10061.0
"Kempingi 
Camping sites",IV,3137.0,930.0,2018,2207.0
"Pola biwakowe  
Tent camp sites",IV,585.0,0.0,2018,585.0
"Hostele 
Hostels",IV,58423.0,18454.0,2018,39969.0
"Zakłady uzdrowiskowe 
Health establishments",IV,67049.0,3244.0,2018,63805.0
"Pokoje gościnne 
Rooms for guests",IV,42869.0,5562.0,2018,37307.0
"Kwatery agroturystyczne 
Agrotourism lodgings",IV,7407.0,372.0,2018,7035.0
"Pozostałe niesklasyfikowane 
Other not classified",IV,73403.0,7366.0,2018,66037.0
O G Ó Ł E M                       2017           ,V,2847226.0,609705.0,2018,2237521.0
T O T A L                            2018            ,V,3012555.0,634551.0,2018,2378004.0
"Obiekty hotelowe 
Hotels and similar establishments",V,2248920.0,567451.0,2018,1681469.0
"Hotele 
Hotels",V,1933087.0,519218.0,2018,1413869.0
"Motele  
Motels",V,20939.0,0.0,2018,20939.0
"Pensjonaty 
Boarding house",V,55726.0,0.0,2018,55726.0
"Inne obiekty hotelowe 
Other hotel facilities",V,239168.0,40438.0,2018,198730.0
"Pozostałe obiekty noclegowe
Other facilities ",V,763635.0,0.0,2018,763635.0
"Domy wycieczkowe 
Excursion hostels",V,12507.0,465.0,2018,12042.0
"Schroniska 
Shelters",V,19776.0,594.0,2018,19182.0
"Schroniska młodzieżowe 
Youth hostels",V,10347.0,892.0,2018,9455.0
"Szkolne schroniska młodzieżowe
School youth hostels",V,45856.0,0.0,2018,45856.0
"Ośrodki wczasowe 
Holiday centres",V,174237.0,8585.0,2018,165652.0
"Ośrodki kolonijne 
Holiday youth centers",V,10250.0,63.0,2018,10187.0
"Ośrodki szkoleniowo-wypoczynkowe 
Training-recreational centres",V,122244.0,3899.0,2018,118345.0
"Domy pracy twórczej 
Creative arts centres",V,4583.0,163.0,2018,4420.0
"Zespoły domków turystycznych 
Complexes of tourist cottages",V,32349.0,0.0,2018,32349.0
"Kempingi 
Camping sites",V,19609.0,8414.0,2018,11195.0
"Pola biwakowe  
Tent camp sites",V,5155.0,0.0,2018,5155.0
"Hostele 
Hostels",V,62966.0,16838.0,2018,46128.0
"Zakłady uzdrowiskowe 
Health establishments",V,76328.0,5342.0,2018,70986.0
"Pokoje gościnne 
Rooms for guests",V,60687.0,6631.0,2018,54056.0
"Kwatery agroturystyczne 
Agrotourism lodgings",V,14325.0,580.0,2018,13745.0
"Pozostałe niesklasyfikowane 
Other not classified",V,92416.0,8474.0,2018,83942.0
O G Ó Ł E M                       2017           ,VI,3250518.0,672919.0,2018,2577599.0
T O T A L                            2018            ,VI,3389729.0,685380.0,2018,2704349.0
"Obiekty hotelowe 
Hotels and similar establishments",VI,2451549.0,601122.0,2018,1850427.0
"Hotele 
Hotels",VI,2104405.0,550449.0,2018,1553956.0
"Motele  
Motels",VI,22217.0,0.0,2018,22217.0
"Pensjonaty 
Boarding house",VI,58723.0,0.0,2018,58723.0
"Inne obiekty hotelowe 
Other hotel facilities",VI,266204.0,42590.0,2018,223614.0
"Pozostałe obiekty noclegowe
Other facilities ",VI,938180.0,0.0,2018,938180.0
"Domy wycieczkowe 
Excursion hostels",VI,13072.0,524.0,2018,12548.0
"Schroniska 
Shelters",VI,18672.0,502.0,2018,18170.0
"Schroniska młodzieżowe 
Youth hostels",VI,10502.0,1064.0,2018,9438.0
"Szkolne schroniska młodzieżowe
School youth hostels",VI,44471.0,0.0,2018,44471.0
"Ośrodki wczasowe 
Holiday centres",VI,240117.0,10556.0,2018,229561.0
"Ośrodki kolonijne 
Holiday youth centers",VI,20139.0,193.0,2018,19946.0
"Ośrodki szkoleniowo-wypoczynkowe 
Training-recreational centres",VI,141937.0,3767.0,2018,138170.0
"Domy pracy twórczej 
Creative arts centres",VI,5906.0,284.0,2018,5622.0
"Zespoły domków turystycznych 
Complexes of tourist cottages",VI,55805.0,0.0,2018,55805.0
"Kempingi 
Camping sites",VI,35486.0,15263.0,2018,20223.0
"Pola biwakowe  
Tent camp sites",VI,10535.0,0.0,2018,10535.0
"Hostele 
Hostels",VI,66174.0,20056.0,2018,46118.0
"Zakłady uzdrowiskowe 
Health establishments",VI,79004.0,4470.0,2018,74534.0
"Pokoje gościnne 
Rooms for guests",VI,77610.0,7983.0,2018,69627.0
"Kwatery agroturystyczne 
Agrotourism lodgings",VI,17387.0,810.0,2018,16577.0
"Pozostałe niesklasyfikowane 
Other not classified",VI,101363.0,10034.0,2018,91329.0
O G Ó Ł E M                       2017           ,VII,3755086.0,813694.0,2018,2941392.0
T O T A L                            2018            ,VII,3926772.0,820850.0,2018,3105922.0
"Obiekty hotelowe 
Hotels and similar establishments",VII,2516269.0,686936.0,2018,1829333.0
"Hotele 
Hotels",VII,2105230.0,621219.0,2018,1484011.0
"Motele  
Motels",VII,23286.0,0.0,2018,23286.0
"Pensjonaty 
Boarding house",VII,87210.0,0.0,2018,87210.0
"Inne obiekty hotelowe 
Other hotel facilities",VII,300543.0,53848.0,2018,246695.0
"Pozostałe obiekty noclegowe
Other facilities ",VII,1410503.0,0.0,2018,1410503.0
"Domy wycieczkowe 
Excursion hostels",VII,12139.0,480.0,2018,11659.0
"Schroniska 
Shelters",VII,20957.0,984.0,2018,19973.0
"Schroniska młodzieżowe 
Youth hostels",VII,8500.0,999.0,2018,7501.0
"Szkolne schroniska młodzieżowe
School youth hostels",VII,39733.0,0.0,2018,39733.0
"Ośrodki wczasowe 
Holiday centres",VII,359790.0,13885.0,2018,345905.0
"Ośrodki kolonijne 
Holiday youth centers",VII,34059.0,248.0,2018,33811.0
"Ośrodki szkoleniowo-wypoczynkowe 
Training-recreational centres",VII,149773.0,6136.0,2018,143637.0
"Domy pracy twórczej 
Creative arts centres",VII,6267.0,433.0,2018,5834.0
"Zespoły domków turystycznych 
Complexes of tourist cottages",VII,106569.0,0.0,2018,106569.0
"Kempingi 
Camping sites",VII,119228.0,35406.0,2018,83822.0
"Pola biwakowe  
Tent camp sites",VII,45491.0,0.0,2018,45491.0
"Hostele 
Hostels",VII,74557.0,26578.0,2018,47979.0
"Zakłady uzdrowiskowe 
Health establishments",VII,89516.0,6055.0,2018,83461.0
"Pokoje gościnne 
Rooms for guests",VII,181360.0,12709.0,2018,168651.0
"Kwatery agroturystyczne 
Agrotourism lodgings",VII,26983.0,1115.0,2018,25868.0
"Pozostałe niesklasyfikowane 
Other not classified",VII,135581.0,15703.0,2018,119878.0
O G Ó Ł E M                       2017           ,VIII,3803479.0,818362.0,2018,2985117.0
T O T A L                            2018            ,VIII,4067560.0,830445.0,2018,3237115.0
"Obiekty hotelowe 
Hotels and similar establishments",VIII,2651675.0,705440.0,2018,1946235.0
"Hotele 
Hotels",VIII,2230013.0,642430.0,2018,1587583.0
"Motele  
Motels",VIII,21930.0,0.0,2018,21930.0
"Pensjonaty 
Boarding house",VIII,88558.0,0.0,2018,88558.0
"Inne obiekty hotelowe 
Other hotel facilities",VIII,311174.0,51219.0,2018,259955.0
"Pozostałe obiekty noclegowe
Other facilities ",VIII,1415885.0,0.0,2018,1415885.0
"Domy wycieczkowe 
Excursion hostels",VIII,14091.0,539.0,2018,13552.0
"Schroniska 
Shelters",VIII,23740.0,828.0,2018,22912.0
"Schroniska młodzieżowe 
Youth hostels",VIII,8067.0,1272.0,2018,6795.0
"Szkolne schroniska młodzieżowe
School youth hostels",VIII,36067.0,0.0,2018,36067.0
"Ośrodki wczasowe 
Holiday centres",VIII,355722.0,13548.0,2018,342174.0
"Ośrodki kolonijne 
Holiday youth centers",VIII,34232.0,198.0,2018,34034.0
"Ośrodki szkoleniowo-wypoczynkowe 
Training-recreational centres",VIII,146532.0,4496.0,2018,142036.0
"Domy pracy twórczej 
Creative arts centres",VIII,5355.0,273.0,2018,5082.0
"Zespoły domków turystycznych 
Complexes of tourist cottages",VIII,108819.0,0.0,2018,108819.0
"Kempingi 
Camping sites",VIII,106477.0,29001.0,2018,77476.0
"Pola biwakowe  
Tent camp sites",VIII,56744.0,0.0,2018,56744.0
"Hostele 
Hostels",VIII,80210.0,27319.0,2018,52891.0
"Zakłady uzdrowiskowe 
Health establishments",VIII,89859.0,5382.0,2018,84477.0
"Pokoje gościnne 
Rooms for guests",VIII,182849.0,12762.0,2018,170087.0
"Kwatery agroturystyczne 
Agrotourism lodgings",VIII,27904.0,1080.0,2018,26824.0
"Pozostałe niesklasyfikowane 
Other not classified",VIII,139217.0,13632.0,2018,125585.0
O G Ó Ł E M                       2017           ,IX,3123243.0,691575.0,2018,2431668.0
T O T A L                            2018            ,IX,3267168.0,688886.0,2018,2578282.0
"Obiekty hotelowe 
Hotels and similar establishments",IX,2474166.0,605115.0,2018,1869051.0
"Hotele 
Hotels",IX,2135492.0,554971.0,2018,1580521.0
"Motele  
Motels",IX,20949.0,0.0,2018,20949.0
"Pensjonaty 
Boarding house",IX,63664.0,0.0,2018,63664.0
"Inne obiekty hotelowe 
Other hotel facilities",IX,254061.0,41064.0,2018,212997.0
"Pozostałe obiekty noclegowe
Other facilities ",IX,793002.0,0.0,2018,793002.0
"Domy wycieczkowe 
Excursion hostels",IX,6992.0,554.0,2018,6438.0
"Schroniska 
Shelters",IX,21207.0,493.0,2018,20714.0
"Schroniska młodzieżowe 
Youth hostels",IX,7599.0,1399.0,2018,6200.0
"Szkolne schroniska młodzieżowe
School youth hostels",IX,27708.0,0.0,2018,27708.0
"Ośrodki wczasowe 
Holiday centres",IX,184569.0,13085.0,2018,171484.0
"Ośrodki kolonijne 
Holiday youth centers",IX,8415.0,34.0,2018,8381.0
"Ośrodki szkoleniowo-wypoczynkowe 
Training-recreational centres",IX,112566.0,3949.0,2018,108617.0
"Domy pracy twórczej 
Creative arts centres",IX,4870.0,315.0,2018,4555.0
"Zespoły domków turystycznych 
Complexes of tourist cottages",IX,35539.0,0.0,2018,35539.0
"Kempingi 
Camping sites",IX,18335.0,8106.0,2018,10229.0
"Pola biwakowe  
Tent camp sites",IX,4999.0,0.0,2018,4999.0
"Hostele 
Hostels",IX,71250.0,22289.0,2018,48961.0
"Zakłady uzdrowiskowe 
Health establishments",IX,82274.0,7078.0,2018,75196.0
"Pokoje gościnne 
Rooms for guests",IX,79513.0,8709.0,2018,70804.0
"Kwatery agroturystyczne 
Agrotourism lodgings",IX,15805.0,554.0,2018,15251.0
"Pozostałe niesklasyfikowane 
Other not classified",IX,111361.0,10732.0,2018,100629.0
O G Ó Ł E M                       2017           ,X,2671256.0,599323.0,2018,2071933.0
T O T A L                            2018            ,X,2863790.0,628713.0,2018,2235077.0
"Obiekty hotelowe 
Hotels and similar establishments",X,2317452.0,564905.0,2018,1752547.0
"Hotele 
Hotels",X,2022345.0,517338.0,2018,1505007.0
"Motele  
Motels",X,20509.0,0.0,2018,20509.0
"Pensjonaty 
Boarding house",X,45831.0,0.0,2018,45831.0
"Inne obiekty hotelowe 
Other hotel facilities",X,228767.0,40028.0,2018,188739.0
"Pozostałe obiekty noclegowe
Other facilities ",X,546338.0,0.0,2018,546338.0
"Domy wycieczkowe 
Excursion hostels",X,7248.0,755.0,2018,6493.0
"Schroniska 
Shelters",X,14863.0,587.0,2018,14276.0
"Schroniska młodzieżowe 
Youth hostels",X,8320.0,1646.0,2018,6674.0
"Szkolne schroniska młodzieżowe
School youth hostels",X,27010.0,0.0,2018,27010.0
"Ośrodki wczasowe 
Holiday centres",X,87586.0,9293.0,2018,78293.0
"Ośrodki kolonijne 
Holiday youth centers",X,5784.0,201.0,2018,5583.0
"Ośrodki szkoleniowo-wypoczynkowe 
Training-recreational centres",X,85907.0,2738.0,2018,83169.0
"Domy pracy twórczej 
Creative arts centres",X,3347.0,104.0,2018,3243.0
"Zespoły domków turystycznych 
Complexes of tourist cottages",X,10378.0,0.0,2018,10378.0
"Kempingi 
Camping sites",X,3098.0,1162.0,2018,1936.0
"Pola biwakowe  
Tent camp sites",X,550.0,0.0,2018,550.0
"Hostele 
Hostels",X,67915.0,21345.0,2018,46570.0
"Zakłady uzdrowiskowe 
Health establishments",X,77429.0,4293.0,2018,73136.0
"Pokoje gościnne 
Rooms for guests",X,54346.0,7726.0,2018,46620.0
"Kwatery agroturystyczne 
Agrotourism lodgings",X,8878.0,521.0,2018,8357.0
"Pozostałe niesklasyfikowane 
Other not classified",X,83679.0,8508.0,2018,75171.0
O G Ó Ł E M                       2017           ,XI,2273641.0,479787.0,2018,1793854.0
T O T A L                            2018            ,XI,2436125.0,501565.0,2018,1934560.0
"Obiekty hotelowe 
Hotels and similar establishments",XI,2023192.0,453488.0,2018,1569704.0
"Hotele 
Hotels",XI,1785950.0,417018.0,2018,1368932.0
"Motele  
Motels",XI,18615.0,0.0,2018,18615.0
"Pensjonaty 
Boarding house",XI,32527.0,0.0,2018,32527.0
"Inne obiekty hotelowe 
Other hotel facilities",XI,186100.0,30616.0,2018,155484.0
"Pozostałe obiekty noclegowe
Other facilities ",XI,412933.0,0.0,2018,412933.0
"Domy wycieczkowe 
Excursion hostels",XI,6154.0,560.0,2018,5594.0
"Schroniska 
Shelters",XI,9907.0,149.0,2018,9758.0
"Schroniska młodzieżowe 
Youth hostels",XI,5354.0,1249.0,2018,4105.0
"Szkolne schroniska młodzieżowe
School youth hostels",XI,20542.0,0.0,2018,20542.0
"Ośrodki wczasowe 
Holiday centres",XI,56966.0,5177.0,2018,51789.0
"Ośrodki kolonijne 
Holiday youth centers",XI,3290.0,266.0,2018,3024.0
"Ośrodki szkoleniowo-wypoczynkowe 
Training-recreational centres",XI,61147.0,2984.0,2018,58163.0
"Domy pracy twórczej 
Creative arts centres",XI,2724.0,130.0,2018,2594.0
"Zespoły domków turystycznych 
Complexes of tourist cottages",XI,5965.0,0.0,2018,5965.0
"Kempingi 
Camping sites",XI,1135.0,260.0,2018,875.0
"Pola biwakowe  
Tent camp sites",XI,131.0,0.0,2018,131.0
"Hostele 
Hostels",XI,58198.0,18786.0,2018,39412.0
"Zakłady uzdrowiskowe 
Health establishments",XI,65957.0,2226.0,2018,63731.0
"Pokoje gościnne 
Rooms for guests",XI,42212.0,4376.0,2018,37836.0
"Kwatery agroturystyczne 
Agrotourism lodgings",XI,6744.0,519.0,2018,6225.0
"Pozostałe niesklasyfikowane 
Other not classified",XI,66507.0,7621.0,2018,58886.0
O G Ó Ł E M                       2017           ,XII,2116904.0,463935.0,2018,1652969.0
T O T A L                            2018            ,XII,2194190.0,478046.0,2018,1716144.0
"Obiekty hotelowe 
Hotels and similar establishments",XII,1808661.0,431223.0,2018,1377438.0
"Hotele 
Hotels",XII,1584259.0,395065.0,2018,1189194.0
"Motele  
Motels",XII,16345.0,0.0,2018,16345.0
"Pensjonaty 
Boarding house",XII,35294.0,0.0,2018,35294.0
"Inne obiekty hotelowe 
Other hotel facilities",XII,172763.0,30185.0,2018,142578.0
"Pozostałe obiekty noclegowe
Other facilities ",XII,385529.0,0.0,2018,385529.0
"Domy wycieczkowe 
Excursion hostels",XII,6503.0,286.0,2018,6217.0
"Schroniska 
Shelters",XII,10549.0,100.0,2018,10449.0
"Schroniska młodzieżowe 
Youth hostels",XII,4550.0,953.0,2018,3597.0
"Szkolne schroniska młodzieżowe
School youth hostels",XII,15407.0,0.0,2018,15407.0
"Ośrodki wczasowe 
Holiday centres",XII,61113.0,5782.0,2018,55331.0
"Ośrodki kolonijne 
Holiday youth centers",XII,1714.0,107.0,2018,1607.0
"Ośrodki szkoleniowo-wypoczynkowe 
Training-recreational centres",XII,54553.0,2206.0,2018,52347.0
"Domy pracy twórczej 
Creative arts centres",XII,2182.0,79.0,2018,2103.0
"Zespoły domków turystycznych 
Complexes of tourist cottages",XII,5283.0,0.0,2018,5283.0
"Kempingi 
Camping sites",XII,910.0,126.0,2018,784.0
"Pola biwakowe  
Tent camp sites",XII,125.0,0.0,2018,125.0
"Hostele 
Hostels",XII,55722.0,18445.0,2018,37277.0
"Zakłady uzdrowiskowe 
Health establishments",XII,53153.0,3336.0,2018,49817.0
"Pokoje gościnne 
Rooms for guests",XII,49179.0,5973.0,2018,43206.0
"Kwatery agroturystyczne 
Agrotourism lodgings",XII,8482.0,512.0,2018,7970.0
"Pozostałe niesklasyfikowane 
Other not classified",XII,56104.0,6474.0,2018,49630.0
O G Ó Ł E M                       2021           ,I,213149.0,0.0,2022,213149.0
T O T A L                            2022         ,I,1733979.0,0.0,2022,1733979.0
"Obiekty hotelowe 
Hotels and similar establishments",I,1414547.0,179821.0,2022,1234726.0
"Hotele 
Hotels",I,1230617.0,165307.0,2022,1065310.0
"Motele  
Motels",I,8592.0,0.0,2022,8592.0
"Pensjonaty 
Boarding house",I,35357.0,0.0,2022,35357.0
"Inne obiekty hotelowe 
Other hotel establishments",I,139981.0,11668.0,2022,128313.0
"Pozostałe obiekty noclegowe
Other establishments ",I,319432.0,0.0,2022,319432.0
"Domy wycieczkowe 
Excursion hostels",I,3242.0,67.0,2022,3175.0
"Schroniska 
Shelters",I,12495.0,67.0,2022,12428.0
"Schroniska młodzieżowe 
Youth shelters",I,1808.0,232.0,2022,1576.0
"Szkolne schroniska młodzieżowe
School youth shelters",I,9214.0,0.0,2022,9214.0
"Ośrodki wczasowe 
Holiday centres",I,69971.0,2041.0,2022,67930.0
"Ośrodki kolonijne 
Holiday youth centres",I,1996.0,11.0,2022,1985.0
"Ośrodki szkoleniowo-wypoczynkowe 
Training-recreational centres",I,38555.0,1123.0,2022,37432.0
"Domy pracy twórczej 
Creative arts centres",I,1497.0,21.0,2022,1476.0
"Zespoły domków turystycznych 
Complexes of tourist cottages",I,5060.0,0.0,2022,5060.0
"Kempingi 
Camping sites",I,550.0,53.0,2022,497.0
"Pola biwakowe  
Tent camp sites",I,50.0,0.0,2022,50.0
"Hostele 
Hostels",I,33128.0,9953.0,2022,23175.0
"Zakłady uzdrowiskowe 
Health establishments",I,57382.0,902.0,2022,56480.0
"Pokoje gościnne 
Rooms for guests",I,49626.0,2597.0,2022,47029.0
"Kwatery agroturystyczne 
Agrotourism lodgings",I,5943.0,282.0,2022,5661.0
"Pozostałe niesklasyfikowane 
Other not classified",I,28915.0,2226.0,2022,26689.0
O G Ó Ł E M                       2021           ,II,697443.0,0.0,2022,697443.0
T O T A L                            2022         ,II,1976996.0,0.0,2022,1976996.0
"Obiekty hotelowe 
Hotels and similar establishments",II,1636606.0,246891.0,2022,1389715.0
"Hotele 
Hotels",II,1429564.0,225676.0,2022,1203888.0
"Motele  
Motels",II,11095.0,0.0,2022,11095.0
"Pensjonaty 
Boarding house",II,40589.0,0.0,2022,40589.0
"Inne obiekty hotelowe 
Other hotel establishments",II,155358.0,17375.0,2022,137983.0
"Pozostałe obiekty noclegowe
Other establishments ",II,340390.0,0.0,2022,340390.0
"Domy wycieczkowe 
Excursion hostels",II,3819.0,176.0,2022,3643.0
"Schroniska 
Shelters",II,11900.0,110.0,2022,11790.0
"Schroniska młodzieżowe 
Youth shelters",II,2614.0,399.0,2022,2215.0
"Szkolne schroniska młodzieżowe
School youth shelters",II,11880.0,0.0,2022,11880.0
"Ośrodki wczasowe 
Holiday centres",II,78747.0,2811.0,2022,75936.0
"Ośrodki kolonijne 
Holiday youth centres",II,2172.0,10.0,2022,2162.0
"Ośrodki szkoleniowo-wypoczynkowe 
Training-recreational centres",II,45499.0,1956.0,2022,43543.0
"Domy pracy twórczej 
Creative arts centres",II,1124.0,29.0,2022,1095.0
"Zespoły domków turystycznych 
Complexes of tourist cottages",II,4041.0,0.0,2022,4041.0
"Kempingi 
Camping sites",II,943.0,47.0,2022,896.0
"Pola biwakowe  
Tent camp sites",II,28.0,0.0,2022,28.0
"Hostele 
Hostels",II,36436.0,10714.0,2022,25722.0
"Zakłady uzdrowiskowe 
Health establishments",II,48518.0,1194.0,2022,47324.0
"Pokoje gościnne 
Rooms for guests",II,54342.0,3372.0,2022,50970.0
"Kwatery agroturystyczne 
Agrotourism lodgings",II,6162.0,273.0,2022,5889.0
"Pozostałe niesklasyfikowane 
Other not classified",II,32165.0,2693.0,2022,29472.0
O G Ó Ł E M                       2021           ,III,651958.0,0.0,2022,651958.0
T O T A L                            2022         ,III,2233197.0,0.0,2022,2233197.0
"Obiekty hotelowe 
Hotels and similar establishments",III,1934447.0,423233.0,2022,1511214.0
"Hotele 
Hotels",III,1721122.0,391407.0,2022,1329715.0
"Motele  
Motels",III,14558.0,0.0,2022,14558.0
"Pensjonaty 
Boarding house",III,28849.0,0.0,2022,28849.0
"Inne obiekty hotelowe 
Other hotel establishments",III,169918.0,27607.0,2022,142311.0
"Pozostałe obiekty noclegowe
Other establishments ",III,298750.0,0.0,2022,298750.0
"Domy wycieczkowe 
Excursion hostels",III,2339.0,249.0,2022,2090.0
"Schroniska 
Shelters",III,10705.0,159.0,2022,10546.0
"Schroniska młodzieżowe 
Youth shelters",III,2253.0,721.0,2022,1532.0
"Szkolne schroniska młodzieżowe
School youth shelters",III,8382.0,0.0,2022,8382.0
"Ośrodki wczasowe 
Holiday centres",III,55787.0,3131.0,2022,52656.0
"Ośrodki kolonijne 
Holiday youth centres",III,1331.0,5.0,2022,1326.0
"Ośrodki szkoleniowo-wypoczynkowe 
Training-recreational centres",III,34024.0,2109.0,2022,31915.0
"Domy pracy twórczej 
Creative arts centres",III,1297.0,23.0,2022,1274.0
"Zespoły domków turystycznych 
Complexes of tourist cottages",III,3669.0,0.0,2022,3669.0
"Kempingi 
Camping sites",III,1364.0,146.0,2022,1218.0
"Pola biwakowe  
Tent camp sites",III,210.0,0.0,2022,210.0
"Hostele 
Hostels",III,43345.0,14055.0,2022,29290.0
"Zakłady uzdrowiskowe 
Health establishments",III,58822.0,2016.0,2022,56806.0
"Pokoje gościnne 
Rooms for guests",III,37520.0,4251.0,2022,33269.0
"Kwatery agroturystyczne 
Agrotourism lodgings",III,5075.0,200.0,2022,4875.0
"Pozostałe niesklasyfikowane 
Other not classified",III,32627.0,3737.0,2022,28890.0
O G Ó Ł E M                       2021           ,IV,379809.0,0.0,2022,379809.0
T O T A L                            2022         ,IV,2378446.0,0.0,2022,2378446.0
"Obiekty hotelowe 
Hotels and similar establishments",IV,2026968.0,388431.0,2022,1638537.0
"Hotele 
Hotels",IV,1800273.0,357812.0,2022,1442461.0
"Motele  
Motels",IV,13497.0,0.0,2022,13497.0
"Pensjonaty 
Boarding house",IV,32562.0,0.0,2022,32562.0
"Inne obiekty hotelowe 
Other hotel establishments",IV,180636.0,26131.0,2022,154505.0
"Pozostałe obiekty noclegowe
Other establishments ",IV,351478.0,0.0,2022,351478.0
"Domy wycieczkowe 
Excursion hostels",IV,1931.0,303.0,2022,1628.0
"Schroniska 
Shelters",IV,11638.0,157.0,2022,11481.0
"Schroniska młodzieżowe 
Youth shelters",IV,2890.0,798.0,2022,2092.0
"Szkolne schroniska młodzieżowe
School youth shelters",IV,8158.0,0.0,2022,8158.0
"Ośrodki wczasowe 
Holiday centres",IV,78859.0,4716.0,2022,74143.0
"Ośrodki kolonijne 
Holiday youth centres",IV,1600.0,5.0,2022,1595.0
"Ośrodki szkoleniowo-wypoczynkowe 
Training-recreational centres",IV,39620.0,2327.0,2022,37293.0
"Domy pracy twórczej 
Creative arts centres",IV,2552.0,45.0,2022,2507.0
"Zespoły domków turystycznych 
Complexes of tourist cottages",IV,7515.0,0.0,2022,7515.0
"Kempingi 
Camping sites",IV,2322.0,405.0,2022,1917.0
"Pola biwakowe  
Tent camp sites",IV,1787.0,0.0,2022,1787.0
"Hostele 
Hostels",IV,46968.0,12412.0,2022,34556.0
"Zakłady uzdrowiskowe 
Health establishments",IV,61666.0,2242.0,2022,59424.0
"Pokoje gościnne 
Rooms for guests",IV,43285.0,5010.0,2022,38275.0
"Kwatery agroturystyczne 
Agrotourism lodgings",IV,7101.0,350.0,2022,6751.0
"Pozostałe niesklasyfikowane 
Other not classified",IV,33586.0,4234.0,2022,29352.0
O G Ó Ł E M                       2021           ,V,1101217.0,0.0,2022,1101217.0
T O T A L                            2022         ,V,2876125.0,0.0,2022,2876125.0
"Obiekty hotelowe 
Hotels and similar establishments",V,2316496.0,419167.0,2022,1897329.0
"Hotele 
Hotels",V,2030657.0,383908.0,2022,1646749.0
"Motele  
Motels",V,16019.0,0.0,2022,16019.0
"Pensjonaty 
Boarding house",V,45807.0,0.0,2022,45807.0
"Inne obiekty hotelowe 
Other hotel establishments",V,224013.0,29343.0,2022,194670.0
"Pozostałe obiekty noclegowe
Other establishments ",V,559629.0,0.0,2022,559629.0
"Domy wycieczkowe 
Excursion hostels",V,3889.0,347.0,2022,3542.0
"Schroniska 
Shelters",V,18106.0,285.0,2022,17821.0
"Schroniska młodzieżowe 
Youth shelters",V,4734.0,980.0,2022,3754.0
"Szkolne schroniska młodzieżowe
School youth shelters",V,12630.0,0.0,2022,12630.0
"Ośrodki wczasowe 
Holiday centres",V,149331.0,5154.0,2022,144177.0
"Ośrodki kolonijne 
Holiday youth centres",V,8647.0,12.0,2022,8635.0
"Ośrodki szkoleniowo-wypoczynkowe 
Training-recreational centres",V,75175.0,3142.0,2022,72033.0
"Domy pracy twórczej 
Creative arts centres",V,3928.0,108.0,2022,3820.0
"Zespoły domków turystycznych 
Complexes of tourist cottages",V,27070.0,0.0,2022,27070.0
"Kempingi 
Camping sites",V,11273.0,2323.0,2022,8950.0
"Pola biwakowe  
Tent camp sites",V,2110.0,0.0,2022,2110.0
"Hostele 
Hostels",V,60111.0,12424.0,2022,47687.0
"Zakłady uzdrowiskowe 
Health establishments",V,65965.0,2852.0,2022,63113.0
"Pokoje gościnne 
Rooms for guests",V,56847.0,4660.0,2022,52187.0
"Kwatery agroturystyczne 
Agrotourism lodgings",V,11890.0,659.0,2022,11231.0
"Pozostałe niesklasyfikowane 
Other not classified",V,47923.0,5266.0,2022,42657.0
O G Ó Ł E M                       2021           ,VI,2252173.0,0.0,2022,2252173.0
T O T A L                            2022         ,VI,3475155.0,0.0,2022,3475155.0
"Obiekty hotelowe 
Hotels and similar establishments",VI,2623000.0,460765.0,2022,2162235.0
"Hotele 
Hotels",VI,2268620.0,419441.0,2022,1849179.0
"Motele  
Motels",VI,17421.0,0.0,2022,17421.0
"Pensjonaty 
Boarding house",VI,59301.0,0.0,2022,59301.0
"Inne obiekty hotelowe 
Other hotel establishments",VI,277658.0,34277.0,2022,243381.0
"Pozostałe obiekty noclegowe
Other establishments ",VI,852155.0,0.0,2022,852155.0
"Domy wycieczkowe 
Excursion hostels",VI,5768.0,600.0,2022,5168.0
"Schroniska 
Shelters",VI,21495.0,353.0,2022,21142.0
"Schroniska młodzieżowe 
Youth shelters",VI,4997.0,1048.0,2022,3949.0
"Szkolne schroniska młodzieżowe
School youth shelters",VI,18619.0,0.0,2022,18619.0
"Ośrodki wczasowe 
Holiday centres",VI,257339.0,6959.0,2022,250380.0
"Ośrodki kolonijne 
Holiday youth centres",VI,11904.0,8.0,2022,11896.0
"Ośrodki szkoleniowo-wypoczynkowe 
Training-recreational centres",VI,113916.0,2444.0,2022,111472.0
"Domy pracy twórczej 
Creative arts centres",VI,6096.0,145.0,2022,5951.0
"Zespoły domków turystycznych 
Complexes of tourist cottages",VI,53431.0,0.0,2022,53431.0
"Kempingi 
Camping sites",VI,36473.0,6448.0,2022,30025.0
"Pola biwakowe  
Tent camp sites",VI,13797.0,0.0,2022,13797.0
"Hostele 
Hostels",VI,66031.0,13748.0,2022,52283.0
"Zakłady uzdrowiskowe 
Health establishments",VI,82897.0,3252.0,2022,79645.0
"Pokoje gościnne 
Rooms for guests",VI,85726.0,6209.0,2022,79517.0
"Kwatery agroturystyczne 
Agrotourism lodgings",VI,16199.0,629.0,2022,15570.0
"Pozostałe niesklasyfikowane 
Other not classified",VI,57467.0,5365.0,2022,52102.0
O G Ó Ł E M                       2021           ,VII,3592764.0,0.0,2022,3592764.0
T O T A L                            2022         ,VII,4018542.0,0.0,2022,4018542.0
"Obiekty hotelowe 
Hotels and similar establishments",VII,2772622.0,582549.0,2022,2190073.0
"Hotele 
Hotels",VII,2357834.0,527798.0,2022,1830036.0
"Motele  
Motels",VII,19430.0,0.0,2022,19430.0
"Pensjonaty 
Boarding house",VII,78071.0,0.0,2022,78071.0
"Inne obiekty hotelowe 
Other hotel establishments",VII,317287.0,44935.0,2022,272352.0
"Pozostałe obiekty noclegowe
Other establishments ",VII,1245920.0,0.0,2022,1245920.0
"Domy wycieczkowe 
Excursion hostels",VII,7124.0,449.0,2022,6675.0
"Schroniska 
Shelters",VII,22246.0,789.0,2022,21457.0
"Schroniska młodzieżowe 
Youth shelters",VII,4888.0,1197.0,2022,3691.0
"Szkolne schroniska młodzieżowe
School youth shelters",VII,22779.0,0.0,2022,22779.0
"Ośrodki wczasowe 
Holiday centres",VII,369137.0,11383.0,2022,357754.0
"Ośrodki kolonijne 
Holiday youth centres",VII,26664.0,170.0,2022,26494.0
"Ośrodki szkoleniowo-wypoczynkowe 
Training-recreational centres",VII,128929.0,5069.0,2022,123860.0
"Domy pracy twórczej 
Creative arts centres",VII,6732.0,198.0,2022,6534.0
"Zespoły domków turystycznych 
Complexes of tourist cottages",VII,109533.0,0.0,2022,109533.0
"Kempingi 
Camping sites",VII,85019.0,15700.0,2022,69319.0
"Pola biwakowe  
Tent camp sites",VII,43414.0,0.0,2022,43414.0
"Hostele 
Hostels",VII,66207.0,19621.0,2022,46586.0
"Zakłady uzdrowiskowe 
Health establishments",VII,85840.0,4916.0,2022,80924.0
"Pokoje gościnne 
Rooms for guests",VII,162226.0,9764.0,2022,152462.0
"Kwatery agroturystyczne 
Agrotourism lodgings",VII,22979.0,695.0,2022,22284.0
"Pozostałe niesklasyfikowane 
Other not classified",VII,82203.0,10286.0,2022,71917.0
O G Ó Ł E M                       2021           ,VIII,3854142.0,0.0,2022,3854142.0
T O T A L                            2022         ,VIII,4162095.0,0.0,2022,4162095.0
"Obiekty hotelowe 
Hotels and similar establishments",VIII,2906470.0,588249.0,2022,2318221.0
"Hotele 
Hotels",VIII,2473171.0,528799.0,2022,1944372.0
"Motele  
Motels",VIII,22527.0,0.0,2022,22527.0
"Pensjonaty 
Boarding house",VIII,83788.0,0.0,2022,83788.0
"Inne obiekty hotelowe 
Other hotel establishments",VIII,326984.0,47991.0,2022,278993.0
"Pozostałe obiekty noclegowe
Other establishments ",VIII,1255625.0,0.0,2022,1255625.0
"Domy wycieczkowe 
Excursion hostels",VIII,6994.0,472.0,2022,6522.0
"Schroniska 
Shelters",VIII,23842.0,901.0,2022,22941.0
"Schroniska młodzieżowe 
Youth shelters",VIII,4888.0,1151.0,2022,3737.0
"Szkolne schroniska młodzieżowe
School youth shelters",VIII,23771.0,0.0,2022,23771.0
"Ośrodki wczasowe 
Holiday centres",VIII,374241.0,13238.0,2022,361003.0
"Ośrodki kolonijne 
Holiday youth centres",VIII,21197.0,147.0,2022,21050.0
"Ośrodki szkoleniowo-wypoczynkowe 
Training-recreational centres",VIII,129868.0,5005.0,2022,124863.0
"Domy pracy twórczej 
Creative arts centres",VIII,6859.0,129.0,2022,6730.0
"Zespoły domków turystycznych 
Complexes of tourist cottages",VIII,103219.0,0.0,2022,103219.0
"Kempingi 
Camping sites",VIII,80120.0,16499.0,2022,63621.0
"Pola biwakowe  
Tent camp sites",VIII,36921.0,0.0,2022,36921.0
"Hostele 
Hostels",VIII,68740.0,21004.0,2022,47736.0
"Zakłady uzdrowiskowe 
Health establishments",VIII,95211.0,5232.0,2022,89979.0
"Pokoje gościnne 
Rooms for guests",VIII,172650.0,10266.0,2022,162384.0
"Kwatery agroturystyczne 
Agrotourism lodgings",VIII,24628.0,912.0,2022,23716.0
"Pozostałe niesklasyfikowane 
Other not classified",VIII,82476.0,9570.0,2022,72906.0
O G Ó Ł E M                       2021           ,IX,2994328.0,0.0,2022,2994328.0
T O T A L                            2022         ,IX,3371838.0,0.0,2022,3371838.0
"Obiekty hotelowe 
Hotels and similar establishments",IX,2703234.0,526851.0,2022,2176383.0
"Hotele 
Hotels",IX,2366260.0,482673.0,2022,1883587.0
"Motele  
Motels",IX,19296.0,0.0,2022,19296.0
"Pensjonaty 
Boarding house",IX,59775.0,0.0,2022,59775.0
"Inne obiekty hotelowe 
Other hotel establishments",IX,257903.0,36585.0,2022,221318.0
"Pozostałe obiekty noclegowe
Other establishments ",IX,668604.0,0.0,2022,668604.0
"Domy wycieczkowe 
Excursion hostels",IX,4604.0,353.0,2022,4251.0
"Schroniska 
Shelters",IX,19429.0,554.0,2022,18875.0
"Schroniska młodzieżowe 
Youth shelters",IX,5357.0,1260.0,2022,4097.0
"Szkolne schroniska młodzieżowe
School youth shelters",IX,14799.0,0.0,2022,14799.0
"Ośrodki wczasowe 
Holiday centres",IX,177097.0,6826.0,2022,170271.0
"Ośrodki kolonijne 
Holiday youth centres",IX,6033.0,21.0,2022,6012.0
"Ośrodki szkoleniowo-wypoczynkowe 
Training-recreational centres",IX,98513.0,3661.0,2022,94852.0
"Domy pracy twórczej 
Creative arts centres",IX,6052.0,241.0,2022,5811.0
"Zespoły domków turystycznych 
Complexes of tourist cottages",IX,29048.0,0.0,2022,29048.0
"Kempingi 
Camping sites",IX,15419.0,4984.0,2022,10435.0
"Pola biwakowe  
Tent camp sites",IX,2985.0,0.0,2022,2985.0
"Hostele 
Hostels",IX,61279.0,17634.0,2022,43645.0
"Zakłady uzdrowiskowe 
Health establishments",IX,78558.0,3971.0,2022,74587.0
"Pokoje gościnne 
Rooms for guests",IX,75506.0,6786.0,2022,68720.0
"Kwatery agroturystyczne 
Agrotourism lodgings",IX,11435.0,747.0,2022,10688.0
"Pozostałe niesklasyfikowane 
Other not classified",IX,62490.0,8724.0,2022,53766.0
O G Ó Ł E M                       2021           ,X,2661755.0,0.0,2022,2661755.0
T O T A L                            2022         ,X,3122519.0,0.0,2022,3122519.0
"Obiekty hotelowe 
Hotels and similar establishments",X,2614352.0,539139.0,2022,2075213.0
"Hotele 
Hotels",X,2312187.0,492636.0,2022,1819551.0
"Motele  
Motels",X,16357.0,0.0,2022,16357.0
"Pensjonaty 
Boarding house",X,48508.0,0.0,2022,48508.0
"Inne obiekty hotelowe 
Other hotel establishments",X,237300.0,39265.0,2022,198035.0
"Pozostałe obiekty noclegowe
Other establishments ",X,508167.0,0.0,2022,508167.0
"Domy wycieczkowe 
Excursion hostels",X,3341.0,351.0,2022,2990.0
"Schroniska 
Shelters",X,18574.0,498.0,2022,18076.0
"Schroniska młodzieżowe 
Youth shelters",X,5687.0,1094.0,2022,4593.0
"Szkolne schroniska młodzieżowe
School youth shelters",X,17135.0,0.0,2022,17135.0
"Ośrodki wczasowe 
Holiday centres",X,101663.0,7777.0,2022,93886.0
"Ośrodki kolonijne 
Holiday youth centres",X,1189.0,7.0,2022,1182.0
"Ośrodki szkoleniowo-wypoczynkowe 
Training-recreational centres",X,73060.0,3338.0,2022,69722.0
"Domy pracy twórczej 
Creative arts centres",X,3068.0,113.0,2022,2955.0
"Zespoły domków turystycznych 
Complexes of tourist cottages",X,10916.0,0.0,2022,10916.0
"Kempingi 
Camping sites",X,3822.0,893.0,2022,2929.0
"Pola biwakowe  
Tent camp sites",X,1070.0,0.0,2022,1070.0
"Hostele 
Hostels",X,65392.0,19971.0,2022,45421.0
"Zakłady uzdrowiskowe 
Health establishments",X,85362.0,4084.0,2022,81278.0
"Pokoje gościnne 
Rooms for guests",X,61600.0,7588.0,2022,54012.0
"Kwatery agroturystyczne 
Agrotourism lodgings",X,7679.0,484.0,2022,7195.0
"Pozostałe niesklasyfikowane 
Other not classified",X,48609.0,6582.0,2022,42027.0
O G Ó Ł E M                       2021           ,XI,2016846.0,0.0,2022,2016846.0
T O T A L                            2022         ,XI,2533348.0,0.0,2022,2533348.0
"Obiekty hotelowe 
Hotels and similar establishments",XI,2173335.0,439279.0,2022,1734056.0
"Hotele 
Hotels",XI,1949759.0,406841.0,2022,1542918.0
"Motele  
Motels",XI,15663.0,0.0,2022,15663.0
"Pensjonaty 
Boarding house",XI,31247.0,0.0,2022,31247.0
"Inne obiekty hotelowe 
Other hotel establishments",XI,176666.0,27857.0,2022,148809.0
"Pozostałe obiekty noclegowe
Other establishments ",XI,360013.0,0.0,2022,360013.0
"Domy wycieczkowe 
Excursion hostels",XI,2081.0,208.0,2022,1873.0
"Schroniska 
Shelters",XI,10853.0,257.0,2022,10596.0
"Schroniska młodzieżowe 
Youth shelters",XI,5090.0,880.0,2022,4210.0
"Szkolne schroniska młodzieżowe
School youth shelters",XI,12741.0,0.0,2022,12741.0
"Ośrodki wczasowe 
Holiday centres",XI,60521.0,3526.0,2022,56995.0
"Ośrodki kolonijne 
Holiday youth centres",XI,598.0,8.0,2022,590.0
"Ośrodki szkoleniowo-wypoczynkowe 
Training-recreational centres",XI,48261.0,2080.0,2022,46181.0
"Domy pracy twórczej 
Creative arts centres",XI,1928.0,82.0,2022,1846.0
"Zespoły domków turystycznych 
Complexes of tourist cottages",XI,6175.0,0.0,2022,6175.0
"Kempingi 
Camping sites",XI,1018.0,238.0,2022,780.0
"Pola biwakowe  
Tent camp sites",XI,216.0,0.0,2022,216.0
"Hostele 
Hostels",XI,56590.0,16887.0,2022,39703.0
"Zakłady uzdrowiskowe 
Health establishments",XI,64861.0,1758.0,2022,63103.0
"Pokoje gościnne 
Rooms for guests",XI,45377.0,5222.0,2022,40155.0
"Kwatery agroturystyczne 
Agrotourism lodgings",XI,4748.0,259.0,2022,4489.0
"Pozostałe niesklasyfikowane 
Other not classified",XI,38955.0,4878.0,2022,34077.0
O G Ó Ł E M                       2021           ,XII,1783388.0,0.0,2022,1783388.0
T O T A L                            2022         ,XII,2366764.0,0.0,2022,2366764.0
"Obiekty hotelowe 
Hotels and similar establishments",XII,2053227.0,473970.0,2022,1579257.0
"Hotele 
Hotels",XII,1840113.0,438044.0,2022,1402069.0
"Motele  
Motels",XII,11709.0,0.0,2022,11709.0
"Pensjonaty 
Boarding house",XII,34499.0,0.0,2022,34499.0
"Inne obiekty hotelowe 
Other hotel establishments",XII,166906.0,30467.0,2022,136439.0
"Pozostałe obiekty noclegowe
Other establishments ",XII,313537.0,0.0,2022,313537.0
"Domy wycieczkowe 
Excursion hostels",XII,1925.0,229.0,2022,1696.0
"Schroniska 
Shelters",XII,9063.0,96.0,2022,8967.0
"Schroniska młodzieżowe 
Youth shelters",XII,3226.0,767.0,2022,2459.0
"Szkolne schroniska młodzieżowe
School youth shelters",XII,9191.0,0.0,2022,9191.0
"Ośrodki wczasowe 
Holiday centres",XII,53329.0,3521.0,2022,49808.0
"Ośrodki kolonijne 
Holiday youth centres",XII,481.0,46.0,2022,435.0
"Ośrodki szkoleniowo-wypoczynkowe 
Training-recreational centres",XII,39449.0,2995.0,2022,36454.0
"Domy pracy twórczej 
Creative arts centres",XII,2186.0,63.0,2022,2123.0
"Zespoły domków turystycznych 
Complexes of tourist cottages",XII,6461.0,0.0,2022,6461.0
"Kempingi 
Camping sites",XII,664.0,149.0,2022,515.0
"Pola biwakowe  
Tent camp sites",XII,189.0,0.0,2022,189.0
"Hostele 
Hostels",XII,55402.0,19935.0,2022,35467.0
"Zakłady uzdrowiskowe 
Health establishments",XII,47786.0,2280.0,2022,45506.0
"Pokoje gościnne 
Rooms for guests",XII,46894.0,6119.0,2022,40775.0
"Kwatery agroturystyczne 
Agrotourism lodgings",XII,4531.0,279.0,2022,4252.0
"Pozostałe niesklasyfikowane 
Other not classified",XII,32760.0,5483.0,2022,27277.0
O G Ó Ł E  M                     2015              A,I,1518140.0,0.0,2016,1518140.0
T O T A L                           2016               A,I,1650237.0,0.0,2016,1650237.0
B ,I,1712855.0,0.0,2016,1712855.0
"Obiekty hotelowe 
Hotels and similar establishments",I,1365103.0,299678.0,2016,1065425.0
"Hotele 
Hotels",I,1191631.0,278165.0,2016,913466.0
"Motele  
Motels",I,16821.0,0.0,2016,16821.0
"Pensjonaty 
Boarding house",I,31622.0,0.0,2016,31622.0
"Inne obiekty hotelowe 
Other hotel facilities",I,125029.0,16386.0,2016,108643.0
"Pozostałe obiekty noclegowe
Other facilities ",I,347752.0,0.0,2016,347752.0
"Domy wycieczkowe 
Excursion hostels",I,5445.0,295.0,2016,5150.0
"Schroniska 
Shelters",I,8267.0,108.0,2016,8159.0
"Schroniska młodzieżowe 
Youth hostels",I,3820.0,482.0,2016,3338.0
"Szkolne schroniska młodzieżowe
School youth hostels",I,18378.0,0.0,2016,18378.0
"Ośrodki wczasowe 
Holiday centres",I,65281.0,4625.0,2016,60656.0
"Ośrodki kolonijne 
Holiday youth centers",I,3394.0,52.0,2016,3342.0
"Ośrodki szkoleniowo-wypoczynkowe 
Training-recreational centres",I,46461.0,2816.0,2016,43645.0
"Domy pracy twórczej 
Creative arts centres",I,2064.0,27.0,2016,2037.0
"Zespoły domków turystycznych 
Complexes of tourist cottages",I,3851.0,0.0,2016,3851.0
"Kempingi 
Camping sites",I,456.0,87.0,2016,369.0
"Pola biwakowe  
Tent camp sites",I,0.0,0.0,2016,0.0
"Hostele 
Hostels",I,36825.0,11495.0,2016,25330.0
"Zakłady uzdrowiskowe 
Health establishments",I,61031.0,2117.0,2016,58914.0
"Pokoje gościnne 
Rooms for guests",I,39882.0,2759.0,2016,37123.0
"Kwatery agroturystyczne 
Agrotourism lodgings",I,6093.0,213.0,2016,5880.0
"Pozostałe niesklasyfikowane 
Other not classified",I,46504.0,4368.0,2016,42136.0
O G Ó Ł E  M                     2015              A,II,1618946.0,0.0,2016,1618946.0
T O T A L                           2016               A,II,1756072.0,0.0,2016,1756072.0
B ,II,1820325.0,0.0,2016,1820325.0
"Obiekty hotelowe 
Hotels and similar establishments",II,1454713.0,292419.0,2016,1162294.0
"Hotele 
Hotels",II,1273475.0,271904.0,2016,1001571.0
"Motele  
Motels",II,16771.0,0.0,2016,16771.0
"Pensjonaty 
Boarding house",II,34424.0,0.0,2016,34424.0
"Inne obiekty hotelowe 
Other hotel facilities",II,130043.0,16272.0,2016,113771.0
"Pozostałe obiekty noclegowe
Other facilities ",II,365612.0,0.0,2016,365612.0
"Domy wycieczkowe 
Excursion hostels",II,6495.0,278.0,2016,6217.0
"Schroniska 
Shelters",II,8813.0,292.0,2016,8521.0
"Schroniska młodzieżowe 
Youth hostels",II,4517.0,670.0,2016,3847.0
"Szkolne schroniska młodzieżowe
School youth hostels",II,19760.0,0.0,2016,19760.0
"Ośrodki wczasowe 
Holiday centres",II,72546.0,4324.0,2016,68222.0
"Ośrodki kolonijne 
Holiday youth centers",II,4384.0,76.0,2016,4308.0
"Ośrodki szkoleniowo-wypoczynkowe 
Training-recreational centres",II,50651.0,2461.0,2016,48190.0
"Domy pracy twórczej 
Creative arts centres",II,2149.0,36.0,2016,2113.0
"Zespoły domków turystycznych 
Complexes of tourist cottages",II,3885.0,0.0,2016,3885.0
"Kempingi 
Camping sites",II,392.0,51.0,2016,341.0
"Pola biwakowe  
Tent camp sites",II,0.0,0.0,2016,0.0
"Hostele 
Hostels",II,39668.0,12043.0,2016,27625.0
"Zakłady uzdrowiskowe 
Health establishments",II,54899.0,1909.0,2016,52990.0
"Pokoje gościnne 
Rooms for guests",II,41401.0,2480.0,2016,38921.0
"Kwatery agroturystyczne 
Agrotourism lodgings",II,6382.0,170.0,2016,6212.0
"Pozostałe niesklasyfikowane 
Other not classified",II,49670.0,4266.0,2016,45404.0
O G Ó Ł E  M                     2015              A,III,1751285.0,0.0,2016,1751285.0
T O T A L                           2016               A,III,1792598.0,0.0,2016,1792598.0
B ,III,1868981.0,0.0,2016,1868981.0
"Obiekty hotelowe 
Hotels and similar establishments",III,1551883.0,400743.0,2016,1151140.0
"Hotele 
Hotels",III,1367827.0,373858.0,2016,993969.0
"Motele  
Motels",III,18490.0,0.0,2016,18490.0
"Pensjonaty 
Boarding house",III,27493.0,0.0,2016,27493.0
"Inne obiekty hotelowe 
Other hotel facilities",III,138073.0,21665.0,2016,116408.0
"Pozostałe obiekty noclegowe
Other facilities ",III,317098.0,0.0,2016,317098.0
"Domy wycieczkowe 
Excursion hostels",III,4874.0,228.0,2016,4646.0
"Schroniska 
Shelters",III,8181.0,489.0,2016,7692.0
"Schroniska młodzieżowe 
Youth hostels",III,4582.0,1077.0,2016,3505.0
"Szkolne schroniska młodzieżowe
School youth hostels",III,18357.0,0.0,2016,18357.0
"Ośrodki wczasowe 
Holiday centres",III,50874.0,5272.0,2016,45602.0
"Ośrodki kolonijne 
Holiday youth centers",III,3804.0,45.0,2016,3759.0
"Ośrodki szkoleniowo-wypoczynkowe 
Training-recreational centres",III,42553.0,2722.0,2016,39831.0
"Domy pracy twórczej 
Creative arts centres",III,1633.0,37.0,2016,1596.0
"Zespoły domków turystycznych 
Complexes of tourist cottages",III,3157.0,0.0,2016,3157.0
"Kempingi 
Camping sites",III,550.0,220.0,2016,330.0
"Pola biwakowe  
Tent camp sites",III,0.0,0.0,2016,0.0
"Hostele 
Hostels",III,41919.0,14602.0,2016,27317.0
"Zakłady uzdrowiskowe 
Health establishments",III,56147.0,2491.0,2016,53656.0
"Pokoje gościnne 
Rooms for guests",III,26650.0,3222.0,2016,23428.0
"Kwatery agroturystyczne 
Agrotourism lodgings",III,4557.0,230.0,2016,4327.0
"Pozostałe niesklasyfikowane 
Other not classified",III,49260.0,5725.0,2016,43535.0
O G Ó Ł E  M                     2015              A,IV,1886291.0,0.0,2016,1886291.0
T O T A L                           2016               A,IV,2155628.0,0.0,2016,2155628.0
B ,IV,2238153.0,0.0,2016,2238153.0
"Obiekty hotelowe 
Hotels and similar establishments",IV,1817629.0,441050.0,2016,1376579.0
"Hotele 
Hotels",IV,1603814.0,412765.0,2016,1191049.0
"Motele  
Motels",IV,18685.0,0.0,2016,18685.0
"Pensjonaty 
Boarding house",IV,31805.0,0.0,2016,31805.0
"Inne obiekty hotelowe 
Other hotel facilities",IV,163325.0,22864.0,2016,140461.0
"Pozostałe obiekty noclegowe
Other facilities ",IV,420524.0,0.0,2016,420524.0
"Domy wycieczkowe 
Excursion hostels",IV,6812.0,460.0,2016,6352.0
"Schroniska 
Shelters",IV,9433.0,205.0,2016,9228.0
"Schroniska młodzieżowe 
Youth hostels",IV,8718.0,1217.0,2016,7501.0
"Szkolne schroniska młodzieżowe
School youth hostels",IV,33217.0,0.0,2016,33217.0
"Ośrodki wczasowe 
Holiday centres",IV,64923.0,5521.0,2016,59402.0
"Ośrodki kolonijne 
Holiday youth centers",IV,5620.0,0.0,2016,5620.0
"Ośrodki szkoleniowo-wypoczynkowe 
Training-recreational centres",IV,68598.0,3315.0,2016,65283.0
"Domy pracy twórczej 
Creative arts centres",IV,2903.0,97.0,2016,2806.0
"Zespoły domków turystycznych 
Complexes of tourist cottages",IV,6446.0,0.0,2016,6446.0
"Kempingi 
Camping sites",IV,1621.0,528.0,2016,1093.0
"Pola biwakowe  
Tent camp sites",IV,154.0,0.0,2016,154.0
"Hostele 
Hostels",IV,47062.0,13827.0,2016,33235.0
"Zakłady uzdrowiskowe 
Health establishments",IV,60432.0,3311.0,2016,57121.0
"Pokoje gościnne 
Rooms for guests",IV,31090.0,3701.0,2016,27389.0
"Kwatery agroturystyczne 
Agrotourism lodgings",IV,6952.0,257.0,2016,6695.0
"Pozostałe niesklasyfikowane 
Other not classified",IV,66543.0,7278.0,2016,59265.0
O G Ó Ł E  M                     2015              A,V,2486087.0,0.0,2016,2486087.0
T O T A L                           2016               A,V,2592499.0,0.0,2016,2592499.0
B ,V,2692655.0,0.0,2016,2692655.0
"Obiekty hotelowe 
Hotels and similar establishments",V,2006318.0,533687.0,2016,1472631.0
"Hotele 
Hotels",V,1734787.0,495314.0,2016,1239473.0
"Motele  
Motels",V,21630.0,0.0,2016,21630.0
"Pensjonaty 
Boarding house",V,47980.0,0.0,2016,47980.0
"Inne obiekty hotelowe 
Other hotel facilities",V,201921.0,30682.0,2016,171239.0
"Pozostałe obiekty noclegowe
Other facilities ",V,686337.0,0.0,2016,686337.0
"Domy wycieczkowe 
Excursion hostels",V,12151.0,399.0,2016,11752.0
"Schroniska 
Shelters",V,15786.0,604.0,2016,15182.0
"Schroniska młodzieżowe 
Youth hostels",V,9780.0,1022.0,2016,8758.0
"Szkolne schroniska młodzieżowe
School youth hostels",V,48050.0,0.0,2016,48050.0
"Ośrodki wczasowe 
Holiday centres",V,150329.0,7399.0,2016,142930.0
"Ośrodki kolonijne 
Holiday youth centers",V,12609.0,0.0,2016,12609.0
"Ośrodki szkoleniowo-wypoczynkowe 
Training-recreational centres",V,113978.0,5370.0,2016,108608.0
"Domy pracy twórczej 
Creative arts centres",V,4073.0,100.0,2016,3973.0
"Zespoły domków turystycznych 
Complexes of tourist cottages",V,26893.0,0.0,2016,26893.0
"Kempingi 
Camping sites",V,15455.0,6619.0,2016,8836.0
"Pola biwakowe  
Tent camp sites",V,1869.0,0.0,2016,1869.0
"Hostele 
Hostels",V,54145.0,14918.0,2016,39227.0
"Zakłady uzdrowiskowe 
Health establishments",V,63579.0,4925.0,2016,58654.0
"Pokoje gościnne 
Rooms for guests",V,48280.0,4973.0,2016,43307.0
"Kwatery agroturystyczne 
Agrotourism lodgings",V,13906.0,520.0,2016,13386.0
"Pozostałe niesklasyfikowane 
Other not classified",V,95454.0,8317.0,2016,87137.0
O G Ó Ł E  M                     2015              A,VI,2751569.0,0.0,2016,2751569.0
T O T A L                           2016               A,VI,2906520.0,0.0,2016,2906520.0
B ,VI,3021650.0,0.0,2016,3021650.0
"Obiekty hotelowe 
Hotels and similar establishments",VI,2174573.0,557568.0,2016,1617005.0
"Hotele 
Hotels",VI,1873857.0,514451.0,2016,1359406.0
"Motele  
Motels",VI,22533.0,0.0,2016,22533.0
"Pensjonaty 
Boarding house",VI,54084.0,0.0,2016,54084.0
"Inne obiekty hotelowe 
Other hotel facilities",VI,224099.0,35248.0,2016,188851.0
"Pozostałe obiekty noclegowe
Other facilities ",VI,847077.0,0.0,2016,847077.0
"Domy wycieczkowe 
Excursion hostels",VI,11300.0,491.0,2016,10809.0
"Schroniska 
Shelters",VI,19004.0,809.0,2016,18195.0
"Schroniska młodzieżowe 
Youth hostels",VI,10283.0,755.0,2016,9528.0
"Szkolne schroniska młodzieżowe
School youth hostels",VI,51964.0,0.0,2016,51964.0
"Ośrodki wczasowe 
Holiday centres",VI,210191.0,7641.0,2016,202550.0
"Ośrodki kolonijne 
Holiday youth centers",VI,22874.0,60.0,2016,22814.0
"Ośrodki szkoleniowo-wypoczynkowe 
Training-recreational centres",VI,135251.0,4900.0,2016,130351.0
"Domy pracy twórczej 
Creative arts centres",VI,5371.0,268.0,2016,5103.0
"Zespoły domków turystycznych 
Complexes of tourist cottages",VI,46054.0,0.0,2016,46054.0
"Kempingi 
Camping sites",VI,27901.0,12988.0,2016,14913.0
"Pola biwakowe  
Tent camp sites",VI,7834.0,0.0,2016,7834.0
"Hostele 
Hostels",VI,56171.0,16352.0,2016,39819.0
"Zakłady uzdrowiskowe 
Health establishments",VI,69027.0,4771.0,2016,64256.0
"Pokoje gościnne 
Rooms for guests",VI,57515.0,5700.0,2016,51815.0
"Kwatery agroturystyczne 
Agrotourism lodgings",VI,15974.0,609.0,2016,15365.0
"Pozostałe niesklasyfikowane 
Other not classified",VI,100363.0,9469.0,2016,90894.0
O G Ó Ł E  M                     2015              A,VII,3213236.0,0.0,2016,3213236.0
T O T A L                           2016               A,VII,3429437.0,0.0,2016,3429437.0
B ,VII,3562000.0,0.0,2016,3562000.0
"Obiekty hotelowe 
Hotels and similar establishments",VII,2249853.0,644239.0,2016,1605614.0
"Hotele 
Hotels",VII,1898108.0,590262.0,2016,1307846.0
"Motele  
Motels",VII,24343.0,0.0,2016,24343.0
"Pensjonaty 
Boarding house",VII,75200.0,0.0,2016,75200.0
"Inne obiekty hotelowe 
Other hotel facilities",VII,252202.0,42355.0,2016,209847.0
"Pozostałe obiekty noclegowe
Other facilities ",VII,1312147.0,0.0,2016,1312147.0
"Domy wycieczkowe 
Excursion hostels",VII,10988.0,391.0,2016,10597.0
"Schroniska 
Shelters",VII,24888.0,1333.0,2016,23555.0
"Schroniska młodzieżowe 
Youth hostels",VII,8271.0,1184.0,2016,7087.0
"Szkolne schroniska młodzieżowe
School youth hostels",VII,45732.0,0.0,2016,45732.0
"Ośrodki wczasowe 
Holiday centres",VII,349327.0,13601.0,2016,335726.0
"Ośrodki kolonijne 
Holiday youth centers",VII,30535.0,238.0,2016,30297.0
"Ośrodki szkoleniowo-wypoczynkowe 
Training-recreational centres",VII,160787.0,9385.0,2016,151402.0
"Domy pracy twórczej 
Creative arts centres",VII,5567.0,305.0,2016,5262.0
"Zespoły domków turystycznych 
Complexes of tourist cottages",VII,99960.0,0.0,2016,99960.0
"Kempingi 
Camping sites",VII,94606.0,29317.0,2016,65289.0
"Pola biwakowe  
Tent camp sites",VII,43235.0,0.0,2016,43235.0
"Hostele 
Hostels",VII,60339.0,20671.0,2016,39668.0
"Zakłady uzdrowiskowe 
Health establishments",VII,79255.0,6261.0,2016,72994.0
"Pokoje gościnne 
Rooms for guests",VII,137444.0,8681.0,2016,128763.0
"Kwatery agroturystyczne 
Agrotourism lodgings",VII,26529.0,1324.0,2016,25205.0
"Pozostałe niesklasyfikowane 
Other not classified",VII,134684.0,17252.0,2016,117432.0
O G Ó Ł E  M                     2015              A,VIII,3290501.0,0.0,2016,3290501.0
T O T A L                           2016               A,VIII,3530719.0,0.0,2016,3530719.0
B ,VIII,3673076.0,0.0,2016,3673076.0
"Obiekty hotelowe 
Hotels and similar establishments",VIII,2378901.0,673197.0,2016,1705704.0
"Hotele 
Hotels",VIII,2012341.0,620311.0,2016,1392030.0
"Motele  
Motels",VIII,24577.0,0.0,2016,24577.0
"Pensjonaty 
Boarding house",VIII,76679.0,0.0,2016,76679.0
"Inne obiekty hotelowe 
Other hotel facilities",VIII,265304.0,42239.0,2016,223065.0
"Pozostałe obiekty noclegowe
Other facilities ",VIII,1294175.0,0.0,2016,1294175.0
"Domy wycieczkowe 
Excursion hostels",VIII,11448.0,486.0,2016,10962.0
"Schroniska 
Shelters",VIII,27854.0,1239.0,2016,26615.0
"Schroniska młodzieżowe 
Youth hostels",VIII,9449.0,906.0,2016,8543.0
"Szkolne schroniska młodzieżowe
School youth hostels",VIII,44778.0,0.0,2016,44778.0
"Ośrodki wczasowe 
Holiday centres",VIII,341794.0,13237.0,2016,328557.0
"Ośrodki kolonijne 
Holiday youth centers",VIII,27304.0,148.0,2016,27156.0
"Ośrodki szkoleniowo-wypoczynkowe 
Training-recreational centres",VIII,146790.0,6013.0,2016,140777.0
"Domy pracy twórczej 
Creative arts centres",VIII,5845.0,145.0,2016,5700.0
"Zespoły domków turystycznych 
Complexes of tourist cottages",VIII,97164.0,0.0,2016,97164.0
"Kempingi 
Camping sites",VIII,88951.0,28215.0,2016,60736.0
"Pola biwakowe  
Tent camp sites",VIII,36442.0,0.0,2016,36442.0
"Hostele 
Hostels",VIII,65487.0,22029.0,2016,43458.0
"Zakłady uzdrowiskowe 
Health establishments",VIII,82101.0,7209.0,2016,74892.0
"Pokoje gościnne 
Rooms for guests",VIII,137511.0,7978.0,2016,129533.0
"Kwatery agroturystyczne 
Agrotourism lodgings",VIII,26967.0,1218.0,2016,25749.0
"Pozostałe niesklasyfikowane 
Other not classified",VIII,144290.0,13860.0,2016,130430.0
O G Ó Ł E  M                     2015              A,IX,2564382.0,0.0,2016,2564382.0
T O T A L                           2016               A,IX,2862429.0,0.0,2016,2862429.0
B ,IX,2988738.0,0.0,2016,2988738.0
"Obiekty hotelowe 
Hotels and similar establishments",IX,2256808.0,581262.0,2016,1675546.0
"Hotele 
Hotels",IX,1952582.0,537560.0,2016,1415022.0
"Motele  
Motels",IX,22144.0,0.0,2016,22144.0
"Pensjonaty 
Boarding house",IX,56805.0,0.0,2016,56805.0
"Inne obiekty hotelowe 
Other hotel facilities",IX,225277.0,33996.0,2016,191281.0
"Pozostałe obiekty noclegowe
Other facilities ",IX,731930.0,0.0,2016,731930.0
"Domy wycieczkowe 
Excursion hostels",IX,8310.0,483.0,2016,7827.0
"Schroniska 
Shelters",IX,20180.0,1113.0,2016,19067.0
"Schroniska młodzieżowe 
Youth hostels",IX,8889.0,1102.0,2016,7787.0
"Szkolne schroniska młodzieżowe
School youth hostels",IX,33396.0,0.0,2016,33396.0
"Ośrodki wczasowe 
Holiday centres",IX,163884.0,9041.0,2016,154843.0
"Ośrodki kolonijne 
Holiday youth centers",IX,10024.0,20.0,2016,10004.0
"Ośrodki szkoleniowo-wypoczynkowe 
Training-recreational centres",IX,127399.0,4954.0,2016,122445.0
"Domy pracy twórczej 
Creative arts centres",IX,5006.0,315.0,2016,4691.0
"Zespoły domków turystycznych 
Complexes of tourist cottages",IX,30160.0,0.0,2016,30160.0
"Kempingi 
Camping sites",IX,14417.0,7082.0,2016,7335.0
"Pola biwakowe  
Tent camp sites",IX,3097.0,0.0,2016,3097.0
"Hostele 
Hostels",IX,55658.0,17387.0,2016,38271.0
"Zakłady uzdrowiskowe 
Health establishments",IX,69124.0,5386.0,2016,63738.0
"Pokoje gościnne 
Rooms for guests",IX,53396.0,5646.0,2016,47750.0
"Kwatery agroturystyczne 
Agrotourism lodgings",IX,12324.0,505.0,2016,11819.0
"Pozostałe niesklasyfikowane 
Other not classified",IX,116666.0,10411.0,2016,106255.0
O G Ó Ł E  M                     2015              A,X,2298723.0,0.0,2016,2298723.0
T O T A L                           2016               A,X,2411065.0,0.0,2016,2411065.0
B ,X,2518407.0,0.0,2016,2518407.0
"Obiekty hotelowe 
Hotels and similar establishments",X,2030227.0,497409.0,2016,1532818.0
"Hotele 
Hotels",X,1779460.0,459212.0,2016,1320248.0
"Motele  
Motels",X,20137.0,0.0,2016,20137.0
"Pensjonaty 
Boarding house",X,39491.0,0.0,2016,39491.0
"Inne obiekty hotelowe 
Other hotel facilities",X,191139.0,30927.0,2016,160212.0
"Pozostałe obiekty noclegowe
Other facilities ",X,488180.0,0.0,2016,488180.0
"Domy wycieczkowe 
Excursion hostels",X,6129.0,296.0,2016,5833.0
"Schroniska 
Shelters",X,12411.0,621.0,2016,11790.0
"Schroniska młodzieżowe 
Youth hostels",X,8012.0,1123.0,2016,6889.0
"Szkolne schroniska młodzieżowe
School youth hostels",X,34640.0,0.0,2016,34640.0
"Ośrodki wczasowe 
Holiday centres",X,78138.0,6866.0,2016,71272.0
"Ośrodki kolonijne 
Holiday youth centers",X,6214.0,0.0,2016,6214.0
"Ośrodki szkoleniowo-wypoczynkowe 
Training-recreational centres",X,83124.0,4209.0,2016,78915.0
"Domy pracy twórczej 
Creative arts centres",X,3310.0,87.0,2016,3223.0
"Zespoły domków turystycznych 
Complexes of tourist cottages",X,8031.0,0.0,2016,8031.0
"Kempingi 
Camping sites",X,1965.0,831.0,2016,1134.0
"Pola biwakowe  
Tent camp sites",X,6.0,0.0,2016,6.0
"Hostele 
Hostels",X,53093.0,16521.0,2016,36572.0
"Zakłady uzdrowiskowe 
Health establishments",X,68688.0,5180.0,2016,63508.0
"Pokoje gościnne 
Rooms for guests",X,35574.0,5109.0,2016,30465.0
"Kwatery agroturystyczne 
Agrotourism lodgings",X,7495.0,590.0,2016,6905.0
"Pozostałe niesklasyfikowane 
Other not classified",X,81350.0,8010.0,2016,73340.0
O G Ó Ł E  M                     2015              A,XI,1859672.0,0.0,2016,1859672.0
T O T A L                           2016               A,XI,1993105.0,0.0,2016,1993105.0
B ,XI,2086069.0,0.0,2016,2086069.0
"Obiekty hotelowe 
Hotels and similar establishments",XI,1739361.0,390745.0,2016,1348616.0
"Hotele 
Hotels",XI,1534310.0,362236.0,2016,1172074.0
"Motele  
Motels",XI,18354.0,0.0,2016,18354.0
"Pensjonaty 
Boarding house",XI,28377.0,0.0,2016,28377.0
"Inne obiekty hotelowe 
Other hotel facilities",XI,158320.0,23071.0,2016,135249.0
"Pozostałe obiekty noclegowe
Other facilities ",XI,346708.0,0.0,2016,346708.0
"Domy wycieczkowe 
Excursion hostels",XI,5155.0,610.0,2016,4545.0
"Schroniska 
Shelters",XI,7534.0,184.0,2016,7350.0
"Schroniska młodzieżowe 
Youth hostels",XI,5953.0,759.0,2016,5194.0
"Szkolne schroniska młodzieżowe
School youth hostels",XI,22281.0,0.0,2016,22281.0
"Ośrodki wczasowe 
Holiday centres",XI,47463.0,3701.0,2016,43762.0
"Ośrodki kolonijne 
Holiday youth centers",XI,4402.0,0.0,2016,4402.0
"Ośrodki szkoleniowo-wypoczynkowe 
Training-recreational centres",XI,55320.0,2616.0,2016,52704.0
"Domy pracy twórczej 
Creative arts centres",XI,1882.0,37.0,2016,1845.0
"Zespoły domków turystycznych 
Complexes of tourist cottages",XI,3828.0,0.0,2016,3828.0
"Kempingi 
Camping sites",XI,645.0,140.0,2016,505.0
"Pola biwakowe  
Tent camp sites",XI,23.0,0.0,2016,23.0
"Hostele 
Hostels",XI,46982.0,13070.0,2016,33912.0
"Zakłady uzdrowiskowe 
Health establishments",XI,54490.0,2164.0,2016,52326.0
"Pokoje gościnne 
Rooms for guests",XI,28185.0,4085.0,2016,24100.0
"Kwatery agroturystyczne 
Agrotourism lodgings",XI,5148.0,309.0,2016,4839.0
"Pozostałe niesklasyfikowane 
Other not classified",XI,57417.0,5275.0,2016,52142.0
O G Ó Ł E  M                     2015              A,XII,1703224.0,0.0,2016,1703224.0
T O T A L                           2016               A,XII,1840569.0,0.0,2016,1840569.0
B ,XII,1925399.0,0.0,2016,1925399.0
"Obiekty hotelowe 
Hotels and similar establishments",XII,1592053.0,368014.0,2016,1224039.0
"Hotele 
Hotels",XII,1393224.0,340310.0,2016,1052914.0
"Motele  
Motels",XII,16276.0,0.0,2016,16276.0
"Pensjonaty 
Boarding house",XII,32381.0,0.0,2016,32381.0
"Inne obiekty hotelowe 
Other hotel facilities",XII,150172.0,22207.0,2016,127965.0
"Pozostałe obiekty noclegowe
Other facilities ",XII,333346.0,0.0,2016,333346.0
"Domy wycieczkowe 
Excursion hostels",XII,5279.0,571.0,2016,4708.0
"Schroniska 
Shelters",XII,9770.0,133.0,2016,9637.0
"Schroniska młodzieżowe 
Youth hostels",XII,4137.0,561.0,2016,3576.0
"Szkolne schroniska młodzieżowe
School youth hostels",XII,16730.0,0.0,2016,16730.0
"Ośrodki wczasowe 
Holiday centres",XII,54166.0,4316.0,2016,49850.0
"Ośrodki kolonijne 
Holiday youth centers",XII,2874.0,0.0,2016,2874.0
"Ośrodki szkoleniowo-wypoczynkowe 
Training-recreational centres",XII,51156.0,2221.0,2016,48935.0
"Domy pracy twórczej 
Creative arts centres",XII,2196.0,45.0,2016,2151.0
"Zespoły domków turystycznych 
Complexes of tourist cottages",XII,4635.0,0.0,2016,4635.0
"Kempingi 
Camping sites",XII,493.0,82.0,2016,411.0
"Pola biwakowe  
Tent camp sites",XII,35.0,0.0,2016,35.0
"Hostele 
Hostels",XII,45727.0,14258.0,2016,31469.0
"Zakłady uzdrowiskowe 
Health establishments",XII,44805.0,2549.0,2016,42256.0
"Pokoje gościnne 
Rooms for guests",XII,34080.0,4103.0,2016,29977.0
"Kwatery agroturystyczne 
Agrotourism lodgings",XII,6450.0,365.0,2016,6085.0
"Pozostałe niesklasyfikowane 
Other not classified",XII,50813.0,4902.0,2016,45911.0
O G Ó Ł E M                       2022       ,I,1733979.0,200219.0,2023,1533760.0
T O T A L                            2023,I,2213510.0,410619.0,2023,1802891.0
"Obiekty hotelowe 
Hotels and similar establishments",I,1857950.0,374427.0,2023,1483523.0
"Hotele 
Hotels",I,1652841.0,345470.0,2023,1307371.0
"Motele  
Motels",I,12852.0,0.0,2023,12852.0
"Pensjonaty 
Boarding house",I,34671.0,0.0,2023,34671.0
"Inne obiekty hotelowe 
Other hotel establishments",I,157586.0,23963.0,2023,133623.0
"Pozostałe obiekty noclegowe
Other establishments ",I,355560.0,0.0,2023,355560.0
"Domy wycieczkowe 
Excursion hostels",I,2118.0,219.0,2023,1899.0
"Schroniska 
Shelters",I,10837.0,74.0,2023,10763.0
"Schroniska młodzieżowe 
Youth shelters",I,3096.0,696.0,2023,2400.0
"Szkolne schroniska młodzieżowe
School youth shelters",I,11115.0,0.0,2023,11115.0
"Ośrodki wczasowe 
Holiday centres",I,66365.0,3264.0,2023,63101.0
"Ośrodki kolonijne 
Holiday youth centres",I,1667.0,8.0,2023,1659.0
"Ośrodki szkoleniowo-wypoczynkowe 
Training-recreational centres",I,40694.0,2562.0,2023,38132.0
"Domy pracy twórczej 
Creative arts centres",I,1876.0,82.0,2023,1794.0
"Zespoły domków turystycznych 
Complexes of tourist cottages",I,5085.0,0.0,2023,5085.0
"Kempingi 
Camping sites",I,703.0,145.0,2023,558.0
"Pola biwakowe  
Tent camp sites",I,39.0,0.0,2023,39.0
"Hostele 
Hostels",I,46800.0,16185.0,2023,30615.0
"Zakłady uzdrowiskowe 
Health establishments",I,68155.0,1595.0,2023,66560.0
"Pokoje gościnne 
Rooms for guests",I,60928.0,5302.0,2023,55626.0
"Kwatery agroturystyczne 
Agrotourism lodgings",I,5264.0,308.0,2023,4956.0
"Pozostałe niesklasyfikowane 
Other not classified",I,30818.0,4356.0,2023,26462.0
O G Ó Ł E M                       2022       ,II,1976996.0,271862.0,2023,1705134.0
T O T A L                            2023,II,2303247.0,430182.0,2023,1873065.0
"Obiekty hotelowe 
Hotels and similar establishments",II,1934303.0,391864.0,2023,1542439.0
"Hotele 
Hotels",II,1712292.0,361222.0,2023,1351070.0
"Motele  
Motels",II,12908.0,0.0,2023,12908.0
"Pensjonaty 
Boarding house",II,38127.0,0.0,2023,38127.0
"Inne obiekty hotelowe 
Other hotel establishments",II,170976.0,25368.0,2023,145608.0
"Pozostałe obiekty noclegowe
Other establishments ",II,368944.0,0.0,2023,368944.0
"Domy wycieczkowe 
Excursion hostels",II,3159.0,119.0,2023,3040.0
"Schroniska 
Shelters",II,10705.0,288.0,2023,10417.0
"Schroniska młodzieżowe 
Youth shelters",II,3343.0,770.0,2023,2573.0
"Szkolne schroniska młodzieżowe
School youth shelters",II,10758.0,0.0,2023,10758.0
"Ośrodki wczasowe 
Holiday centres",II,83253.0,4610.0,2023,78643.0
"Ośrodki kolonijne 
Holiday youth centres",II,1388.0,136.0,2023,1252.0
"Ośrodki szkoleniowo-wypoczynkowe 
Training-recreational centres",II,46905.0,2855.0,2023,44050.0
"Domy pracy twórczej 
Creative arts centres",II,1847.0,49.0,2023,1798.0
"Zespoły domków turystycznych 
Complexes of tourist cottages",II,5063.0,0.0,2023,5063.0
"Kempingi 
Camping sites",II,580.0,102.0,2023,478.0
"Pola biwakowe  
Tent camp sites",II,12.0,0.0,2023,12.0
"Hostele 
Hostels",II,45941.0,15911.0,2023,30030.0
"Zakłady uzdrowiskowe 
Health establishments",II,55633.0,1992.0,2023,53641.0
"Pokoje gościnne 
Rooms for guests",II,61533.0,5348.0,2023,56185.0
"Kwatery agroturystyczne 
Agrotourism lodgings",II,5600.0,186.0,2023,5414.0
"Pozostałe niesklasyfikowane 
Other not classified",II,33224.0,4740.0,2023,28484.0
O G Ó Ł E M                       2022       ,III,2233197.0,456113.0,2023,1777084.0
T O T A L                            2023,III,2506116.0,505997.0,2023,2000119.0
"Obiekty hotelowe 
Hotels and similar establishments",III,2157480.0,463440.0,2023,1694040.0
"Hotele 
Hotels",III,1940172.0,430120.0,2023,1510052.0
"Motele  
Motels",III,15463.0,0.0,2023,15463.0
"Pensjonaty 
Boarding house",III,31996.0,0.0,2023,31996.0
"Inne obiekty hotelowe 
Other hotel establishments",III,169849.0,28166.0,2023,141683.0
"Pozostałe obiekty noclegowe
Other establishments ",III,348636.0,0.0,2023,348636.0
"Domy wycieczkowe 
Excursion hostels",III,2225.0,144.0,2023,2081.0
"Schroniska 
Shelters",III,10789.0,236.0,2023,10553.0
"Schroniska młodzieżowe 
Youth shelters",III,4000.0,889.0,2023,3111.0
"Szkolne schroniska młodzieżowe
School youth shelters",III,9562.0,0.0,2023,9562.0
"Ośrodki wczasowe 
Holiday centres",III,60550.0,4877.0,2023,55673.0
"Ośrodki kolonijne 
Holiday youth centres",III,996.0,9.0,2023,987.0
"Ośrodki szkoleniowo-wypoczynkowe 
Training-recreational centres",III,43692.0,2767.0,2023,40925.0
"Domy pracy twórczej 
Creative arts centres",III,1753.0,71.0,2023,1682.0
"Zespoły domków turystycznych 
Complexes of tourist cottages",III,4431.0,0.0,2023,4431.0
"Kempingi 
Camping sites",III,813.0,251.0,2023,562.0
"Pola biwakowe  
Tent camp sites",III,531.0,0.0,2023,531.0
"Hostele 
Hostels",III,53931.0,16445.0,2023,37486.0
"Zakłady uzdrowiskowe 
Health establishments",III,68310.0,2632.0,2023,65678.0
"Pokoje gościnne 
Rooms for guests",III,46293.0,6773.0,2023,39520.0
"Kwatery agroturystyczne 
Agrotourism lodgings",III,4370.0,240.0,2023,4130.0
"Pozostałe niesklasyfikowane 
Other not classified",III,36390.0,5422.0,2023,30968.0
O G Ó Ł E M                       2022       ,IV,2378446.0,423582.0,2023,1954864.0
T O T A L                            2023,IV,2680332.0,566844.0,2023,2113488.0
"Obiekty hotelowe 
Hotels and similar establishments",IV,2253902.0,517826.0,2023,1736076.0
"Hotele 
Hotels",IV,1990429.0,474289.0,2023,1516140.0
"Motele  
Motels",IV,15370.0,0.0,2023,15370.0
"Pensjonaty 
Boarding house",IV,35948.0,0.0,2023,35948.0
"Inne obiekty hotelowe 
Other hotel establishments",IV,212155.0,37776.0,2023,174379.0
"Pozostałe obiekty noclegowe
Other establishments ",IV,426430.0,0.0,2023,426430.0
"Domy wycieczkowe 
Excursion hostels",IV,2512.0,161.0,2023,2351.0
"Schroniska 
Shelters",IV,12519.0,328.0,2023,12191.0
"Schroniska młodzieżowe 
Youth shelters",IV,4822.0,818.0,2023,4004.0
"Szkolne schroniska młodzieżowe
School youth shelters",IV,11753.0,0.0,2023,11753.0
"Ośrodki wczasowe 
Holiday centres",IV,101652.0,6558.0,2023,95094.0
"Ośrodki kolonijne 
Holiday youth centres",IV,1515.0,8.0,2023,1507.0
"Ośrodki szkoleniowo-wypoczynkowe 
Training-recreational centres",IV,52745.0,2634.0,2023,50111.0
"Domy pracy twórczej 
Creative arts centres",IV,2670.0,112.0,2023,2558.0
"Zespoły domków turystycznych 
Complexes of tourist cottages",IV,9795.0,0.0,2023,9795.0
"Kempingi 
Camping sites",IV,3290.0,650.0,2023,2640.0
"Pola biwakowe  
Tent camp sites",IV,1351.0,0.0,2023,1351.0
"Hostele 
Hostels",IV,54327.0,18583.0,2023,35744.0
"Zakłady uzdrowiskowe 
Health establishments",IV,68196.0,3330.0,2023,64866.0
"Pokoje gościnne 
Rooms for guests",IV,50300.0,7643.0,2023,42657.0
"Kwatery agroturystyczne 
Agrotourism lodgings",IV,6477.0,515.0,2023,5962.0
"Pozostałe niesklasyfikowane 
Other not classified",IV,42506.0,5566.0,2023,36940.0
O G Ó Ł E M                       2022       ,V,2876125.0,460056.0,2023,2416069.0
T O T A L                            2023,V,3098519.0,602013.0,2023,2496506.0
"Obiekty hotelowe 
Hotels and similar establishments",V,2463434.0,546424.0,2023,1917010.0
"Hotele 
Hotels",V,2150870.0,498795.0,2023,1652075.0
"Motele  
Motels",V,19789.0,0.0,2023,19789.0
"Pensjonaty 
Boarding house",V,47207.0,0.0,2023,47207.0
"Inne obiekty hotelowe 
Other hotel establishments",V,245568.0,39740.0,2023,205828.0
"Pozostałe obiekty noclegowe
Other establishments ",V,635085.0,0.0,2023,635085.0
"Domy wycieczkowe 
Excursion hostels",V,5112.0,144.0,2023,4968.0
"Schroniska 
Shelters",V,17891.0,431.0,2023,17460.0
"Schroniska młodzieżowe 
Youth shelters",V,5935.0,835.0,2023,5100.0
"Szkolne schroniska młodzieżowe
School youth shelters",V,18431.0,0.0,2023,18431.0
"Ośrodki wczasowe 
Holiday centres",V,175598.0,7905.0,2023,167693.0
"Ośrodki kolonijne 
Holiday youth centres",V,6275.0,14.0,2023,6261.0
"Ośrodki szkoleniowo-wypoczynkowe 
Training-recreational centres",V,91039.0,3483.0,2023,87556.0
"Domy pracy twórczej 
Creative arts centres",V,3940.0,78.0,2023,3862.0
"Zespoły domków turystycznych 
Complexes of tourist cottages",V,25893.0,0.0,2023,25893.0
"Kempingi 
Camping sites",V,15765.0,5863.0,2023,9902.0
"Pola biwakowe  
Tent camp sites",V,2874.0,0.0,2023,2874.0
"Hostele 
Hostels",V,61288.0,15910.0,2023,45378.0
"Zakłady uzdrowiskowe 
Health establishments",V,77035.0,3495.0,2023,73540.0
"Pokoje gościnne 
Rooms for guests",V,62459.0,7896.0,2023,54563.0
"Kwatery agroturystyczne 
Agrotourism lodgings",V,11482.0,678.0,2023,10804.0
"Pozostałe niesklasyfikowane 
Other not classified",V,54068.0,6056.0,2023,48012.0
O G Ó Ł E M                       2022       ,VI,3475155.0,511029.0,2023,2964126.0
T O T A L                            2023,VI,3581790.0,637053.0,2023,2944737.0
"Obiekty hotelowe 
Hotels and similar establishments",VI,2709530.0,568594.0,2023,2140936.0
"Hotele 
Hotels",VI,2353980.0,523085.0,2023,1830895.0
"Motele  
Motels",VI,21417.0,0.0,2023,21417.0
"Pensjonaty 
Boarding house",VI,58943.0,0.0,2023,58943.0
"Inne obiekty hotelowe 
Other hotel establishments",VI,275190.0,37817.0,2023,237373.0
"Pozostałe obiekty noclegowe
Other establishments ",VI,872260.0,0.0,2023,872260.0
"Domy wycieczkowe 
Excursion hostels",VI,5988.0,217.0,2023,5771.0
"Schroniska 
Shelters",VI,20877.0,452.0,2023,20425.0
"Schroniska młodzieżowe 
Youth shelters",VI,7853.0,991.0,2023,6862.0
"Szkolne schroniska młodzieżowe
School youth shelters",VI,22453.0,0.0,2023,22453.0
"Ośrodki wczasowe 
Holiday centres",VI,265042.0,7660.0,2023,257382.0
"Ośrodki kolonijne 
Holiday youth centres",VI,13641.0,146.0,2023,13495.0
"Ośrodki szkoleniowo-wypoczynkowe 
Training-recreational centres",VI,114918.0,3510.0,2023,111408.0
"Domy pracy twórczej 
Creative arts centres",VI,5257.0,105.0,2023,5152.0
"Zespoły domków turystycznych 
Complexes of tourist cottages",VI,52737.0,0.0,2023,52737.0
"Kempingi 
Camping sites",VI,41448.0,12566.0,2023,28882.0
"Pola biwakowe  
Tent camp sites",VI,10743.0,0.0,2023,10743.0
"Hostele 
Hostels",VI,62414.0,18498.0,2023,43916.0
"Zakłady uzdrowiskowe 
Health establishments",VI,77179.0,3852.0,2023,73327.0
"Pokoje gościnne 
Rooms for guests",VI,91848.0,9002.0,2023,82846.0
"Kwatery agroturystyczne 
Agrotourism lodgings",VI,14676.0,694.0,2023,13982.0
"Pozostałe niesklasyfikowane 
Other not classified",VI,65186.0,6915.0,2023,58271.0
O G Ó Ł E M                       2022       ,VII,4018542.0,669203.0,2023,3349339.0
T O T A L                            2023,VII,4108779.0,820648.0,2023,3288131.0
"Obiekty hotelowe 
Hotels and similar establishments",VII,2868548.0,703214.0,2023,2165334.0
"Hotele 
Hotels",VII,2454550.0,638971.0,2023,1815579.0
"Motele  
Motels",VII,22886.0,0.0,2023,22886.0
"Pensjonaty 
Boarding house",VII,68779.0,0.0,2023,68779.0
"Inne obiekty hotelowe 
Other hotel establishments",VII,322333.0,54161.0,2023,268172.0
"Pozostałe obiekty noclegowe
Other establishments ",VII,1240231.0,0.0,2023,1240231.0
"Domy wycieczkowe 
Excursion hostels",VII,5795.0,452.0,2023,5343.0
"Schroniska 
Shelters",VII,24119.0,918.0,2023,23201.0
"Schroniska młodzieżowe 
Youth shelters",VII,8288.0,1124.0,2023,7164.0
"Szkolne schroniska młodzieżowe
School youth shelters",VII,23489.0,0.0,2023,23489.0
"Ośrodki wczasowe 
Holiday centres",VII,356836.0,15361.0,2023,341475.0
"Ośrodki kolonijne 
Holiday youth centres",VII,24311.0,79.0,2023,24232.0
"Ośrodki szkoleniowo-wypoczynkowe 
Training-recreational centres",VII,129122.0,5006.0,2023,124116.0
"Domy pracy twórczej 
Creative arts centres",VII,4769.0,93.0,2023,4676.0
"Zespoły domków turystycznych 
Complexes of tourist cottages",VII,106396.0,0.0,2023,106396.0
"Kempingi 
Camping sites",VII,91438.0,27593.0,2023,63845.0
"Pola biwakowe  
Tent camp sites",VII,43411.0,0.0,2023,43411.0
"Hostele 
Hostels",VII,64252.0,22664.0,2023,41588.0
"Zakłady uzdrowiskowe 
Health establishments",VII,87540.0,5133.0,2023,82407.0
"Pokoje gościnne 
Rooms for guests",VII,161788.0,14204.0,2023,147584.0
"Kwatery agroturystyczne 
Agrotourism lodgings",VII,22596.0,1055.0,2023,21541.0
"Pozostałe niesklasyfikowane 
Other not classified",VII,86081.0,13217.0,2023,72864.0
O G Ó Ł E M                       2022       ,VIII,4162095.0,679910.0,2023,3482185.0
T O T A L                            2023,VIII,4196047.0,791719.0,2023,3404328.0
"Obiekty hotelowe 
Hotels and similar establishments",VIII,2982101.0,685579.0,2023,2296522.0
"Hotele 
Hotels",VIII,2547634.0,621826.0,2023,1925808.0
"Motele  
Motels",VIII,22350.0,0.0,2023,22350.0
"Pensjonaty 
Boarding house",VIII,75134.0,0.0,2023,75134.0
"Inne obiekty hotelowe 
Other hotel establishments",VIII,336983.0,52976.0,2023,284007.0
"Pozostałe obiekty noclegowe
Other establishments ",VIII,1213946.0,0.0,2023,1213946.0
"Domy wycieczkowe 
Excursion hostels",VIII,6929.0,380.0,2023,6549.0
"Schroniska 
Shelters",VIII,24449.0,878.0,2023,23571.0
"Schroniska młodzieżowe 
Youth shelters",VIII,5102.0,1021.0,2023,4081.0
"Szkolne schroniska młodzieżowe
School youth shelters",VIII,22923.0,0.0,2023,22923.0
"Ośrodki wczasowe 
Holiday centres",VIII,348452.0,13863.0,2023,334589.0
"Ośrodki kolonijne 
Holiday youth centres",VIII,19443.0,206.0,2023,19237.0
"Ośrodki szkoleniowo-wypoczynkowe 
Training-recreational centres",VIII,127561.0,4189.0,2023,123372.0
"Domy pracy twórczej 
Creative arts centres",VIII,5323.0,119.0,2023,5204.0
"Zespoły domków turystycznych 
Complexes of tourist cottages",VIII,104552.0,0.0,2023,104552.0
"Kempingi 
Camping sites",VIII,81046.0,23450.0,2023,57596.0
"Pola biwakowe  
Tent camp sites",VIII,28320.0,0.0,2023,28320.0
"Hostele 
Hostels",VIII,71993.0,24707.0,2023,47286.0
"Zakłady uzdrowiskowe 
Health establishments",VIII,86924.0,4506.0,2023,82418.0
"Pokoje gościnne 
Rooms for guests",VIII,171603.0,13354.0,2023,158249.0
"Kwatery agroturystyczne 
Agrotourism lodgings",VIII,23073.0,956.0,2023,22117.0
"Pozostałe niesklasyfikowane 
Other not classified",VIII,86253.0,10468.0,2023,75785.0
O G Ó Ł E M                       2022       ,IX,3371838.0,585718.0,2023,2786120.0
T O T A L                            2023,IX,3568440.0,648914.0,2023,2919526.0
"Obiekty hotelowe 
Hotels and similar establishments",IX,2818208.0,580152.0,2023,2238056.0
"Hotele 
Hotels",IX,2440803.0,525748.0,2023,1915055.0
"Motele  
Motels",IX,20230.0,0.0,2023,20230.0
"Pensjonaty 
Boarding house",IX,58816.0,0.0,2023,58816.0
"Inne obiekty hotelowe 
Other hotel establishments",IX,298359.0,45558.0,2023,252801.0
"Pozostałe obiekty noclegowe
Other establishments ",IX,750232.0,0.0,2023,750232.0
"Domy wycieczkowe 
Excursion hostels",IX,5074.0,527.0,2023,4547.0
"Schroniska 
Shelters",IX,22582.0,754.0,2023,21828.0
"Schroniska młodzieżowe 
Youth shelters",IX,6524.0,1191.0,2023,5333.0
"Szkolne schroniska młodzieżowe
School youth shelters",IX,15817.0,0.0,2023,15817.0
"Ośrodki wczasowe 
Holiday centres",IX,204832.0,8750.0,2023,196082.0
"Ośrodki kolonijne 
Holiday youth centres",IX,4418.0,8.0,2023,4410.0
"Ośrodki szkoleniowo-wypoczynkowe 
Training-recreational centres",IX,102456.0,4102.0,2023,98354.0
"Domy pracy twórczej 
Creative arts centres",IX,4652.0,82.0,2023,4570.0
"Zespoły domków turystycznych 
Complexes of tourist cottages",IX,42907.0,0.0,2023,42907.0
"Kempingi 
Camping sites",IX,24496.0,8350.0,2023,16146.0
"Pola biwakowe  
Tent camp sites",IX,5949.0,0.0,2023,5949.0
"Hostele 
Hostels",IX,61063.0,18390.0,2023,42673.0
"Zakłady uzdrowiskowe 
Health establishments",IX,79403.0,3700.0,2023,75703.0
"Pokoje gościnne 
Rooms for guests",IX,90512.0,9514.0,2023,80998.0
"Kwatery agroturystyczne 
Agrotourism lodgings",IX,12667.0,712.0,2023,11955.0
"Pozostałe niesklasyfikowane 
Other not classified",IX,66880.0,8551.0,2023,58329.0
O G Ó Ł E M                       2022       ,X,3122519.0,594457.0,2023,2528062.0
T O T A L                            2023,X,2983069.0,613235.0,2023,2369834.0
"Obiekty hotelowe 
Hotels and similar establishments",X,2490434.0,558978.0,2023,1931456.0
"Hotele 
Hotels",X,2201570.0,509824.0,2023,1691746.0
"Motele  
Motels",X,18329.0,0.0,2023,18329.0
"Pensjonaty 
Boarding house",X,43930.0,0.0,2023,43930.0
"Inne obiekty hotelowe 
Other hotel establishments",X,226605.0,41854.0,2023,184751.0
"Pozostałe obiekty noclegowe
Other establishments ",X,492635.0,0.0,2023,492635.0
"Domy wycieczkowe 
Excursion hostels",X,4066.0,238.0,2023,3828.0
"Schroniska 
Shelters",X,15817.0,404.0,2023,15413.0
"Schroniska młodzieżowe 
Youth shelters",X,6053.0,1000.0,2023,5053.0
"Szkolne schroniska młodzieżowe
School youth shelters",X,16063.0,0.0,2023,16063.0
"Ośrodki wczasowe 
Holiday centres",X,100771.0,8588.0,2023,92183.0
"Ośrodki kolonijne 
Holiday youth centres",X,1061.0,16.0,2023,1045.0
"Ośrodki szkoleniowo-wypoczynkowe 
Training-recreational centres",X,66997.0,3551.0,2023,63446.0
"Domy pracy twórczej 
Creative arts centres",X,3158.0,64.0,2023,3094.0
"Zespoły domków turystycznych 
Complexes of tourist cottages",X,14920.0,0.0,2023,14920.0
"Kempingi 
Camping sites",X,4498.0,1597.0,2023,2901.0
"Pola biwakowe  
Tent camp sites",X,1136.0,0.0,2023,1136.0
"Hostele 
Hostels",X,60703.0,18307.0,2023,42396.0
"Zakłady uzdrowiskowe 
Health establishments",X,76476.0,2656.0,2023,73820.0
"Pokoje gościnne 
Rooms for guests",X,66478.0,7782.0,2023,58696.0
"Kwatery agroturystyczne 
Agrotourism lodgings",X,7927.0,570.0,2023,7357.0
"Pozostałe niesklasyfikowane 
Other not classified",X,46511.0,7165.0,2023,39346.0
O G Ó Ł E M                       2022       ,XI,2533348.0,477037.0,2023,2056311.0
T O T A L                            2023,XI,2526391.0,499018.0,2023,2027373.0
"Obiekty hotelowe 
Hotels and similar establishments",XI,2156720.0,459195.0,2023,1697525.0
"Hotele 
Hotels",XI,1927848.0,422948.0,2023,1504900.0
"Motele  
Motels",XI,16506.0,0.0,2023,16506.0
"Pensjonaty 
Boarding house",XI,29885.0,0.0,2023,29885.0
"Inne obiekty hotelowe 
Other hotel establishments",XI,182481.0,31282.0,2023,151199.0
"Pozostałe obiekty noclegowe
Other establishments ",XI,369671.0,0.0,2023,369671.0
"Domy wycieczkowe 
Excursion hostels",XI,2700.0,286.0,2023,2414.0
"Schroniska 
Shelters",XI,9811.0,194.0,2023,9617.0
"Schroniska młodzieżowe 
Youth shelters",XI,4106.0,916.0,2023,3190.0
"Szkolne schroniska młodzieżowe
School youth shelters",XI,10603.0,0.0,2023,10603.0
"Ośrodki wczasowe 
Holiday centres",XI,73754.0,4740.0,2023,69014.0
"Ośrodki kolonijne 
Holiday youth centres",XI,986.0,12.0,2023,974.0
"Ośrodki szkoleniowo-wypoczynkowe 
Training-recreational centres",XI,46882.0,2128.0,2023,44754.0
"Domy pracy twórczej 
Creative arts centres",XI,1845.0,16.0,2023,1829.0
"Zespoły domków turystycznych 
Complexes of tourist cottages",XI,11483.0,0.0,2023,11483.0
"Kempingi 
Camping sites",XI,1456.0,246.0,2023,1210.0
"Pola biwakowe  
Tent camp sites",XI,254.0,0.0,2023,254.0
"Hostele 
Hostels",XI,53404.0,16452.0,2023,36952.0
"Zakłady uzdrowiskowe 
Health establishments",XI,60054.0,1805.0,2023,58249.0
"Pokoje gościnne 
Rooms for guests",XI,48265.0,5997.0,2023,42268.0
"Kwatery agroturystyczne 
Agrotourism lodgings",XI,5052.0,346.0,2023,4706.0
"Pozostałe niesklasyfikowane 
Other not classified",XI,39016.0,5079.0,2023,33937.0
O G Ó Ł E M                       2022       ,XII,2366764.0,517425.0,2023,1849339.0
T O T A L                            2023,XII,2472961.0,548313.0,2023,1924648.0
"Obiekty hotelowe 
Hotels and similar establishments",XII,2118846.0,501646.0,2023,1617200.0
"Hotele 
Hotels",XII,1886743.0,457377.0,2023,1429366.0
"Motele  
Motels",XII,13577.0,0.0,2023,13577.0
"Pensjonaty 
Boarding house",XII,34217.0,0.0,2023,34217.0
"Inne obiekty hotelowe 
Other hotel establishments",XII,184309.0,38047.0,2023,146262.0
"Pozostałe obiekty noclegowe
Other establishments ",XII,354115.0,0.0,2023,354115.0
"Domy wycieczkowe 
Excursion hostels",XII,1891.0,258.0,2023,1633.0
"Schroniska 
Shelters",XII,10323.0,201.0,2023,10122.0
"Schroniska młodzieżowe 
Youth shelters",XII,4022.0,719.0,2023,3303.0
"Szkolne schroniska młodzieżowe
School youth shelters",XII,10422.0,0.0,2023,10422.0
"Ośrodki wczasowe 
Holiday centres",XII,64606.0,5434.0,2023,59172.0
"Ośrodki kolonijne 
Holiday youth centres",XII,643.0,10.0,2023,633.0
"Ośrodki szkoleniowo-wypoczynkowe 
Training-recreational centres",XII,42879.0,2969.0,2023,39910.0
"Domy pracy twórczej 
Creative arts centres",XII,2007.0,43.0,2023,1964.0
"Zespoły domków turystycznych 
Complexes of tourist cottages",XII,11198.0,0.0,2023,11198.0
"Kempingi 
Camping sites",XII,1406.0,156.0,2023,1250.0
"Pola biwakowe  
Tent camp sites",XII,284.0,0.0,2023,284.0
"Hostele 
Hostels",XII,54902.0,20375.0,2023,34527.0
"Zakłady uzdrowiskowe 
Health establishments",XII,54518.0,1656.0,2023,52862.0
"Pokoje gościnne 
Rooms for guests",XII,55056.0,7821.0,2023,47235.0
"Kwatery agroturystyczne 
Agrotourism lodgings",XII,5283.0,337.0,2023,4946.0
"Pozostałe niesklasyfikowane 
Other not classified",XII,34675.0,5105.0,2023,29570.0
O G Ó Ł E M                       2016           ,I,1712855.0,330477.0,2017,1382378.0
T O T A L                            2017            ,I,1847429.0,345765.0,2017,1501664.0
"Obiekty hotelowe 
Hotels and similar establishments",I,1475337.0,312740.0,2017,1162597.0
"Hotele 
Hotels",I,1280092.0,288805.0,2017,991287.0
"Motele  
Motels",I,15219.0,0.0,2017,15219.0
"Pensjonaty 
Boarding house",I,38169.0,0.0,2017,38169.0
"Inne obiekty hotelowe 
Other hotel facilities",I,141857.0,18569.0,2017,123288.0
"Pozostałe obiekty noclegowe
Other facilities ",I,372092.0,0.0,2017,372092.0
"Domy wycieczkowe 
Excursion hostels",I,5101.0,227.0,2017,4874.0
"Schroniska 
Shelters",I,12527.0,189.0,2017,12338.0
"Schroniska młodzieżowe 
Youth hostels",I,4685.0,484.0,2017,4201.0
"Szkolne schroniska młodzieżowe
School youth hostels",I,18214.0,0.0,2017,18214.0
"Ośrodki wczasowe 
Holiday centres",I,68424.0,3775.0,2017,64649.0
"Ośrodki kolonijne 
Holiday youth centers",I,3890.0,0.0,2017,3890.0
"Ośrodki szkoleniowo-wypoczynkowe 
Training-recreational centres",I,52574.0,2927.0,2017,49647.0
"Domy pracy twórczej 
Creative arts centres",I,1835.0,49.0,2017,1786.0
"Zespoły domków turystycznych 
Complexes of tourist cottages",I,4646.0,0.0,2017,4646.0
"Kempingi 
Camping sites",I,485.0,123.0,2017,362.0
"Pola biwakowe  
Tent camp sites",I,10.0,0.0,2017,10.0
"Hostele 
Hostels",I,40229.0,12650.0,2017,27579.0
"Zakłady uzdrowiskowe 
Health establishments",I,61236.0,1869.0,2017,59367.0
"Pokoje gościnne 
Rooms for guests",I,45345.0,3838.0,2017,41507.0
"Kwatery agroturystyczne 
Agrotourism lodgings",I,6266.0,358.0,2017,5908.0
"Pozostałe niesklasyfikowane 
Other not classified",I,46625.0,4412.0,2017,42213.0
O G Ó Ł E M                       2016           ,II,1820325.0,322770.0,2017,1497555.0
T O T A L                            2017            ,II,1907901.0,340714.0,2017,1567187.0
"Obiekty hotelowe 
Hotels and similar establishments",II,1524688.0,307709.0,2017,1216979.0
"Hotele 
Hotels",II,1325323.0,283711.0,2017,1041612.0
"Motele  
Motels",II,14533.0,0.0,2017,14533.0
"Pensjonaty 
Boarding house",II,38979.0,0.0,2017,38979.0
"Inne obiekty hotelowe 
Other hotel facilities",II,145853.0,18975.0,2017,126878.0
"Pozostałe obiekty noclegowe
Other facilities ",II,383213.0,0.0,2017,383213.0
"Domy wycieczkowe 
Excursion hostels",II,5227.0,406.0,2017,4821.0
"Schroniska 
Shelters",II,13059.0,304.0,2017,12755.0
"Schroniska młodzieżowe 
Youth hostels",II,5196.0,791.0,2017,4405.0
"Szkolne schroniska młodzieżowe
School youth hostels",II,18283.0,0.0,2017,18283.0
"Ośrodki wczasowe 
Holiday centres",II,75593.0,4369.0,2017,71224.0
"Ośrodki kolonijne 
Holiday youth centers",II,4690.0,0.0,2017,4690.0
"Ośrodki szkoleniowo-wypoczynkowe 
Training-recreational centres",II,55577.0,2597.0,2017,52980.0
"Domy pracy twórczej 
Creative arts centres",II,2324.0,40.0,2017,2284.0
"Zespoły domków turystycznych 
Complexes of tourist cottages",II,4726.0,0.0,2017,4726.0
"Kempingi 
Camping sites",II,385.0,74.0,2017,311.0
"Pola biwakowe  
Tent camp sites",II,18.0,0.0,2017,18.0
"Hostele 
Hostels",II,42959.0,12287.0,2017,30672.0
"Zakłady uzdrowiskowe 
Health establishments",II,51763.0,1970.0,2017,49793.0
"Pokoje gościnne 
Rooms for guests",II,48986.0,3306.0,2017,45680.0
"Kwatery agroturystyczne 
Agrotourism lodgings",II,6571.0,325.0,2017,6246.0
"Pozostałe niesklasyfikowane 
Other not classified",II,47856.0,4686.0,2017,43170.0
O G Ó Ł E M                       2016           ,III,1868981.0,439065.0,2017,1429916.0
T O T A L                            2017            ,III,2107293.0,449138.0,2017,1658155.0
"Obiekty hotelowe 
Hotels and similar establishments",III,1752437.0,411243.0,2017,1341194.0
"Hotele 
Hotels",III,1547012.0,378962.0,2017,1168050.0
"Motele  
Motels",III,17522.0,0.0,2017,17522.0
"Pensjonaty 
Boarding house",III,30582.0,0.0,2017,30582.0
"Inne obiekty hotelowe 
Other hotel facilities",III,157321.0,26796.0,2017,130525.0
"Pozostałe obiekty noclegowe
Other facilities ",III,354856.0,0.0,2017,354856.0
"Domy wycieczkowe 
Excursion hostels",III,4750.0,266.0,2017,4484.0
"Schroniska 
Shelters",III,11357.0,323.0,2017,11034.0
"Schroniska młodzieżowe 
Youth hostels",III,6075.0,1113.0,2017,4962.0
"Szkolne schroniska młodzieżowe
School youth hostels",III,20989.0,0.0,2017,20989.0
"Ośrodki wczasowe 
Holiday centres",III,45820.0,4480.0,2017,41340.0
"Ośrodki kolonijne 
Holiday youth centers",III,4981.0,73.0,2017,4908.0
"Ośrodki szkoleniowo-wypoczynkowe 
Training-recreational centres",III,51380.0,2967.0,2017,48413.0
"Domy pracy twórczej 
Creative arts centres",III,2058.0,24.0,2017,2034.0
"Zespoły domków turystycznych 
Complexes of tourist cottages",III,3422.0,0.0,2017,3422.0
"Kempingi 
Camping sites",III,659.0,144.0,2017,515.0
"Pola biwakowe  
Tent camp sites",III,93.0,0.0,2017,93.0
"Hostele 
Hostels",III,47470.0,15012.0,2017,32458.0
"Zakłady uzdrowiskowe 
Health establishments",III,62207.0,2914.0,2017,59293.0
"Pokoje gościnne 
Rooms for guests",III,32604.0,3769.0,2017,28835.0
"Kwatery agroturystyczne 
Agrotourism lodgings",III,4937.0,348.0,2017,4589.0
"Pozostałe niesklasyfikowane 
Other not classified",III,56054.0,3730.0,2017,52324.0
O G Ó Ł E M                       2016           ,IV,2238153.0,482790.0,2017,1755363.0
T O T A L                            2017            ,IV,2285368.0,518750.0,2017,1766618.0
"Obiekty hotelowe 
Hotels and similar establishments",IV,1841180.0,468616.0,2017,1372564.0
"Hotele 
Hotels",IV,1609386.0,432150.0,2017,1177236.0
"Motele  
Motels",IV,18268.0,0.0,2017,18268.0
"Pensjonaty 
Boarding house",IV,36318.0,0.0,2017,36318.0
"Inne obiekty hotelowe 
Other hotel facilities",IV,177208.0,30170.0,2017,147038.0
"Pozostałe obiekty noclegowe
Other facilities ",IV,444188.0,0.0,2017,444188.0
"Domy wycieczkowe 
Excursion hostels",IV,6236.0,208.0,2017,6028.0
"Schroniska 
Shelters",IV,11425.0,232.0,2017,11193.0
"Schroniska młodzieżowe 
Youth hostels",IV,8702.0,1134.0,2017,7568.0
"Szkolne schroniska młodzieżowe
School youth hostels",IV,27893.0,0.0,2017,27893.0
"Ośrodki wczasowe 
Holiday centres",IV,72022.0,5984.0,2017,66038.0
"Ośrodki kolonijne 
Holiday youth centers",IV,4790.0,34.0,2017,4756.0
"Ośrodki szkoleniowo-wypoczynkowe 
Training-recreational centres",IV,70317.0,3071.0,2017,67246.0
"Domy pracy twórczej 
Creative arts centres",IV,3067.0,100.0,2017,2967.0
"Zespoły domków turystycznych 
Complexes of tourist cottages",IV,8616.0,0.0,2017,8616.0
"Kempingi 
Camping sites",IV,1981.0,822.0,2017,1159.0
"Pola biwakowe  
Tent camp sites",IV,390.0,0.0,2017,390.0
"Hostele 
Hostels",IV,51760.0,17690.0,2017,34070.0
"Zakłady uzdrowiskowe 
Health establishments",IV,66952.0,3772.0,2017,63180.0
"Pokoje gościnne 
Rooms for guests",IV,37155.0,4706.0,2017,32449.0
"Kwatery agroturystyczne 
Agrotourism lodgings",IV,7359.0,633.0,2017,6726.0
"Pozostałe niesklasyfikowane 
Other not classified",IV,65523.0,7907.0,2017,57616.0
O G Ó Ł E M                       2016           ,V,2692655.0,592182.0,2017,2100473.0
T O T A L                            2017            ,V,2847226.0,609705.0,2017,2237521.0
"Obiekty hotelowe 
Hotels and similar establishments",V,2131121.0,545931.0,2017,1585190.0
"Hotele 
Hotels",V,1843471.0,502170.0,2017,1341301.0
"Motele  
Motels",V,21113.0,0.0,2017,21113.0
"Pensjonaty 
Boarding house",V,49709.0,0.0,2017,49709.0
"Inne obiekty hotelowe 
Other hotel facilities",V,216828.0,35897.0,2017,180931.0
"Pozostałe obiekty noclegowe
Other facilities ",V,716105.0,0.0,2017,716105.0
"Domy wycieczkowe 
Excursion hostels",V,11917.0,442.0,2017,11475.0
"Schroniska 
Shelters",V,17522.0,507.0,2017,17015.0
"Schroniska młodzieżowe 
Youth hostels",V,12699.0,1103.0,2017,11596.0
"Szkolne schroniska młodzieżowe
School youth hostels",V,49111.0,0.0,2017,49111.0
"Ośrodki wczasowe 
Holiday centres",V,154773.0,7797.0,2017,146976.0
"Ośrodki kolonijne 
Holiday youth centers",V,12254.0,0.0,2017,12254.0
"Ośrodki szkoleniowo-wypoczynkowe 
Training-recreational centres",V,115691.0,4684.0,2017,111007.0
"Domy pracy twórczej 
Creative arts centres",V,4096.0,210.0,2017,3886.0
"Zespoły domków turystycznych 
Complexes of tourist cottages",V,28073.0,0.0,2017,28073.0
"Kempingi 
Camping sites",V,14027.0,6694.0,2017,7333.0
"Pola biwakowe  
Tent camp sites",V,1659.0,0.0,2017,1659.0
"Hostele 
Hostels",V,66974.0,18090.0,2017,48884.0
"Zakłady uzdrowiskowe 
Health establishments",V,66674.0,5176.0,2017,61498.0
"Pokoje gościnne 
Rooms for guests",V,54866.0,6058.0,2017,48808.0
"Kwatery agroturystyczne 
Agrotourism lodgings",V,12380.0,597.0,2017,11783.0
"Pozostałe niesklasyfikowane 
Other not classified",V,93389.0,7649.0,2017,85740.0
O G Ó Ł E M                       2016           ,VI,3021650.0,627556.0,2017,2394094.0
T O T A L                            2017            ,VI,3250518.0,672919.0,2017,2577599.0
"Obiekty hotelowe 
Hotels and similar establishments",VI,2318266.0,591451.0,2017,1726815.0
"Hotele 
Hotels",VI,1990293.0,543418.0,2017,1446875.0
"Motele  
Motels",VI,20925.0,0.0,2017,20925.0
"Pensjonaty 
Boarding house",VI,60399.0,0.0,2017,60399.0
"Inne obiekty hotelowe 
Other hotel facilities",VI,246649.0,39437.0,2017,207212.0
"Pozostałe obiekty noclegowe
Other facilities ",VI,932252.0,0.0,2017,932252.0
"Domy wycieczkowe 
Excursion hostels",VI,10852.0,458.0,2017,10394.0
"Schroniska 
Shelters",VI,19972.0,655.0,2017,19317.0
"Schroniska młodzieżowe 
Youth hostels",VI,11370.0,1329.0,2017,10041.0
"Szkolne schroniska młodzieżowe
School youth hostels",VI,46403.0,0.0,2017,46403.0
"Ośrodki wczasowe 
Holiday centres",VI,231869.0,9114.0,2017,222755.0
"Ośrodki kolonijne 
Holiday youth centers",VI,27598.0,10.0,2017,27588.0
"Ośrodki szkoleniowo-wypoczynkowe 
Training-recreational centres",VI,152069.0,4764.0,2017,147305.0
"Domy pracy twórczej 
Creative arts centres",VI,5797.0,383.0,2017,5414.0
"Zespoły domków turystycznych 
Complexes of tourist cottages",VI,53544.0,0.0,2017,53544.0
"Kempingi 
Camping sites",VI,31321.0,14774.0,2017,16547.0
"Pola biwakowe  
Tent camp sites",VI,7812.0,0.0,2017,7812.0
"Hostele 
Hostels",VI,69065.0,20171.0,2017,48894.0
"Zakłady uzdrowiskowe 
Health establishments",VI,75268.0,4644.0,2017,70624.0
"Pokoje gościnne 
Rooms for guests",VI,73132.0,7774.0,2017,65358.0
"Kwatery agroturystyczne 
Agrotourism lodgings",VI,15597.0,785.0,2017,14812.0
"Pozostałe niesklasyfikowane 
Other not classified",VI,100583.0,9955.0,2017,90628.0
O G Ó Ł E M                       2016           ,VII,3562000.0,766909.0,2017,2795091.0
T O T A L                            2017            ,VII,3755086.0,813694.0,2017,2941392.0
"Obiekty hotelowe 
Hotels and similar establishments",VII,2391162.0,683533.0,2017,1707629.0
"Hotele 
Hotels",VII,2014931.0,621031.0,2017,1393900.0
"Motele  
Motels",VII,22167.0,0.0,2017,22167.0
"Pensjonaty 
Boarding house",VII,71848.0,0.0,2017,71848.0
"Inne obiekty hotelowe 
Other hotel facilities",VII,282216.0,51054.0,2017,231162.0
"Pozostałe obiekty noclegowe
Other facilities ",VII,1363924.0,0.0,2017,1363924.0
"Domy wycieczkowe 
Excursion hostels",VII,11728.0,281.0,2017,11447.0
"Schroniska 
Shelters",VII,24107.0,1253.0,2017,22854.0
"Schroniska młodzieżowe 
Youth hostels",VII,10176.0,1681.0,2017,8495.0
"Szkolne schroniska młodzieżowe
School youth hostels",VII,41988.0,0.0,2017,41988.0
"Ośrodki wczasowe 
Holiday centres",VII,354221.0,13693.0,2017,340528.0
"Ośrodki kolonijne 
Holiday youth centers",VII,33191.0,252.0,2017,32939.0
"Ośrodki szkoleniowo-wypoczynkowe 
Training-recreational centres",VII,155047.0,4920.0,2017,150127.0
"Domy pracy twórczej 
Creative arts centres",VII,5446.0,434.0,2017,5012.0
"Zespoły domków turystycznych 
Complexes of tourist cottages",VII,101010.0,0.0,2017,101010.0
"Kempingi 
Camping sites",VII,103522.0,31694.0,2017,71828.0
"Pola biwakowe  
Tent camp sites",VII,44827.0,0.0,2017,44827.0
"Hostele 
Hostels",VII,82125.0,26786.0,2017,55339.0
"Zakłady uzdrowiskowe 
Health establishments",VII,83285.0,6188.0,2017,77097.0
"Pokoje gościnne 
Rooms for guests",VII,152612.0,11354.0,2017,141258.0
"Kwatery agroturystyczne 
Agrotourism lodgings",VII,26830.0,1242.0,2017,25588.0
"Pozostałe niesklasyfikowane 
Other not classified",VII,133809.0,16279.0,2017,117530.0
O G Ó Ł E M                       2016           ,VIII,3673076.0,786052.0,2017,2887024.0
T O T A L                            2017            ,VIII,3803479.0,818362.0,2017,2985117.0
"Obiekty hotelowe 
Hotels and similar establishments",VIII,2488433.0,697449.0,2017,1790984.0
"Hotele 
Hotels",VIII,2109888.0,637770.0,2017,1472118.0
"Motele  
Motels",VIII,21737.0,0.0,2017,21737.0
"Pensjonaty 
Boarding house",VIII,73925.0,0.0,2017,73925.0
"Inne obiekty hotelowe 
Other hotel facilities",VIII,282883.0,49011.0,2017,233872.0
"Pozostałe obiekty noclegowe
Other facilities ",VIII,1315046.0,0.0,2017,1315046.0
"Domy wycieczkowe 
Excursion hostels",VIII,12289.0,567.0,2017,11722.0
"Schroniska 
Shelters",VIII,28707.0,1101.0,2017,27606.0
"Schroniska młodzieżowe 
Youth hostels",VIII,9470.0,1271.0,2017,8199.0
"Szkolne schroniska młodzieżowe
School youth hostels",VIII,40005.0,0.0,2017,40005.0
"Ośrodki wczasowe 
Holiday centres",VIII,338094.0,12665.0,2017,325429.0
"Ośrodki kolonijne 
Holiday youth centers",VIII,31089.0,158.0,2017,30931.0
"Ośrodki szkoleniowo-wypoczynkowe 
Training-recreational centres",VIII,152083.0,5713.0,2017,146370.0
"Domy pracy twórczej 
Creative arts centres",VIII,5596.0,306.0,2017,5290.0
"Zespoły domków turystycznych 
Complexes of tourist cottages",VIII,99229.0,0.0,2017,99229.0
"Kempingi 
Camping sites",VIII,99836.0,29457.0,2017,70379.0
"Pola biwakowe  
Tent camp sites",VIII,36641.0,0.0,2017,36641.0
"Hostele 
Hostels",VIII,71135.0,25819.0,2017,45316.0
"Zakłady uzdrowiskowe 
Health establishments",VIII,84394.0,6352.0,2017,78042.0
"Pokoje gościnne 
Rooms for guests",VIII,148227.0,10165.0,2017,138062.0
"Kwatery agroturystyczne 
Agrotourism lodgings",VIII,25964.0,1129.0,2017,24835.0
"Pozostałe niesklasyfikowane 
Other not classified",VIII,132287.0,14441.0,2017,117846.0
O G Ó Ł E M                       2016           ,IX,2988738.0,649795.0,2017,2338943.0
T O T A L                            2017            ,IX,3123243.0,691575.0,2017,2431668.0
"Obiekty hotelowe 
Hotels and similar establishments",IX,2393215.0,615800.0,2017,1777415.0
"Hotele 
Hotels",IX,2075922.0,566163.0,2017,1509759.0
"Motele  
Motels",IX,20594.0,0.0,2017,20594.0
"Pensjonaty 
Boarding house",IX,55117.0,0.0,2017,55117.0
"Inne obiekty hotelowe 
Other hotel facilities",IX,241582.0,40962.0,2017,200620.0
"Pozostałe obiekty noclegowe
Other facilities ",IX,730028.0,0.0,2017,730028.0
"Domy wycieczkowe 
Excursion hostels",IX,8723.0,572.0,2017,8151.0
"Schroniska 
Shelters",IX,19891.0,992.0,2017,18899.0
"Schroniska młodzieżowe 
Youth hostels",IX,7303.0,1133.0,2017,6170.0
"Szkolne schroniska młodzieżowe
School youth hostels",IX,29273.0,0.0,2017,29273.0
"Ośrodki wczasowe 
Holiday centres",IX,166918.0,10502.0,2017,156416.0
"Ośrodki kolonijne 
Holiday youth centers",IX,10461.0,0.0,2017,10461.0
"Ośrodki szkoleniowo-wypoczynkowe 
Training-recreational centres",IX,119157.0,3451.0,2017,115706.0
"Domy pracy twórczej 
Creative arts centres",IX,4952.0,311.0,2017,4641.0
"Zespoły domków turystycznych 
Complexes of tourist cottages",IX,29865.0,0.0,2017,29865.0
"Kempingi 
Camping sites",IX,15898.0,6822.0,2017,9076.0
"Pola biwakowe  
Tent camp sites",IX,3524.0,0.0,2017,3524.0
"Hostele 
Hostels",IX,64091.0,22636.0,2017,41455.0
"Zakłady uzdrowiskowe 
Health establishments",IX,77073.0,6906.0,2017,70167.0
"Pokoje gościnne 
Rooms for guests",IX,58750.0,6858.0,2017,51892.0
"Kwatery agroturystyczne 
Agrotourism lodgings",IX,12218.0,575.0,2017,11643.0
"Pozostałe niesklasyfikowane 
Other not classified",IX,101931.0,10355.0,2017,91576.0
O G Ó Ł E M                       2016           ,X,2518407.0,550387.0,2017,1968020.0
T O T A L                            2017            ,X,2671256.0,599323.0,2017,2071933.0
"Obiekty hotelowe 
Hotels and similar establishments",X,2170908.0,541211.0,2017,1629697.0
"Hotele 
Hotels",X,1899212.0,496085.0,2017,1403127.0
"Motele  
Motels",X,20072.0,0.0,2017,20072.0
"Pensjonaty 
Boarding house",X,41229.0,0.0,2017,41229.0
"Inne obiekty hotelowe 
Other hotel facilities",X,210395.0,37426.0,2017,172969.0
"Pozostałe obiekty noclegowe
Other facilities ",X,500348.0,0.0,2017,500348.0
"Domy wycieczkowe 
Excursion hostels",X,7736.0,350.0,2017,7386.0
"Schroniska 
Shelters",X,13898.0,474.0,2017,13424.0
"Schroniska młodzieżowe 
Youth hostels",X,7156.0,1532.0,2017,5624.0
"Szkolne schroniska młodzieżowe
School youth hostels",X,29646.0,0.0,2017,29646.0
"Ośrodki wczasowe 
Holiday centres",X,76571.0,8224.0,2017,68347.0
"Ośrodki kolonijne 
Holiday youth centers",X,5823.0,7.0,2017,5816.0
"Ośrodki szkoleniowo-wypoczynkowe 
Training-recreational centres",X,86642.0,2888.0,2017,83754.0
"Domy pracy twórczej 
Creative arts centres",X,2826.0,121.0,2017,2705.0
"Zespoły domków turystycznych 
Complexes of tourist cottages",X,10379.0,0.0,2017,10379.0
"Kempingi 
Camping sites",X,3322.0,943.0,2017,2379.0
"Pola biwakowe  
Tent camp sites",X,399.0,0.0,2017,399.0
"Hostele 
Hostels",X,62349.0,20080.0,2017,42269.0
"Zakłady uzdrowiskowe 
Health establishments",X,74134.0,5074.0,2017,69060.0
"Pokoje gościnne 
Rooms for guests",X,40025.0,5813.0,2017,34212.0
"Kwatery agroturystyczne 
Agrotourism lodgings",X,7103.0,453.0,2017,6650.0
"Pozostałe niesklasyfikowane 
Other not classified",X,72339.0,8110.0,2017,64229.0
O G Ó Ł E M                       2016           ,XI,2086069.0,426656.0,2017,1659413.0
T O T A L                            2017            ,XI,2273641.0,479787.0,2017,1793854.0
"Obiekty hotelowe 
Hotels and similar establishments",XI,1901438.0,437214.0,2017,1464224.0
"Hotele 
Hotels",XI,1680761.0,403890.0,2017,1276871.0
"Motele  
Motels",XI,17843.0,0.0,2017,17843.0
"Pensjonaty 
Boarding house",XI,30325.0,0.0,2017,30325.0
"Inne obiekty hotelowe 
Other hotel facilities",XI,172509.0,27960.0,2017,144549.0
"Pozostałe obiekty noclegowe
Other facilities ",XI,372203.0,0.0,2017,372203.0
"Domy wycieczkowe 
Excursion hostels",XI,5810.0,461.0,2017,5349.0
"Schroniska 
Shelters",XI,8237.0,192.0,2017,8045.0
"Schroniska młodzieżowe 
Youth hostels",XI,5680.0,938.0,2017,4742.0
"Szkolne schroniska młodzieżowe
School youth hostels",XI,20412.0,0.0,2017,20412.0
"Ośrodki wczasowe 
Holiday centres",XI,50638.0,5164.0,2017,45474.0
"Ośrodki kolonijne 
Holiday youth centers",XI,3810.0,5.0,2017,3805.0
"Ośrodki szkoleniowo-wypoczynkowe 
Training-recreational centres",XI,56528.0,1546.0,2017,54982.0
"Domy pracy twórczej 
Creative arts centres",XI,2276.0,94.0,2017,2182.0
"Zespoły domków turystycznych 
Complexes of tourist cottages",XI,3747.0,0.0,2017,3747.0
"Kempingi 
Camping sites",XI,783.0,147.0,2017,636.0
"Pola biwakowe  
Tent camp sites",XI,57.0,0.0,2017,57.0
"Hostele 
Hostels",XI,52651.0,17808.0,2017,34843.0
"Zakłady uzdrowiskowe 
Health establishments",XI,68636.0,2056.0,2017,66580.0
"Pokoje gościnne 
Rooms for guests",XI,32019.0,4997.0,2017,27022.0
"Kwatery agroturystyczne 
Agrotourism lodgings",XI,5286.0,413.0,2017,4873.0
"Pozostałe niesklasyfikowane 
Other not classified",XI,55633.0,6020.0,2017,49613.0
O G Ó Ł E M                       2016           ,XII,1925399.0,404154.0,2017,1521245.0
T O T A L                            2017            ,XII,2116904.0,463935.0,2017,1652969.0
"Obiekty hotelowe 
Hotels and similar establishments",XII,1746473.0,420224.0,2017,1326249.0
"Hotele 
Hotels",XII,1539809.0,386030.0,2017,1153779.0
"Motele  
Motels",XII,15488.0,0.0,2017,15488.0
"Pensjonaty 
Boarding house",XII,34819.0,0.0,2017,34819.0
"Inne obiekty hotelowe 
Other hotel facilities",XII,156357.0,28838.0,2017,127519.0
"Pozostałe obiekty noclegowe
Other facilities ",XII,370431.0,0.0,2017,370431.0
"Domy wycieczkowe 
Excursion hostels",XII,6423.0,226.0,2017,6197.0
"Schroniska 
Shelters",XII,11208.0,157.0,2017,11051.0
"Schroniska młodzieżowe 
Youth hostels",XII,4194.0,844.0,2017,3350.0
"Szkolne schroniska młodzieżowe
School youth hostels",XII,17137.0,0.0,2017,17137.0
"Ośrodki wczasowe 
Holiday centres",XII,64311.0,5856.0,2017,58455.0
"Ośrodki kolonijne 
Holiday youth centers",XII,2125.0,0.0,2017,2125.0
"Ośrodki szkoleniowo-wypoczynkowe 
Training-recreational centres",XII,55233.0,2298.0,2017,52935.0
"Domy pracy twórczej 
Creative arts centres",XII,2474.0,55.0,2017,2419.0
"Zespoły domków turystycznych 
Complexes of tourist cottages",XII,5021.0,0.0,2017,5021.0
"Kempingi 
Camping sites",XII,781.0,111.0,2017,670.0
"Pola biwakowe  
Tent camp sites",XII,72.0,0.0,2017,72.0
"Hostele 
Hostels",XII,50433.0,17648.0,2017,32785.0
"Zakłady uzdrowiskowe 
Health establishments",XII,51970.0,2745.0,2017,49225.0
"Pokoje gościnne 
Rooms for guests",XII,42273.0,5677.0,2017,36596.0
"Kwatery agroturystyczne 
Agrotourism lodgings",XII,7009.0,379.0,2017,6630.0
"Pozostałe niesklasyfikowane 
Other not classified",XII,49767.0,5547.0,2017,44220.0
