[0m09:13:25.070847 [debug] [MainThread]: Sending event: {'category': 'dbt', 'action': 'invocation', 'label': 'start', 'context': [<snowplow_tracker.self_describing_json.SelfDescribingJson object at 0x0000024A50B31850>, <snowplow_tracker.self_describing_json.SelfDescribingJson object at 0x0000024A50487230>, <snowplow_tracker.self_describing_json.SelfDescribingJson object at 0x0000024A50487650>]}


============================== 09:13:25.091926 | 78292556-ac90-4710-836c-c57e4b0b1f55 ==============================
[0m09:13:25.091926 [info ] [MainThread]: Running with dbt=1.12.5
[0m09:13:25.091926 [debug] [MainThread]: running dbt with arguments {'static_parser': 'True', 'no_print': 'None', 'version_check': 'True', 'target_path': 'None', 'warn_error_options': 'WarnErrorOptionsV2(error=[], warn=[], silence=[])', 'maximum_seed_size_mib': '1', 'printer_width': '80', 'write_json': 'True', 'empty': 'None', 'log_cache_events': 'False', 'introspect': 'True', 'cache_selected_only': 'False', 'fail_fast': 'False', 'debug': 'False', 'log_format': 'default', 'profiles_dir': 'C:\\Users\\skatm\\.dbt', 'send_anonymous_usage_stats': 'True', 'quiet': 'False', 'warn_error': 'None', 'partial_parse': 'True', 'use_colors': 'True', 'hints_enabled': 'True', 'indirect_selection': 'eager', 'use_experimental_parser': 'False', 'invocation_command': 'dbt init', 'log_path': 'logs'}
[0m09:13:25.229440 [info ] [MainThread]: Creating dbt configuration folder at C:\Users\skatm\.dbt
[0m09:13:34.243216 [debug] [MainThread]: Starter project path: C:\Users\skatm\DE\BI-DEV\projects\Project - sales algorithm\.venv\Lib\site-packages\dbt\include\starter_project
[0m09:13:34.269743 [info ] [MainThread]: Setting up your profile.
[0m09:17:17.130145 [info ] [MainThread]: Profile sales_algorithm written to C:\Users\skatm\.dbt\profiles.yml using target's profile_template.yml and your supplied values.
[0m09:17:17.144162 [info ] [MainThread]: Running dbt debug to validate the project...
[0m09:17:17.144162 [info ] [MainThread]: dbt version: 1.12.5
[0m09:17:17.145162 [info ] [MainThread]: python version: 3.12.10
[0m09:17:17.145162 [info ] [MainThread]: python path: C:\Users\skatm\DE\BI-DEV\projects\Project - sales algorithm\.venv\Scripts\python.exe
[0m09:17:17.146160 [info ] [MainThread]: os info: Windows-11-10.0.26200-SP0
[0m09:17:17.193716 [info ] [MainThread]: Using profiles dir at C:\Users\skatm\.dbt
[0m09:17:17.194716 [info ] [MainThread]: Using profiles.yml file at C:\Users\skatm\.dbt\profiles.yml
[0m09:17:17.194716 [info ] [MainThread]: Using dbt_project.yml file at C:\Users\skatm\DE\BI-DEV\projects\Project - sales algorithm\sales_algorithm\dbt_project.yml
[0m09:17:17.195744 [info ] [MainThread]: adapter type: sqlserver
[0m09:17:17.195744 [info ] [MainThread]: adapter version: 1.11.1
[0m09:17:17.302929 [info ] [MainThread]: Configuration:
[0m09:17:17.304463 [info ] [MainThread]:   profiles.yml file [[32mOK found and valid[0m]
[0m09:17:17.304463 [info ] [MainThread]:   dbt_project.yml file [[32mOK found and valid[0m]
[0m09:17:17.305498 [info ] [MainThread]: Required dependencies:
[0m09:17:17.305498 [debug] [MainThread]: Executing "git --help"
[0m09:17:17.351396 [debug] [MainThread]: STDOUT: "b"usage: git [-v | --version] [-h | --help] [-C <path>] [-c <name>=<value>]\n           [--exec-path[=<path>]] [--html-path] [--man-path] [--info-path]\n           [-p | --paginate | -P | --no-pager] [--no-replace-objects] [--no-lazy-fetch]\n           [--no-optional-locks] [--no-advice] [--bare] [--git-dir=<path>]\n           [--work-tree=<path>] [--namespace=<name>] [--config-env=<name>=<envvar>]\n           <command> [<args>]\n\nThese are common Git commands used in various situations:\n\nstart a working area (see also: git help tutorial)\n   clone      Clone a repository into a new directory\n   init       Create an empty Git repository or reinitialize an existing one\n\nwork on the current change (see also: git help everyday)\n   add        Add file contents to the index\n   mv         Move or rename a file, a directory, or a symlink\n   restore    Restore working tree files\n   rm         Remove files from the working tree and from the index\n\nexamine the history and state (see also: git help revisions)\n   bisect     Use binary search to find the commit that introduced a bug\n   diff       Show changes between commits, commit and working tree, etc\n   grep       Print lines matching a pattern\n   log        Show commit logs\n   show       Show various types of objects\n   status     Show the working tree status\n\ngrow, mark and tweak your common history\n   backfill   Download missing objects in a partial clone\n   branch     List, create, or delete branches\n   commit     Record changes to the repository\n   history    EXPERIMENTAL: Rewrite history\n   merge      Join two or more development histories together\n   rebase     Reapply commits on top of another base tip\n   reset      Set `HEAD` or the index to a known state\n   switch     Switch branches\n   tag        Create, list, delete or verify tags\n\ncollaborate (see also: git help workflows)\n   fetch      Download objects and refs from another repository\n   pull       Fetch from and integrate with another repository or a local branch\n   push       Update remote refs along with associated objects\n\n'git help -a' and 'git help -g' list available subcommands and some\nconcept guides. See 'git help <command>' or 'git help <concept>'\nto read about a specific subcommand or concept.\nSee 'git help git' for an overview of the system.\n""
[0m09:17:17.351396 [debug] [MainThread]: STDERR: "b''"
[0m09:17:17.352393 [info ] [MainThread]:  - git [[32mOK found[0m]

[0m09:17:17.352393 [info ] [MainThread]: Connection:
[0m09:17:17.352393 [info ] [MainThread]:   driver: None
[0m09:17:17.353397 [info ] [MainThread]:   server: ja
[0m09:17:17.353397 [info ] [MainThread]:   port: 111
[0m09:17:17.353397 [info ] [MainThread]:   database: desktop
[0m09:17:17.354365 [info ] [MainThread]:   schema: None
[0m09:17:17.354365 [info ] [MainThread]:   UID: Skat
[0m09:17:17.354365 [info ] [MainThread]:   authentication: sql
[0m09:17:17.355366 [info ] [MainThread]:   windows_login: False
[0m09:17:17.355872 [info ] [MainThread]:   retries: 3
[0m09:17:17.355872 [info ] [MainThread]:   login_timeout: 0
[0m09:17:17.355872 [info ] [MainThread]:   query_timeout: 0
[0m09:17:17.356877 [info ] [MainThread]:   trace_flag: False
[0m09:17:17.356877 [info ] [MainThread]:   encrypt: True
[0m09:17:17.356877 [info ] [MainThread]:   trust_cert: False
[0m09:17:17.357877 [info ] [MainThread]:   backend: pyodbc
[0m09:17:17.357877 [info ] [MainThread]:   xact_abort: True
[0m09:17:17.358876 [info ] [MainThread]: Registered adapter: sqlserver=1.11.1
[0m09:17:17.891394 [warn ] [MainThread]: [[33mWARNING[0m]: When True, uses SQL Server-native string type mappings: STRING -> VARCHAR(MAX), NCHAR -> NCHAR(1), NVARCHAR -> NVARCHAR(4000). When False (default), preserves legacy mappings: STRING and NVARCHAR -> VARCHAR(8000), NCHAR -> CHAR(1). The new behaviour is intended to become the default in a future release.
You may opt into the new behavior sooner by setting `flags.dbt_sqlserver_use_native_string_types` to `True` in `dbt_project.yml`.
Visit https://docs.getdbt.com/reference/global-configs/behavior-changes for more information.
[0m09:17:17.891394 [debug] [MainThread]: Sending event: {'category': 'dbt', 'action': 'BehaviorChangeEvent', 'label': '78292556-ac90-4710-836c-c57e4b0b1f55', 'context': [<snowplow_tracker.self_describing_json.SelfDescribingJson object at 0x0000024A52BDE570>]}
[0m09:17:17.892399 [warn ] [MainThread]: [[33mWARNING[0m]: When True, dbt transaction hooks (begin/commit) emit real T-SQL BEGIN TRANSACTION / COMMIT TRANSACTION statements. When False (default and legacy), begin/commit are no-ops and each statement is auto-committed by the driver. This means earlier successful statements are not rolled back if a later statement fails. This behavior is intended to become the default in a future release.
You may opt into the new behavior sooner by setting `flags.dbt_sqlserver_use_dbt_transactions` to `True` in `dbt_project.yml`.
Visit https://docs.getdbt.com/reference/global-configs/behavior-changes for more information.
[0m09:17:17.892399 [debug] [MainThread]: Sending event: {'category': 'dbt', 'action': 'BehaviorChangeEvent', 'label': '78292556-ac90-4710-836c-c57e4b0b1f55', 'context': [<snowplow_tracker.self_describing_json.SelfDescribingJson object at 0x0000024A52BDE450>]}
[0m09:17:17.893400 [debug] [MainThread]: Acquiring new sqlserver connection 'debug'
[0m09:17:17.893400 [debug] [MainThread]: Using sqlserver connection "debug"
[0m09:17:17.893400 [debug] [MainThread]: On debug: select 1 as id
[0m09:17:17.894399 [debug] [MainThread]: Opening a new connection, currently in state init
[0m09:17:17.894399 [debug] [MainThread]: sqlserver adapter: SQL execution raised DbtRuntimeError: Runtime Error
  The `schema` profile field is required for SQL Server connections.
[0m09:17:17.894399 [debug] [MainThread]: sqlserver adapter: Error running SQL: select 1 as id
[0m09:17:17.895398 [debug] [MainThread]: sqlserver adapter: Rolling back transaction.
[0m09:17:17.895398 [info ] [MainThread]:   Connection test: [[31mERROR[0m]

[0m09:17:17.895398 [info ] [MainThread]: [31m1 check failed:[0m
[0m09:17:17.896400 [info ] [MainThread]: dbt was unable to connect to the specified database.
The database returned the following error:

  >Runtime Error
  The `schema` profile field is required for SQL Server connections.

Check your database credentials and try again. For more information, visit:
https://docs.getdbt.com/docs/configure-your-profile


[0m09:17:17.896400 [info ] [MainThread]: Your new dbt project "sales_algorithm" was created!
Initialized new project in C:\Users\skatm\DE\BI-DEV\projects\Project - sales algorithm\sales_algorithm\sales_algorithm

For more information on how to configure the profiles.yml file,
please consult the dbt documentation here:

  https://docs.getdbt.com/docs/configure-your-profile

One more thing:

Need help? Don't hesitate to reach out to us via GitHub issues or on Slack:

  https://community.getdbt.com/

Happy modeling!

[0m09:17:17.897415 [info ] [MainThread]: [31mYour profile may need adjustments. You can find the logs of `dbt debug` above[0m
[0m09:17:17.898400 [debug] [MainThread]: Command `dbt init` succeeded at 09:17:17.898400 after 232.94 seconds
[0m09:17:17.898400 [debug] [MainThread]: Connection 'debug' was properly closed.
[0m09:17:17.899908 [debug] [MainThread]: Sending event: {'category': 'dbt', 'action': 'invocation', 'label': 'end', 'context': [<snowplow_tracker.self_describing_json.SelfDescribingJson object at 0x0000024A508BEC90>, <snowplow_tracker.self_describing_json.SelfDescribingJson object at 0x0000024A52B1AC90>, <snowplow_tracker.self_describing_json.SelfDescribingJson object at 0x0000024A52B34FB0>]}
[0m09:17:17.899908 [debug] [MainThread]: Flushing usage events
[0m09:17:18.841325 [debug] [MainThread]: An error was encountered while trying to flush usage events
[0m09:18:07.014329 [debug] [MainThread]: Sending event: {'category': 'dbt', 'action': 'invocation', 'label': 'start', 'context': [<snowplow_tracker.self_describing_json.SelfDescribingJson object at 0x000001942B5FA3C0>, <snowplow_tracker.self_describing_json.SelfDescribingJson object at 0x000001942DAEB2F0>, <snowplow_tracker.self_describing_json.SelfDescribingJson object at 0x000001942DB39BB0>]}


============================== 09:18:07.019330 | daf964fc-21ba-44f1-87dc-13e34535b1de ==============================
[0m09:18:07.019330 [info ] [MainThread]: Running with dbt=1.12.5
[0m09:18:07.019330 [debug] [MainThread]: running dbt with arguments {'maximum_seed_size_mib': '1', 'no_print': 'None', 'static_parser': 'True', 'target_path': 'None', 'warn_error_options': 'WarnErrorOptionsV2(error=[], warn=[], silence=[])', 'version_check': 'True', 'printer_width': '80', 'write_json': 'True', 'introspect': 'True', 'log_cache_events': 'False', 'empty': 'None', 'cache_selected_only': 'False', 'log_format': 'default', 'debug': 'False', 'fail_fast': 'False', 'partial_parse': 'True', 'send_anonymous_usage_stats': 'True', 'quiet': 'False', 'warn_error': 'None', 'profiles_dir': 'C:\\Users\\skatm\\.dbt', 'use_colors': 'True', 'hints_enabled': 'True', 'invocation_command': 'dbt debug', 'use_experimental_parser': 'False', 'indirect_selection': 'eager', 'log_path': 'logs'}
[0m09:18:07.046376 [info ] [MainThread]: dbt version: 1.12.5
[0m09:18:07.046376 [info ] [MainThread]: python version: 3.12.10
[0m09:18:07.046376 [info ] [MainThread]: python path: C:\Users\skatm\DE\BI-DEV\projects\Project - sales algorithm\.venv\Scripts\python.exe
[0m09:18:07.047454 [info ] [MainThread]: os info: Windows-11-10.0.26200-SP0
[0m09:18:07.260264 [info ] [MainThread]: Using profiles dir at C:\Users\skatm\.dbt
[0m09:18:07.260264 [info ] [MainThread]: Using profiles.yml file at C:\Users\skatm\.dbt\profiles.yml
[0m09:18:07.261265 [info ] [MainThread]: Using dbt_project.yml file at C:\Users\skatm\DE\BI-DEV\projects\Project - sales algorithm\dbt_project.yml
[0m09:18:07.261265 [info ] [MainThread]: adapter type: sqlserver
[0m09:18:07.262264 [info ] [MainThread]: adapter version: 1.11.1
[0m09:18:07.262264 [info ] [MainThread]: Configuration:
[0m09:18:07.262264 [info ] [MainThread]:   profiles.yml file [[32mOK found and valid[0m]
[0m09:18:07.263265 [info ] [MainThread]:   dbt_project.yml file [[31mERROR not found[0m]
[0m09:18:07.263265 [info ] [MainThread]: Required dependencies:
[0m09:18:07.263265 [debug] [MainThread]: Executing "git --help"
[0m09:18:07.309322 [debug] [MainThread]: STDOUT: "b"usage: git [-v | --version] [-h | --help] [-C <path>] [-c <name>=<value>]\n           [--exec-path[=<path>]] [--html-path] [--man-path] [--info-path]\n           [-p | --paginate | -P | --no-pager] [--no-replace-objects] [--no-lazy-fetch]\n           [--no-optional-locks] [--no-advice] [--bare] [--git-dir=<path>]\n           [--work-tree=<path>] [--namespace=<name>] [--config-env=<name>=<envvar>]\n           <command> [<args>]\n\nThese are common Git commands used in various situations:\n\nstart a working area (see also: git help tutorial)\n   clone      Clone a repository into a new directory\n   init       Create an empty Git repository or reinitialize an existing one\n\nwork on the current change (see also: git help everyday)\n   add        Add file contents to the index\n   mv         Move or rename a file, a directory, or a symlink\n   restore    Restore working tree files\n   rm         Remove files from the working tree and from the index\n\nexamine the history and state (see also: git help revisions)\n   bisect     Use binary search to find the commit that introduced a bug\n   diff       Show changes between commits, commit and working tree, etc\n   grep       Print lines matching a pattern\n   log        Show commit logs\n   show       Show various types of objects\n   status     Show the working tree status\n\ngrow, mark and tweak your common history\n   backfill   Download missing objects in a partial clone\n   branch     List, create, or delete branches\n   commit     Record changes to the repository\n   history    EXPERIMENTAL: Rewrite history\n   merge      Join two or more development histories together\n   rebase     Reapply commits on top of another base tip\n   reset      Set `HEAD` or the index to a known state\n   switch     Switch branches\n   tag        Create, list, delete or verify tags\n\ncollaborate (see also: git help workflows)\n   fetch      Download objects and refs from another repository\n   pull       Fetch from and integrate with another repository or a local branch\n   push       Update remote refs along with associated objects\n\n'git help -a' and 'git help -g' list available subcommands and some\nconcept guides. See 'git help <command>' or 'git help <concept>'\nto read about a specific subcommand or concept.\nSee 'git help git' for an overview of the system.\n""
[0m09:18:07.309322 [debug] [MainThread]: STDERR: "b''"
[0m09:18:07.310328 [info ] [MainThread]:  - git [[32mOK found[0m]

[0m09:18:07.310328 [info ] [MainThread]: Connection:
[0m09:18:07.311328 [info ] [MainThread]:   driver: ODBC Driver 17 for SQL Server
[0m09:18:07.311328 [info ] [MainThread]:   server: DESKTOP-86BL51K\SQLEXPRESS
[0m09:18:07.312328 [info ] [MainThread]:   port: 1433
[0m09:18:07.312328 [info ] [MainThread]:   database: m5_demand_forecast
[0m09:18:07.312328 [info ] [MainThread]:   schema: dbo
[0m09:18:07.313327 [info ] [MainThread]:   UID: None
[0m09:18:07.313327 [info ] [MainThread]:   authentication: sql
[0m09:18:07.314326 [info ] [MainThread]:   windows_login: True
[0m09:18:07.314326 [info ] [MainThread]:   retries: 3
[0m09:18:07.314326 [info ] [MainThread]:   login_timeout: 0
[0m09:18:07.315327 [info ] [MainThread]:   query_timeout: 0
[0m09:18:07.315327 [info ] [MainThread]:   trace_flag: False
[0m09:18:07.315327 [info ] [MainThread]:   encrypt: True
[0m09:18:07.316327 [info ] [MainThread]:   trust_cert: True
[0m09:18:07.316327 [info ] [MainThread]:   backend: pyodbc
[0m09:18:07.316327 [info ] [MainThread]:   xact_abort: True
[0m09:18:07.317832 [info ] [MainThread]: Registered adapter: sqlserver=1.11.1
[0m09:18:07.845609 [warn ] [MainThread]: [[33mWARNING[0m]: When True, uses SQL Server-native string type mappings: STRING -> VARCHAR(MAX), NCHAR -> NCHAR(1), NVARCHAR -> NVARCHAR(4000). When False (default), preserves legacy mappings: STRING and NVARCHAR -> VARCHAR(8000), NCHAR -> CHAR(1). The new behaviour is intended to become the default in a future release.
You may opt into the new behavior sooner by setting `flags.dbt_sqlserver_use_native_string_types` to `True` in `dbt_project.yml`.
Visit https://docs.getdbt.com/reference/global-configs/behavior-changes for more information.
[0m09:18:07.846609 [debug] [MainThread]: Sending event: {'category': 'dbt', 'action': 'BehaviorChangeEvent', 'label': 'daf964fc-21ba-44f1-87dc-13e34535b1de', 'context': [<snowplow_tracker.self_describing_json.SelfDescribingJson object at 0x000001942FAAE840>]}
[0m09:18:07.847610 [warn ] [MainThread]: [[33mWARNING[0m]: When True, dbt transaction hooks (begin/commit) emit real T-SQL BEGIN TRANSACTION / COMMIT TRANSACTION statements. When False (default and legacy), begin/commit are no-ops and each statement is auto-committed by the driver. This means earlier successful statements are not rolled back if a later statement fails. This behavior is intended to become the default in a future release.
You may opt into the new behavior sooner by setting `flags.dbt_sqlserver_use_dbt_transactions` to `True` in `dbt_project.yml`.
Visit https://docs.getdbt.com/reference/global-configs/behavior-changes for more information.
[0m09:18:07.847610 [debug] [MainThread]: Sending event: {'category': 'dbt', 'action': 'BehaviorChangeEvent', 'label': 'daf964fc-21ba-44f1-87dc-13e34535b1de', 'context': [<snowplow_tracker.self_describing_json.SelfDescribingJson object at 0x000001942F9A17F0>]}
[0m09:18:07.847610 [debug] [MainThread]: Acquiring new sqlserver connection 'debug'
[0m09:18:07.848610 [debug] [MainThread]: Using sqlserver connection "debug"
[0m09:18:07.848610 [debug] [MainThread]: On debug: select 1 as id
[0m09:18:07.848610 [debug] [MainThread]: Opening a new connection, currently in state init
[0m09:18:07.870765 [debug] [MainThread]: sqlserver adapter: Using connection string: DRIVER={ODBC Driver 17 for SQL Server};SERVER=DESKTOP-86BL51K\SQLEXPRESS;Database=m5_demand_forecast;Trusted_Connection=yes;encrypt=Yes;TrustServerCertificate=Yes;APP=dbt-sqlserver/1.11.1;Pooling=true;SQL_ATTR_TRACE=SQL_OPT_TRACE_OFF;ConnectRetryCount=3;ConnectRetryInterval=10
[0m09:18:07.945223 [debug] [MainThread]: sqlserver adapter: SQL execution raised FailedToConnectError: Database Error
  ('28000', '[28000] [Microsoft][ODBC Driver 17 for SQL Server][SQL Server]Login failed for user \'DESKTOP-86BL51K\\skatm\'. (18456) (SQLDriverConnect); [28000] [Microsoft][ODBC Driver 17 for SQL Server][SQL Server]Cannot open database "m5_demand_forecast" requested by the login. The login failed. (4060); [28000] [Microsoft][ODBC Driver 17 for SQL Server]Invalid connection string attribute (0); [28000] [Microsoft][ODBC Driver 17 for SQL Server][SQL Server]Login failed for user \'DESKTOP-86BL51K\\skatm\'. (18456); [28000] [Microsoft][ODBC Driver 17 for SQL Server][SQL Server]Cannot open database "m5_demand_forecast" requested by the login. The login failed. (4060); [28000] [Microsoft][ODBC Driver 17 for SQL Server]Invalid connection string attribute (0)')
[0m09:18:07.945223 [debug] [MainThread]: sqlserver adapter: Error running SQL: select 1 as id
[0m09:18:07.945223 [debug] [MainThread]: sqlserver adapter: Rolling back transaction.
[0m09:18:07.946223 [debug] [MainThread]: On debug: No close available on handle
[0m09:18:07.946223 [info ] [MainThread]:   Connection test: [[31mERROR[0m]

[0m09:18:07.946223 [info ] [MainThread]: [31m2 checks failed:[0m
[0m09:18:07.947223 [info ] [MainThread]: Project loading failed for the following reason:
 project path <C:\Users\skatm\DE\BI-DEV\projects\Project - sales algorithm\dbt_project.yml> not found

[0m09:18:07.947223 [info ] [MainThread]: dbt was unable to connect to the specified database.
The database returned the following error:

  >Database Error
  ('28000', '[28000] [Microsoft][ODBC Driver 17 for SQL Server][SQL Server]Login failed for user \'DESKTOP-86BL51K\\skatm\'. (18456) (SQLDriverConnect); [28000] [Microsoft][ODBC Driver 17 for SQL Server][SQL Server]Cannot open database "m5_demand_forecast" requested by the login. The login failed. (4060); [28000] [Microsoft][ODBC Driver 17 for SQL Server]Invalid connection string attribute (0); [28000] [Microsoft][ODBC Driver 17 for SQL Server][SQL Server]Login failed for user \'DESKTOP-86BL51K\\skatm\'. (18456); [28000] [Microsoft][ODBC Driver 17 for SQL Server][SQL Server]Cannot open database "m5_demand_forecast" requested by the login. The login failed. (4060); [28000] [Microsoft][ODBC Driver 17 for SQL Server]Invalid connection string attribute (0)')

Check your database credentials and try again. For more information, visit:
https://docs.getdbt.com/docs/configure-your-profile


[0m09:18:07.948223 [debug] [MainThread]: Command `dbt debug` failed at 09:18:07.948223 after 1.06 seconds
[0m09:18:07.949223 [debug] [MainThread]: Connection 'debug' was properly closed.
[0m09:18:07.949223 [debug] [MainThread]: Sending event: {'category': 'dbt', 'action': 'invocation', 'label': 'end', 'context': [<snowplow_tracker.self_describing_json.SelfDescribingJson object at 0x000001942FE3BAD0>, <snowplow_tracker.self_describing_json.SelfDescribingJson object at 0x000001942D8DEDE0>, <snowplow_tracker.self_describing_json.SelfDescribingJson object at 0x000001942D8DEE70>]}
[0m09:18:07.949223 [debug] [MainThread]: Flushing usage events
[0m09:18:08.786583 [debug] [MainThread]: An error was encountered while trying to flush usage events
[0m09:22:04.822371 [debug] [MainThread]: Sending event: {'category': 'dbt', 'action': 'invocation', 'label': 'start', 'context': [<snowplow_tracker.self_describing_json.SelfDescribingJson object at 0x00000252E60A2330>, <snowplow_tracker.self_describing_json.SelfDescribingJson object at 0x00000252E60A37A0>, <snowplow_tracker.self_describing_json.SelfDescribingJson object at 0x00000252E60A3CB0>]}


============================== 09:22:04.828248 | 7df60f41-1899-4e5e-b655-6960a0b2d1fa ==============================
[0m09:22:04.828248 [info ] [MainThread]: Running with dbt=1.12.5
[0m09:22:04.828248 [debug] [MainThread]: running dbt with arguments {'maximum_seed_size_mib': '1', 'no_print': 'None', 'version_check': 'True', 'target_path': 'None', 'warn_error_options': 'WarnErrorOptionsV2(error=[], warn=[], silence=[])', 'static_parser': 'True', 'printer_width': '80', 'write_json': 'True', 'empty': 'None', 'log_cache_events': 'False', 'introspect': 'True', 'cache_selected_only': 'False', 'log_format': 'default', 'debug': 'False', 'fail_fast': 'False', 'profiles_dir': 'C:\\Users\\skatm\\.dbt', 'send_anonymous_usage_stats': 'True', 'quiet': 'False', 'warn_error': 'None', 'partial_parse': 'True', 'use_colors': 'True', 'hints_enabled': 'True', 'indirect_selection': 'eager', 'use_experimental_parser': 'False', 'invocation_command': 'dbt debug', 'log_path': 'logs'}
[0m09:22:04.852877 [info ] [MainThread]: dbt version: 1.12.5
[0m09:22:04.852877 [info ] [MainThread]: python version: 3.12.10
[0m09:22:04.854382 [info ] [MainThread]: python path: C:\Users\skatm\DE\BI-DEV\projects\Project - sales algorithm\.venv\Scripts\python.exe
[0m09:22:04.854897 [info ] [MainThread]: os info: Windows-11-10.0.26200-SP0
[0m09:22:05.062976 [info ] [MainThread]: Using profiles dir at C:\Users\skatm\.dbt
[0m09:22:05.062976 [info ] [MainThread]: Using profiles.yml file at C:\Users\skatm\.dbt\profiles.yml
[0m09:22:05.062976 [info ] [MainThread]: Using dbt_project.yml file at C:\Users\skatm\DE\BI-DEV\projects\Project - sales algorithm\dbt_project.yml
[0m09:22:05.064481 [info ] [MainThread]: adapter type: sqlserver
[0m09:22:05.064481 [info ] [MainThread]: adapter version: 1.11.1
[0m09:22:05.064481 [info ] [MainThread]: Configuration:
[0m09:22:05.065487 [info ] [MainThread]:   profiles.yml file [[32mOK found and valid[0m]
[0m09:22:05.065487 [info ] [MainThread]:   dbt_project.yml file [[31mERROR not found[0m]
[0m09:22:05.066487 [info ] [MainThread]: Required dependencies:
[0m09:22:05.066487 [debug] [MainThread]: Executing "git --help"
[0m09:22:05.119212 [debug] [MainThread]: STDOUT: "b"usage: git [-v | --version] [-h | --help] [-C <path>] [-c <name>=<value>]\n           [--exec-path[=<path>]] [--html-path] [--man-path] [--info-path]\n           [-p | --paginate | -P | --no-pager] [--no-replace-objects] [--no-lazy-fetch]\n           [--no-optional-locks] [--no-advice] [--bare] [--git-dir=<path>]\n           [--work-tree=<path>] [--namespace=<name>] [--config-env=<name>=<envvar>]\n           <command> [<args>]\n\nThese are common Git commands used in various situations:\n\nstart a working area (see also: git help tutorial)\n   clone      Clone a repository into a new directory\n   init       Create an empty Git repository or reinitialize an existing one\n\nwork on the current change (see also: git help everyday)\n   add        Add file contents to the index\n   mv         Move or rename a file, a directory, or a symlink\n   restore    Restore working tree files\n   rm         Remove files from the working tree and from the index\n\nexamine the history and state (see also: git help revisions)\n   bisect     Use binary search to find the commit that introduced a bug\n   diff       Show changes between commits, commit and working tree, etc\n   grep       Print lines matching a pattern\n   log        Show commit logs\n   show       Show various types of objects\n   status     Show the working tree status\n\ngrow, mark and tweak your common history\n   backfill   Download missing objects in a partial clone\n   branch     List, create, or delete branches\n   commit     Record changes to the repository\n   history    EXPERIMENTAL: Rewrite history\n   merge      Join two or more development histories together\n   rebase     Reapply commits on top of another base tip\n   reset      Set `HEAD` or the index to a known state\n   switch     Switch branches\n   tag        Create, list, delete or verify tags\n\ncollaborate (see also: git help workflows)\n   fetch      Download objects and refs from another repository\n   pull       Fetch from and integrate with another repository or a local branch\n   push       Update remote refs along with associated objects\n\n'git help -a' and 'git help -g' list available subcommands and some\nconcept guides. See 'git help <command>' or 'git help <concept>'\nto read about a specific subcommand or concept.\nSee 'git help git' for an overview of the system.\n""
[0m09:22:05.120212 [debug] [MainThread]: STDERR: "b''"
[0m09:22:05.120212 [info ] [MainThread]:  - git [[32mOK found[0m]

[0m09:22:05.121212 [info ] [MainThread]: Connection:
[0m09:22:05.121212 [info ] [MainThread]:   driver: ODBC Driver 17 for SQL Server
[0m09:22:05.121212 [info ] [MainThread]:   server: DESKTOP-86BL51K\SQLEXPRESS
[0m09:22:05.122212 [info ] [MainThread]:   port: 1433
[0m09:22:05.122212 [info ] [MainThread]:   database: m5_demand_forecast
[0m09:22:05.123211 [info ] [MainThread]:   schema: dbo
[0m09:22:05.123211 [info ] [MainThread]:   UID: None
[0m09:22:05.123211 [info ] [MainThread]:   authentication: sql
[0m09:22:05.123211 [info ] [MainThread]:   windows_login: True
[0m09:22:05.123211 [info ] [MainThread]:   retries: 3
[0m09:22:05.124716 [info ] [MainThread]:   login_timeout: 0
[0m09:22:05.125231 [info ] [MainThread]:   query_timeout: 0
[0m09:22:05.125231 [info ] [MainThread]:   trace_flag: False
[0m09:22:05.125231 [info ] [MainThread]:   encrypt: True
[0m09:22:05.126236 [info ] [MainThread]:   trust_cert: True
[0m09:22:05.126236 [info ] [MainThread]:   backend: pyodbc
[0m09:22:05.126236 [info ] [MainThread]:   xact_abort: True
[0m09:22:05.127236 [info ] [MainThread]: Registered adapter: sqlserver=1.11.1
[0m09:22:05.677598 [warn ] [MainThread]: [[33mWARNING[0m]: When True, uses SQL Server-native string type mappings: STRING -> VARCHAR(MAX), NCHAR -> NCHAR(1), NVARCHAR -> NVARCHAR(4000). When False (default), preserves legacy mappings: STRING and NVARCHAR -> VARCHAR(8000), NCHAR -> CHAR(1). The new behaviour is intended to become the default in a future release.
You may opt into the new behavior sooner by setting `flags.dbt_sqlserver_use_native_string_types` to `True` in `dbt_project.yml`.
Visit https://docs.getdbt.com/reference/global-configs/behavior-changes for more information.
[0m09:22:05.678606 [debug] [MainThread]: Sending event: {'category': 'dbt', 'action': 'BehaviorChangeEvent', 'label': '7df60f41-1899-4e5e-b655-6960a0b2d1fa', 'context': [<snowplow_tracker.self_describing_json.SelfDescribingJson object at 0x00000252E65E5820>]}
[0m09:22:05.678606 [warn ] [MainThread]: [[33mWARNING[0m]: When True, dbt transaction hooks (begin/commit) emit real T-SQL BEGIN TRANSACTION / COMMIT TRANSACTION statements. When False (default and legacy), begin/commit are no-ops and each statement is auto-committed by the driver. This means earlier successful statements are not rolled back if a later statement fails. This behavior is intended to become the default in a future release.
You may opt into the new behavior sooner by setting `flags.dbt_sqlserver_use_dbt_transactions` to `True` in `dbt_project.yml`.
Visit https://docs.getdbt.com/reference/global-configs/behavior-changes for more information.
[0m09:22:05.679606 [debug] [MainThread]: Sending event: {'category': 'dbt', 'action': 'BehaviorChangeEvent', 'label': '7df60f41-1899-4e5e-b655-6960a0b2d1fa', 'context': [<snowplow_tracker.self_describing_json.SelfDescribingJson object at 0x00000252E61AA810>]}
[0m09:22:05.679606 [debug] [MainThread]: Acquiring new sqlserver connection 'debug'
[0m09:22:05.679606 [debug] [MainThread]: Using sqlserver connection "debug"
[0m09:22:05.680606 [debug] [MainThread]: On debug: select 1 as id
[0m09:22:05.680606 [debug] [MainThread]: Opening a new connection, currently in state init
[0m09:22:05.685898 [debug] [MainThread]: sqlserver adapter: Using connection string: DRIVER={ODBC Driver 17 for SQL Server};SERVER=DESKTOP-86BL51K\SQLEXPRESS;Database=m5_demand_forecast;Trusted_Connection=yes;encrypt=Yes;TrustServerCertificate=Yes;APP=dbt-sqlserver/1.11.1;Pooling=true;SQL_ATTR_TRACE=SQL_OPT_TRACE_OFF;ConnectRetryCount=3;ConnectRetryInterval=10
[0m09:22:05.750119 [debug] [MainThread]: sqlserver adapter: SQL execution raised FailedToConnectError: Database Error
  ('28000', '[28000] [Microsoft][ODBC Driver 17 for SQL Server][SQL Server]Login failed for user \'DESKTOP-86BL51K\\skatm\'. (18456) (SQLDriverConnect); [28000] [Microsoft][ODBC Driver 17 for SQL Server][SQL Server]Cannot open database "m5_demand_forecast" requested by the login. The login failed. (4060); [28000] [Microsoft][ODBC Driver 17 for SQL Server]Invalid connection string attribute (0); [28000] [Microsoft][ODBC Driver 17 for SQL Server][SQL Server]Login failed for user \'DESKTOP-86BL51K\\skatm\'. (18456); [28000] [Microsoft][ODBC Driver 17 for SQL Server][SQL Server]Cannot open database "m5_demand_forecast" requested by the login. The login failed. (4060); [28000] [Microsoft][ODBC Driver 17 for SQL Server]Invalid connection string attribute (0)')
[0m09:22:05.750119 [debug] [MainThread]: sqlserver adapter: Error running SQL: select 1 as id
[0m09:22:05.751624 [debug] [MainThread]: sqlserver adapter: Rolling back transaction.
[0m09:22:05.751624 [debug] [MainThread]: On debug: No close available on handle
[0m09:22:05.751624 [info ] [MainThread]:   Connection test: [[31mERROR[0m]

[0m09:22:05.752632 [info ] [MainThread]: [31m2 checks failed:[0m
[0m09:22:05.752632 [info ] [MainThread]: Project loading failed for the following reason:
 project path <C:\Users\skatm\DE\BI-DEV\projects\Project - sales algorithm\dbt_project.yml> not found

[0m09:22:05.752632 [info ] [MainThread]: dbt was unable to connect to the specified database.
The database returned the following error:

  >Database Error
  ('28000', '[28000] [Microsoft][ODBC Driver 17 for SQL Server][SQL Server]Login failed for user \'DESKTOP-86BL51K\\skatm\'. (18456) (SQLDriverConnect); [28000] [Microsoft][ODBC Driver 17 for SQL Server][SQL Server]Cannot open database "m5_demand_forecast" requested by the login. The login failed. (4060); [28000] [Microsoft][ODBC Driver 17 for SQL Server]Invalid connection string attribute (0); [28000] [Microsoft][ODBC Driver 17 for SQL Server][SQL Server]Login failed for user \'DESKTOP-86BL51K\\skatm\'. (18456); [28000] [Microsoft][ODBC Driver 17 for SQL Server][SQL Server]Cannot open database "m5_demand_forecast" requested by the login. The login failed. (4060); [28000] [Microsoft][ODBC Driver 17 for SQL Server]Invalid connection string attribute (0)')

Check your database credentials and try again. For more information, visit:
https://docs.getdbt.com/docs/configure-your-profile


[0m09:22:05.753629 [debug] [MainThread]: Command `dbt debug` failed at 09:22:05.753629 after 1.05 seconds
[0m09:22:05.754629 [debug] [MainThread]: Connection 'debug' was properly closed.
[0m09:22:05.754629 [debug] [MainThread]: Sending event: {'category': 'dbt', 'action': 'invocation', 'label': 'end', 'context': [<snowplow_tracker.self_describing_json.SelfDescribingJson object at 0x00000252E6514DD0>, <snowplow_tracker.self_describing_json.SelfDescribingJson object at 0x00000252E54BB2F0>, <snowplow_tracker.self_describing_json.SelfDescribingJson object at 0x00000252E5F24DA0>]}
[0m09:22:05.755133 [debug] [MainThread]: Flushing usage events
[0m09:22:06.658801 [debug] [MainThread]: An error was encountered while trying to flush usage events
[0m20:40:42.208067 [debug] [MainThread]: Sending event: {'category': 'dbt', 'action': 'invocation', 'label': 'start', 'context': [<snowplow_tracker.self_describing_json.SelfDescribingJson object at 0x0000021D744EA660>, <snowplow_tracker.self_describing_json.SelfDescribingJson object at 0x0000021D76753950>, <snowplow_tracker.self_describing_json.SelfDescribingJson object at 0x0000021D767514F0>]}


============================== 20:40:42.232252 | b9d07a4d-7b90-48f6-81e7-75799dbfdf4a ==============================
[0m20:40:42.232252 [info ] [MainThread]: Running with dbt=1.12.5
[0m20:40:42.233215 [debug] [MainThread]: running dbt with arguments {'version_check': 'True', 'no_print': 'None', 'static_parser': 'True', 'warn_error_options': 'WarnErrorOptionsV2(error=[], warn=[], silence=[])', 'target_path': 'None', 'maximum_seed_size_mib': '1', 'printer_width': '80', 'write_json': 'True', 'empty': 'None', 'log_cache_events': 'False', 'introspect': 'True', 'cache_selected_only': 'False', 'fail_fast': 'False', 'debug': 'False', 'log_format': 'default', 'partial_parse': 'True', 'send_anonymous_usage_stats': 'True', 'quiet': 'False', 'warn_error': 'None', 'profiles_dir': 'C:\\Users\\skatm\\.dbt', 'use_colors': 'True', 'hints_enabled': 'True', 'indirect_selection': 'eager', 'use_experimental_parser': 'False', 'invocation_command': 'dbt debug', 'log_path': 'logs'}
[0m20:40:42.401484 [info ] [MainThread]: dbt version: 1.12.5
[0m20:40:42.401484 [info ] [MainThread]: python version: 3.12.10
[0m20:40:42.402482 [info ] [MainThread]: python path: C:\Users\skatm\DE\BI-DEV\projects\Project - sales algorithm\.venv\Scripts\python.exe
[0m20:40:42.403482 [info ] [MainThread]: os info: Windows-11-10.0.26200-SP0
[0m20:40:45.081581 [info ] [MainThread]: Using profiles dir at C:\Users\skatm\.dbt
[0m20:40:45.082581 [info ] [MainThread]: Using profiles.yml file at C:\Users\skatm\.dbt\profiles.yml
[0m20:40:45.082581 [info ] [MainThread]: Using dbt_project.yml file at C:\Users\skatm\DE\BI-DEV\projects\Project - sales algorithm\dbt_project.yml
[0m20:40:45.082581 [info ] [MainThread]: adapter type: sqlserver
[0m20:40:45.084085 [info ] [MainThread]: adapter version: 1.11.1
[0m20:40:45.084085 [info ] [MainThread]: Configuration:
[0m20:40:45.085090 [info ] [MainThread]:   profiles.yml file [[32mOK found and valid[0m]
[0m20:40:45.085090 [info ] [MainThread]:   dbt_project.yml file [[31mERROR not found[0m]
[0m20:40:45.085090 [info ] [MainThread]: Required dependencies:
[0m20:40:45.086092 [debug] [MainThread]: Executing "git --help"
[0m20:40:45.139976 [debug] [MainThread]: STDOUT: "b"usage: git [-v | --version] [-h | --help] [-C <path>] [-c <name>=<value>]\n           [--exec-path[=<path>]] [--html-path] [--man-path] [--info-path]\n           [-p | --paginate | -P | --no-pager] [--no-replace-objects] [--no-lazy-fetch]\n           [--no-optional-locks] [--no-advice] [--bare] [--git-dir=<path>]\n           [--work-tree=<path>] [--namespace=<name>] [--config-env=<name>=<envvar>]\n           <command> [<args>]\n\nThese are common Git commands used in various situations:\n\nstart a working area (see also: git help tutorial)\n   clone      Clone a repository into a new directory\n   init       Create an empty Git repository or reinitialize an existing one\n\nwork on the current change (see also: git help everyday)\n   add        Add file contents to the index\n   mv         Move or rename a file, a directory, or a symlink\n   restore    Restore working tree files\n   rm         Remove files from the working tree and from the index\n\nexamine the history and state (see also: git help revisions)\n   bisect     Use binary search to find the commit that introduced a bug\n   diff       Show changes between commits, commit and working tree, etc\n   grep       Print lines matching a pattern\n   log        Show commit logs\n   show       Show various types of objects\n   status     Show the working tree status\n\ngrow, mark and tweak your common history\n   backfill   Download missing objects in a partial clone\n   branch     List, create, or delete branches\n   commit     Record changes to the repository\n   history    EXPERIMENTAL: Rewrite history\n   merge      Join two or more development histories together\n   rebase     Reapply commits on top of another base tip\n   reset      Set `HEAD` or the index to a known state\n   switch     Switch branches\n   tag        Create, list, delete or verify tags\n\ncollaborate (see also: git help workflows)\n   fetch      Download objects and refs from another repository\n   pull       Fetch from and integrate with another repository or a local branch\n   push       Update remote refs along with associated objects\n\n'git help -a' and 'git help -g' list available subcommands and some\nconcept guides. See 'git help <command>' or 'git help <concept>'\nto read about a specific subcommand or concept.\nSee 'git help git' for an overview of the system.\n""
[0m20:40:45.139976 [debug] [MainThread]: STDERR: "b''"
[0m20:40:45.140976 [info ] [MainThread]:  - git [[32mOK found[0m]

[0m20:40:45.140976 [info ] [MainThread]: Connection:
[0m20:40:45.141978 [info ] [MainThread]:   driver: ODBC Driver 17 for SQL Server
[0m20:40:45.141978 [info ] [MainThread]:   server: DESKTOP-86BL51K\SQLEXPRESS
[0m20:40:45.141978 [info ] [MainThread]:   port: 1433
[0m20:40:45.141978 [info ] [MainThread]:   database: m5_demand_forecast
[0m20:40:45.143482 [info ] [MainThread]:   schema: dbo
[0m20:40:45.143482 [info ] [MainThread]:   UID: None
[0m20:40:45.143482 [info ] [MainThread]:   authentication: sql
[0m20:40:45.144489 [info ] [MainThread]:   windows_login: True
[0m20:40:45.144489 [info ] [MainThread]:   retries: 3
[0m20:40:45.144489 [info ] [MainThread]:   login_timeout: 0
[0m20:40:45.145994 [info ] [MainThread]:   query_timeout: 0
[0m20:40:45.145994 [info ] [MainThread]:   trace_flag: False
[0m20:40:45.147001 [info ] [MainThread]:   encrypt: True
[0m20:40:45.147001 [info ] [MainThread]:   trust_cert: True
[0m20:40:45.148001 [info ] [MainThread]:   backend: pyodbc
[0m20:40:45.148001 [info ] [MainThread]:   xact_abort: True
[0m20:40:45.149000 [info ] [MainThread]: Registered adapter: sqlserver=1.11.1
[0m20:40:45.659956 [warn ] [MainThread]: [[33mWARNING[0m]: When True, uses SQL Server-native string type mappings: STRING -> VARCHAR(MAX), NCHAR -> NCHAR(1), NVARCHAR -> NVARCHAR(4000). When False (default), preserves legacy mappings: STRING and NVARCHAR -> VARCHAR(8000), NCHAR -> CHAR(1). The new behaviour is intended to become the default in a future release.
You may opt into the new behavior sooner by setting `flags.dbt_sqlserver_use_native_string_types` to `True` in `dbt_project.yml`.
Visit https://docs.getdbt.com/reference/global-configs/behavior-changes for more information.
[0m20:40:45.660955 [debug] [MainThread]: Sending event: {'category': 'dbt', 'action': 'BehaviorChangeEvent', 'label': 'b9d07a4d-7b90-48f6-81e7-75799dbfdf4a', 'context': [<snowplow_tracker.self_describing_json.SelfDescribingJson object at 0x0000021D78DE57F0>]}
[0m20:40:45.661991 [warn ] [MainThread]: [[33mWARNING[0m]: When True, dbt transaction hooks (begin/commit) emit real T-SQL BEGIN TRANSACTION / COMMIT TRANSACTION statements. When False (default and legacy), begin/commit are no-ops and each statement is auto-committed by the driver. This means earlier successful statements are not rolled back if a later statement fails. This behavior is intended to become the default in a future release.
You may opt into the new behavior sooner by setting `flags.dbt_sqlserver_use_dbt_transactions` to `True` in `dbt_project.yml`.
Visit https://docs.getdbt.com/reference/global-configs/behavior-changes for more information.
[0m20:40:45.661991 [debug] [MainThread]: Sending event: {'category': 'dbt', 'action': 'BehaviorChangeEvent', 'label': 'b9d07a4d-7b90-48f6-81e7-75799dbfdf4a', 'context': [<snowplow_tracker.self_describing_json.SelfDescribingJson object at 0x0000021D78DE57F0>]}
[0m20:40:45.661991 [debug] [MainThread]: Acquiring new sqlserver connection 'debug'
[0m20:40:45.663495 [debug] [MainThread]: Using sqlserver connection "debug"
[0m20:40:45.663495 [debug] [MainThread]: On debug: select 1 as id
[0m20:40:45.663495 [debug] [MainThread]: Opening a new connection, currently in state init
[0m20:40:45.684544 [debug] [MainThread]: sqlserver adapter: Using connection string: DRIVER={ODBC Driver 17 for SQL Server};SERVER=DESKTOP-86BL51K\SQLEXPRESS;Database=m5_demand_forecast;Trusted_Connection=yes;encrypt=Yes;TrustServerCertificate=Yes;APP=dbt-sqlserver/1.11.1;Pooling=true;SQL_ATTR_TRACE=SQL_OPT_TRACE_OFF;ConnectRetryCount=3;ConnectRetryInterval=10
[0m20:40:45.774386 [debug] [MainThread]: sqlserver adapter: SQL execution raised FailedToConnectError: Database Error
  ('28000', '[28000] [Microsoft][ODBC Driver 17 for SQL Server][SQL Server]Login failed for user \'DESKTOP-86BL51K\\skatm\'. (18456) (SQLDriverConnect); [28000] [Microsoft][ODBC Driver 17 for SQL Server][SQL Server]Cannot open database "m5_demand_forecast" requested by the login. The login failed. (4060); [28000] [Microsoft][ODBC Driver 17 for SQL Server]Invalid connection string attribute (0); [28000] [Microsoft][ODBC Driver 17 for SQL Server][SQL Server]Login failed for user \'DESKTOP-86BL51K\\skatm\'. (18456); [28000] [Microsoft][ODBC Driver 17 for SQL Server][SQL Server]Cannot open database "m5_demand_forecast" requested by the login. The login failed. (4060); [28000] [Microsoft][ODBC Driver 17 for SQL Server]Invalid connection string attribute (0)')
[0m20:40:45.774386 [debug] [MainThread]: sqlserver adapter: Error running SQL: select 1 as id
[0m20:40:45.774386 [debug] [MainThread]: sqlserver adapter: Rolling back transaction.
[0m20:40:45.775891 [debug] [MainThread]: On debug: No close available on handle
[0m20:40:45.775891 [info ] [MainThread]:   Connection test: [[31mERROR[0m]

[0m20:40:45.776897 [info ] [MainThread]: [31m2 checks failed:[0m
[0m20:40:45.776897 [info ] [MainThread]: Project loading failed for the following reason:
 project path <C:\Users\skatm\DE\BI-DEV\projects\Project - sales algorithm\dbt_project.yml> not found

[0m20:40:45.776897 [info ] [MainThread]: dbt was unable to connect to the specified database.
The database returned the following error:

  >Database Error
  ('28000', '[28000] [Microsoft][ODBC Driver 17 for SQL Server][SQL Server]Login failed for user \'DESKTOP-86BL51K\\skatm\'. (18456) (SQLDriverConnect); [28000] [Microsoft][ODBC Driver 17 for SQL Server][SQL Server]Cannot open database "m5_demand_forecast" requested by the login. The login failed. (4060); [28000] [Microsoft][ODBC Driver 17 for SQL Server]Invalid connection string attribute (0); [28000] [Microsoft][ODBC Driver 17 for SQL Server][SQL Server]Login failed for user \'DESKTOP-86BL51K\\skatm\'. (18456); [28000] [Microsoft][ODBC Driver 17 for SQL Server][SQL Server]Cannot open database "m5_demand_forecast" requested by the login. The login failed. (4060); [28000] [Microsoft][ODBC Driver 17 for SQL Server]Invalid connection string attribute (0)')

Check your database credentials and try again. For more information, visit:
https://docs.getdbt.com/docs/configure-your-profile


[0m20:40:45.778897 [debug] [MainThread]: Command `dbt debug` failed at 20:40:45.777897 after 3.71 seconds
[0m20:40:45.778897 [debug] [MainThread]: Connection 'debug' was properly closed.
[0m20:40:45.779898 [debug] [MainThread]: Sending event: {'category': 'dbt', 'action': 'invocation', 'label': 'end', 'context': [<snowplow_tracker.self_describing_json.SelfDescribingJson object at 0x0000021D786EBB00>, <snowplow_tracker.self_describing_json.SelfDescribingJson object at 0x0000021D788F3B90>, <snowplow_tracker.self_describing_json.SelfDescribingJson object at 0x0000021D78D3A9F0>]}
[0m20:40:45.779898 [debug] [MainThread]: Flushing usage events
[0m20:40:46.750675 [debug] [MainThread]: An error was encountered while trying to flush usage events
[0m20:48:26.784768 [debug] [MainThread]: Sending event: {'category': 'dbt', 'action': 'invocation', 'label': 'start', 'context': [<snowplow_tracker.self_describing_json.SelfDescribingJson object at 0x0000023F200D9340>, <snowplow_tracker.self_describing_json.SelfDescribingJson object at 0x0000023F2094CDD0>, <snowplow_tracker.self_describing_json.SelfDescribingJson object at 0x0000023F200D9280>]}


============================== 20:48:26.790281 | 7caa743b-cc9f-4c8a-8a71-5bcbe47f99c3 ==============================
[0m20:48:26.790281 [info ] [MainThread]: Running with dbt=1.12.5
[0m20:48:26.791282 [debug] [MainThread]: running dbt with arguments {'maximum_seed_size_mib': '1', 'no_print': 'None', 'static_parser': 'True', 'target_path': 'None', 'warn_error_options': 'WarnErrorOptionsV2(error=[], warn=[], silence=[])', 'version_check': 'True', 'printer_width': '80', 'write_json': 'True', 'introspect': 'True', 'log_cache_events': 'False', 'empty': 'None', 'cache_selected_only': 'False', 'fail_fast': 'False', 'debug': 'False', 'log_format': 'default', 'partial_parse': 'True', 'send_anonymous_usage_stats': 'True', 'quiet': 'False', 'warn_error': 'None', 'profiles_dir': 'C:\\Users\\skatm\\.dbt', 'invocation_command': 'dbt debug', 'hints_enabled': 'True', 'use_colors': 'True', 'use_experimental_parser': 'False', 'indirect_selection': 'eager', 'log_path': 'logs'}
[0m20:48:26.819819 [info ] [MainThread]: dbt version: 1.12.5
[0m20:48:26.820819 [info ] [MainThread]: python version: 3.12.10
[0m20:48:26.820819 [info ] [MainThread]: python path: C:\Users\skatm\DE\BI-DEV\projects\Project - sales algorithm\.venv\Scripts\python.exe
[0m20:48:26.820819 [info ] [MainThread]: os info: Windows-11-10.0.26200-SP0
[0m20:48:27.022001 [info ] [MainThread]: Using profiles dir at C:\Users\skatm\.dbt
[0m20:48:27.022001 [info ] [MainThread]: Using profiles.yml file at C:\Users\skatm\.dbt\profiles.yml
[0m20:48:27.023001 [info ] [MainThread]: Using dbt_project.yml file at C:\Users\skatm\DE\BI-DEV\projects\Project - sales algorithm\dbt_project.yml
[0m20:48:27.023001 [info ] [MainThread]: adapter type: sqlserver
[0m20:48:27.023001 [info ] [MainThread]: adapter version: 1.11.1
[0m20:48:27.024506 [info ] [MainThread]: Configuration:
[0m20:48:27.025010 [info ] [MainThread]:   profiles.yml file [[32mOK found and valid[0m]
[0m20:48:27.025010 [info ] [MainThread]:   dbt_project.yml file [[31mERROR not found[0m]
[0m20:48:27.026015 [info ] [MainThread]: Required dependencies:
[0m20:48:27.026015 [debug] [MainThread]: Executing "git --help"
[0m20:48:27.077268 [debug] [MainThread]: STDOUT: "b"usage: git [-v | --version] [-h | --help] [-C <path>] [-c <name>=<value>]\n           [--exec-path[=<path>]] [--html-path] [--man-path] [--info-path]\n           [-p | --paginate | -P | --no-pager] [--no-replace-objects] [--no-lazy-fetch]\n           [--no-optional-locks] [--no-advice] [--bare] [--git-dir=<path>]\n           [--work-tree=<path>] [--namespace=<name>] [--config-env=<name>=<envvar>]\n           <command> [<args>]\n\nThese are common Git commands used in various situations:\n\nstart a working area (see also: git help tutorial)\n   clone      Clone a repository into a new directory\n   init       Create an empty Git repository or reinitialize an existing one\n\nwork on the current change (see also: git help everyday)\n   add        Add file contents to the index\n   mv         Move or rename a file, a directory, or a symlink\n   restore    Restore working tree files\n   rm         Remove files from the working tree and from the index\n\nexamine the history and state (see also: git help revisions)\n   bisect     Use binary search to find the commit that introduced a bug\n   diff       Show changes between commits, commit and working tree, etc\n   grep       Print lines matching a pattern\n   log        Show commit logs\n   show       Show various types of objects\n   status     Show the working tree status\n\ngrow, mark and tweak your common history\n   backfill   Download missing objects in a partial clone\n   branch     List, create, or delete branches\n   commit     Record changes to the repository\n   history    EXPERIMENTAL: Rewrite history\n   merge      Join two or more development histories together\n   rebase     Reapply commits on top of another base tip\n   reset      Set `HEAD` or the index to a known state\n   switch     Switch branches\n   tag        Create, list, delete or verify tags\n\ncollaborate (see also: git help workflows)\n   fetch      Download objects and refs from another repository\n   pull       Fetch from and integrate with another repository or a local branch\n   push       Update remote refs along with associated objects\n\n'git help -a' and 'git help -g' list available subcommands and some\nconcept guides. See 'git help <command>' or 'git help <concept>'\nto read about a specific subcommand or concept.\nSee 'git help git' for an overview of the system.\n""
[0m20:48:27.077268 [debug] [MainThread]: STDERR: "b''"
[0m20:48:27.077268 [info ] [MainThread]:  - git [[32mOK found[0m]

[0m20:48:27.078240 [info ] [MainThread]: Connection:
[0m20:48:27.078240 [info ] [MainThread]:   driver: ODBC Driver 17 for SQL Server
[0m20:48:27.079238 [info ] [MainThread]:   server: localhost\SQLEXPRESS
[0m20:48:27.079238 [info ] [MainThread]:   port: 1433
[0m20:48:27.079238 [info ] [MainThread]:   database: m5_demand_forecast
[0m20:48:27.080242 [info ] [MainThread]:   schema: dbo
[0m20:48:27.080242 [info ] [MainThread]:   UID: None
[0m20:48:27.081240 [info ] [MainThread]:   authentication: sql
[0m20:48:27.081240 [info ] [MainThread]:   windows_login: True
[0m20:48:27.081240 [info ] [MainThread]:   retries: 3
[0m20:48:27.082238 [info ] [MainThread]:   login_timeout: 0
[0m20:48:27.082238 [info ] [MainThread]:   query_timeout: 0
[0m20:48:27.083239 [info ] [MainThread]:   trace_flag: False
[0m20:48:27.083239 [info ] [MainThread]:   encrypt: True
[0m20:48:27.083239 [info ] [MainThread]:   trust_cert: True
[0m20:48:27.083239 [info ] [MainThread]:   backend: pyodbc
[0m20:48:27.084748 [info ] [MainThread]:   xact_abort: True
[0m20:48:27.084748 [info ] [MainThread]: Registered adapter: sqlserver=1.11.1
[0m20:48:27.626089 [warn ] [MainThread]: [[33mWARNING[0m]: When True, uses SQL Server-native string type mappings: STRING -> VARCHAR(MAX), NCHAR -> NCHAR(1), NVARCHAR -> NVARCHAR(4000). When False (default), preserves legacy mappings: STRING and NVARCHAR -> VARCHAR(8000), NCHAR -> CHAR(1). The new behaviour is intended to become the default in a future release.
You may opt into the new behavior sooner by setting `flags.dbt_sqlserver_use_native_string_types` to `True` in `dbt_project.yml`.
Visit https://docs.getdbt.com/reference/global-configs/behavior-changes for more information.
[0m20:48:27.627091 [debug] [MainThread]: Sending event: {'category': 'dbt', 'action': 'BehaviorChangeEvent', 'label': '7caa743b-cc9f-4c8a-8a71-5bcbe47f99c3', 'context': [<snowplow_tracker.self_describing_json.SelfDescribingJson object at 0x0000023F20FE97C0>]}
[0m20:48:27.627091 [warn ] [MainThread]: [[33mWARNING[0m]: When True, dbt transaction hooks (begin/commit) emit real T-SQL BEGIN TRANSACTION / COMMIT TRANSACTION statements. When False (default and legacy), begin/commit are no-ops and each statement is auto-committed by the driver. This means earlier successful statements are not rolled back if a later statement fails. This behavior is intended to become the default in a future release.
You may opt into the new behavior sooner by setting `flags.dbt_sqlserver_use_dbt_transactions` to `True` in `dbt_project.yml`.
Visit https://docs.getdbt.com/reference/global-configs/behavior-changes for more information.
[0m20:48:27.628088 [debug] [MainThread]: Sending event: {'category': 'dbt', 'action': 'BehaviorChangeEvent', 'label': '7caa743b-cc9f-4c8a-8a71-5bcbe47f99c3', 'context': [<snowplow_tracker.self_describing_json.SelfDescribingJson object at 0x0000023F20FE97F0>]}
[0m20:48:27.628088 [debug] [MainThread]: Acquiring new sqlserver connection 'debug'
[0m20:48:27.629087 [debug] [MainThread]: Using sqlserver connection "debug"
[0m20:48:27.629087 [debug] [MainThread]: On debug: select 1 as id
[0m20:48:27.629087 [debug] [MainThread]: Opening a new connection, currently in state init
[0m20:48:27.635600 [debug] [MainThread]: sqlserver adapter: Using connection string: DRIVER={ODBC Driver 17 for SQL Server};SERVER=localhost\SQLEXPRESS;Database=m5_demand_forecast;Trusted_Connection=yes;encrypt=Yes;TrustServerCertificate=Yes;APP=dbt-sqlserver/1.11.1;Pooling=true;SQL_ATTR_TRACE=SQL_OPT_TRACE_OFF;ConnectRetryCount=3;ConnectRetryInterval=10
[0m20:48:27.710813 [debug] [MainThread]: sqlserver adapter: SQL execution raised FailedToConnectError: Database Error
  ('28000', '[28000] [Microsoft][ODBC Driver 17 for SQL Server][SQL Server]Login failed for user \'DESKTOP-86BL51K\\skatm\'. (18456) (SQLDriverConnect); [28000] [Microsoft][ODBC Driver 17 for SQL Server][SQL Server]Cannot open database "m5_demand_forecast" requested by the login. The login failed. (4060); [28000] [Microsoft][ODBC Driver 17 for SQL Server]Invalid connection string attribute (0); [28000] [Microsoft][ODBC Driver 17 for SQL Server][SQL Server]Login failed for user \'DESKTOP-86BL51K\\skatm\'. (18456); [28000] [Microsoft][ODBC Driver 17 for SQL Server][SQL Server]Cannot open database "m5_demand_forecast" requested by the login. The login failed. (4060); [28000] [Microsoft][ODBC Driver 17 for SQL Server]Invalid connection string attribute (0)')
[0m20:48:27.710813 [debug] [MainThread]: sqlserver adapter: Error running SQL: select 1 as id
[0m20:48:27.711819 [debug] [MainThread]: sqlserver adapter: Rolling back transaction.
[0m20:48:27.711819 [debug] [MainThread]: On debug: No close available on handle
[0m20:48:27.711819 [info ] [MainThread]:   Connection test: [[31mERROR[0m]

[0m20:48:27.712820 [info ] [MainThread]: [31m2 checks failed:[0m
[0m20:48:27.712820 [info ] [MainThread]: Project loading failed for the following reason:
 project path <C:\Users\skatm\DE\BI-DEV\projects\Project - sales algorithm\dbt_project.yml> not found

[0m20:48:27.714325 [info ] [MainThread]: dbt was unable to connect to the specified database.
The database returned the following error:

  >Database Error
  ('28000', '[28000] [Microsoft][ODBC Driver 17 for SQL Server][SQL Server]Login failed for user \'DESKTOP-86BL51K\\skatm\'. (18456) (SQLDriverConnect); [28000] [Microsoft][ODBC Driver 17 for SQL Server][SQL Server]Cannot open database "m5_demand_forecast" requested by the login. The login failed. (4060); [28000] [Microsoft][ODBC Driver 17 for SQL Server]Invalid connection string attribute (0); [28000] [Microsoft][ODBC Driver 17 for SQL Server][SQL Server]Login failed for user \'DESKTOP-86BL51K\\skatm\'. (18456); [28000] [Microsoft][ODBC Driver 17 for SQL Server][SQL Server]Cannot open database "m5_demand_forecast" requested by the login. The login failed. (4060); [28000] [Microsoft][ODBC Driver 17 for SQL Server]Invalid connection string attribute (0)')

Check your database credentials and try again. For more information, visit:
https://docs.getdbt.com/docs/configure-your-profile


[0m20:48:27.715331 [debug] [MainThread]: Command `dbt debug` failed at 20:48:27.715331 after 1.09 seconds
[0m20:48:27.715331 [debug] [MainThread]: Connection 'debug' was properly closed.
[0m20:48:27.715331 [debug] [MainThread]: Sending event: {'category': 'dbt', 'action': 'invocation', 'label': 'end', 'context': [<snowplow_tracker.self_describing_json.SelfDescribingJson object at 0x0000023F1ECCA780>, <snowplow_tracker.self_describing_json.SelfDescribingJson object at 0x0000023F20B7B260>, <snowplow_tracker.self_describing_json.SelfDescribingJson object at 0x0000023F1E35C530>]}
[0m20:48:27.716330 [debug] [MainThread]: Flushing usage events
[0m20:48:28.691912 [debug] [MainThread]: An error was encountered while trying to flush usage events
[0m20:57:30.236048 [debug] [MainThread]: Sending event: {'category': 'dbt', 'action': 'invocation', 'label': 'start', 'context': [<snowplow_tracker.self_describing_json.SelfDescribingJson object at 0x0000018C017A3710>, <snowplow_tracker.self_describing_json.SelfDescribingJson object at 0x0000018C017A1A00>, <snowplow_tracker.self_describing_json.SelfDescribingJson object at 0x0000018C017A2F60>]}


============================== 20:57:30.243162 | dd6c4ef7-27af-4012-87ba-18938b3c5ccf ==============================
[0m20:57:30.243162 [info ] [MainThread]: Running with dbt=1.12.5
[0m20:57:30.244161 [debug] [MainThread]: running dbt with arguments {'version_check': 'True', 'no_print': 'None', 'maximum_seed_size_mib': '1', 'target_path': 'None', 'warn_error_options': 'WarnErrorOptionsV2(error=[], warn=[], silence=[])', 'static_parser': 'True', 'printer_width': '80', 'write_json': 'True', 'introspect': 'True', 'log_cache_events': 'False', 'empty': 'None', 'cache_selected_only': 'False', 'fail_fast': 'False', 'debug': 'False', 'log_format': 'default', 'partial_parse': 'True', 'send_anonymous_usage_stats': 'True', 'quiet': 'False', 'warn_error': 'None', 'profiles_dir': 'C:\\Users\\skatm\\.dbt', 'use_colors': 'True', 'hints_enabled': 'True', 'indirect_selection': 'eager', 'use_experimental_parser': 'False', 'invocation_command': 'dbt debug', 'log_path': 'logs'}
[0m20:57:30.271225 [info ] [MainThread]: dbt version: 1.12.5
[0m20:57:30.272730 [info ] [MainThread]: python version: 3.12.10
[0m20:57:30.272730 [info ] [MainThread]: python path: C:\Users\skatm\DE\BI-DEV\projects\Project - sales algorithm\.venv\Scripts\python.exe
[0m20:57:30.272730 [info ] [MainThread]: os info: Windows-11-10.0.26200-SP0
[0m20:57:30.464914 [info ] [MainThread]: Using profiles dir at C:\Users\skatm\.dbt
[0m20:57:30.464914 [info ] [MainThread]: Using profiles.yml file at C:\Users\skatm\.dbt\profiles.yml
[0m20:57:30.464914 [info ] [MainThread]: Using dbt_project.yml file at C:\Users\skatm\DE\BI-DEV\projects\Project - sales algorithm\dbt_project.yml
[0m20:57:30.465910 [info ] [MainThread]: adapter type: sqlserver
[0m20:57:30.465910 [info ] [MainThread]: adapter version: 1.11.1
[0m20:57:30.466911 [info ] [MainThread]: Configuration:
[0m20:57:30.466911 [info ] [MainThread]:   profiles.yml file [[32mOK found and valid[0m]
[0m20:57:30.466911 [info ] [MainThread]:   dbt_project.yml file [[31mERROR not found[0m]
[0m20:57:30.467910 [info ] [MainThread]: Required dependencies:
[0m20:57:30.467910 [debug] [MainThread]: Executing "git --help"
[0m20:57:30.519520 [debug] [MainThread]: STDOUT: "b"usage: git [-v | --version] [-h | --help] [-C <path>] [-c <name>=<value>]\n           [--exec-path[=<path>]] [--html-path] [--man-path] [--info-path]\n           [-p | --paginate | -P | --no-pager] [--no-replace-objects] [--no-lazy-fetch]\n           [--no-optional-locks] [--no-advice] [--bare] [--git-dir=<path>]\n           [--work-tree=<path>] [--namespace=<name>] [--config-env=<name>=<envvar>]\n           <command> [<args>]\n\nThese are common Git commands used in various situations:\n\nstart a working area (see also: git help tutorial)\n   clone      Clone a repository into a new directory\n   init       Create an empty Git repository or reinitialize an existing one\n\nwork on the current change (see also: git help everyday)\n   add        Add file contents to the index\n   mv         Move or rename a file, a directory, or a symlink\n   restore    Restore working tree files\n   rm         Remove files from the working tree and from the index\n\nexamine the history and state (see also: git help revisions)\n   bisect     Use binary search to find the commit that introduced a bug\n   diff       Show changes between commits, commit and working tree, etc\n   grep       Print lines matching a pattern\n   log        Show commit logs\n   show       Show various types of objects\n   status     Show the working tree status\n\ngrow, mark and tweak your common history\n   backfill   Download missing objects in a partial clone\n   branch     List, create, or delete branches\n   commit     Record changes to the repository\n   history    EXPERIMENTAL: Rewrite history\n   merge      Join two or more development histories together\n   rebase     Reapply commits on top of another base tip\n   reset      Set `HEAD` or the index to a known state\n   switch     Switch branches\n   tag        Create, list, delete or verify tags\n\ncollaborate (see also: git help workflows)\n   fetch      Download objects and refs from another repository\n   pull       Fetch from and integrate with another repository or a local branch\n   push       Update remote refs along with associated objects\n\n'git help -a' and 'git help -g' list available subcommands and some\nconcept guides. See 'git help <command>' or 'git help <concept>'\nto read about a specific subcommand or concept.\nSee 'git help git' for an overview of the system.\n""
[0m20:57:30.520520 [debug] [MainThread]: STDERR: "b''"
[0m20:57:30.520520 [info ] [MainThread]:  - git [[32mOK found[0m]

[0m20:57:30.520520 [info ] [MainThread]: Connection:
[0m20:57:30.522026 [info ] [MainThread]:   driver: ODBC Driver 17 for SQL Server
[0m20:57:30.522026 [info ] [MainThread]:   server: localhost\SQLEXPRESS
[0m20:57:30.522026 [info ] [MainThread]:   port: 1433
[0m20:57:30.523031 [info ] [MainThread]:   database: m5_demand_forecast
[0m20:57:30.523031 [info ] [MainThread]:   schema: dbo
[0m20:57:30.524032 [info ] [MainThread]:   UID: None
[0m20:57:30.524032 [info ] [MainThread]:   authentication: sql
[0m20:57:30.524032 [info ] [MainThread]:   windows_login: True
[0m20:57:30.525033 [info ] [MainThread]:   retries: 3
[0m20:57:30.525033 [info ] [MainThread]:   login_timeout: 0
[0m20:57:30.526031 [info ] [MainThread]:   query_timeout: 0
[0m20:57:30.526031 [info ] [MainThread]:   trace_flag: False
[0m20:57:30.526031 [info ] [MainThread]:   encrypt: True
[0m20:57:30.527031 [info ] [MainThread]:   trust_cert: True
[0m20:57:30.527031 [info ] [MainThread]:   backend: pyodbc
[0m20:57:30.528032 [info ] [MainThread]:   xact_abort: True
[0m20:57:30.528032 [info ] [MainThread]: Registered adapter: sqlserver=1.11.1
[0m20:57:30.970071 [warn ] [MainThread]: [[33mWARNING[0m]: When True, uses SQL Server-native string type mappings: STRING -> VARCHAR(MAX), NCHAR -> NCHAR(1), NVARCHAR -> NVARCHAR(4000). When False (default), preserves legacy mappings: STRING and NVARCHAR -> VARCHAR(8000), NCHAR -> CHAR(1). The new behaviour is intended to become the default in a future release.
You may opt into the new behavior sooner by setting `flags.dbt_sqlserver_use_native_string_types` to `True` in `dbt_project.yml`.
Visit https://docs.getdbt.com/reference/global-configs/behavior-changes for more information.
[0m20:57:30.971575 [debug] [MainThread]: Sending event: {'category': 'dbt', 'action': 'BehaviorChangeEvent', 'label': 'dd6c4ef7-27af-4012-87ba-18938b3c5ccf', 'context': [<snowplow_tracker.self_describing_json.SelfDescribingJson object at 0x0000018C01BB4F50>]}
[0m20:57:30.971575 [warn ] [MainThread]: [[33mWARNING[0m]: When True, dbt transaction hooks (begin/commit) emit real T-SQL BEGIN TRANSACTION / COMMIT TRANSACTION statements. When False (default and legacy), begin/commit are no-ops and each statement is auto-committed by the driver. This means earlier successful statements are not rolled back if a later statement fails. This behavior is intended to become the default in a future release.
You may opt into the new behavior sooner by setting `flags.dbt_sqlserver_use_dbt_transactions` to `True` in `dbt_project.yml`.
Visit https://docs.getdbt.com/reference/global-configs/behavior-changes for more information.
[0m20:57:30.973097 [debug] [MainThread]: Sending event: {'category': 'dbt', 'action': 'BehaviorChangeEvent', 'label': 'dd6c4ef7-27af-4012-87ba-18938b3c5ccf', 'context': [<snowplow_tracker.self_describing_json.SelfDescribingJson object at 0x0000018C01BB4F50>]}
[0m20:57:30.973097 [debug] [MainThread]: Acquiring new sqlserver connection 'debug'
[0m20:57:30.974101 [debug] [MainThread]: Using sqlserver connection "debug"
[0m20:57:30.974101 [debug] [MainThread]: On debug: select 1 as id
[0m20:57:30.974101 [debug] [MainThread]: Opening a new connection, currently in state init
[0m20:57:30.980102 [debug] [MainThread]: sqlserver adapter: Using connection string: DRIVER={ODBC Driver 17 for SQL Server};SERVER=localhost\SQLEXPRESS;Database=m5_demand_forecast;Trusted_Connection=yes;encrypt=Yes;TrustServerCertificate=Yes;APP=dbt-sqlserver/1.11.1;Pooling=true;SQL_ATTR_TRACE=SQL_OPT_TRACE_OFF;ConnectRetryCount=3;ConnectRetryInterval=10
[0m20:57:31.039824 [debug] [MainThread]: sqlserver adapter: SQL execution raised FailedToConnectError: Database Error
  ('28000', '[28000] [Microsoft][ODBC Driver 17 for SQL Server][SQL Server]Login failed for user \'DESKTOP-86BL51K\\skatm\'. (18456) (SQLDriverConnect); [28000] [Microsoft][ODBC Driver 17 for SQL Server][SQL Server]Cannot open database "m5_demand_forecast" requested by the login. The login failed. (4060); [28000] [Microsoft][ODBC Driver 17 for SQL Server]Invalid connection string attribute (0); [28000] [Microsoft][ODBC Driver 17 for SQL Server][SQL Server]Login failed for user \'DESKTOP-86BL51K\\skatm\'. (18456); [28000] [Microsoft][ODBC Driver 17 for SQL Server][SQL Server]Cannot open database "m5_demand_forecast" requested by the login. The login failed. (4060); [28000] [Microsoft][ODBC Driver 17 for SQL Server]Invalid connection string attribute (0)')
[0m20:57:31.039824 [debug] [MainThread]: sqlserver adapter: Error running SQL: select 1 as id
[0m20:57:31.039824 [debug] [MainThread]: sqlserver adapter: Rolling back transaction.
[0m20:57:31.040949 [debug] [MainThread]: On debug: No close available on handle
[0m20:57:31.040949 [info ] [MainThread]:   Connection test: [[31mERROR[0m]

[0m20:57:31.040949 [info ] [MainThread]: [31m2 checks failed:[0m
[0m20:57:31.041949 [info ] [MainThread]: Project loading failed for the following reason:
 project path <C:\Users\skatm\DE\BI-DEV\projects\Project - sales algorithm\dbt_project.yml> not found

[0m20:57:31.041949 [info ] [MainThread]: dbt was unable to connect to the specified database.
The database returned the following error:

  >Database Error
  ('28000', '[28000] [Microsoft][ODBC Driver 17 for SQL Server][SQL Server]Login failed for user \'DESKTOP-86BL51K\\skatm\'. (18456) (SQLDriverConnect); [28000] [Microsoft][ODBC Driver 17 for SQL Server][SQL Server]Cannot open database "m5_demand_forecast" requested by the login. The login failed. (4060); [28000] [Microsoft][ODBC Driver 17 for SQL Server]Invalid connection string attribute (0); [28000] [Microsoft][ODBC Driver 17 for SQL Server][SQL Server]Login failed for user \'DESKTOP-86BL51K\\skatm\'. (18456); [28000] [Microsoft][ODBC Driver 17 for SQL Server][SQL Server]Cannot open database "m5_demand_forecast" requested by the login. The login failed. (4060); [28000] [Microsoft][ODBC Driver 17 for SQL Server]Invalid connection string attribute (0)')

Check your database credentials and try again. For more information, visit:
https://docs.getdbt.com/docs/configure-your-profile


[0m20:57:31.042949 [debug] [MainThread]: Command `dbt debug` failed at 20:57:31.042949 after 0.93 seconds
[0m20:57:31.042949 [debug] [MainThread]: Connection 'debug' was properly closed.
[0m20:57:31.042949 [debug] [MainThread]: Sending event: {'category': 'dbt', 'action': 'invocation', 'label': 'end', 'context': [<snowplow_tracker.self_describing_json.SelfDescribingJson object at 0x0000018BFFE12EA0>, <snowplow_tracker.self_describing_json.SelfDescribingJson object at 0x0000018BFFDA7110>, <snowplow_tracker.self_describing_json.SelfDescribingJson object at 0x0000018BFFE70470>]}
[0m20:57:31.044454 [debug] [MainThread]: Flushing usage events
[0m20:57:32.391776 [debug] [MainThread]: An error was encountered while trying to flush usage events
[0m20:59:40.484478 [debug] [MainThread]: Sending event: {'category': 'dbt', 'action': 'invocation', 'label': 'start', 'context': [<snowplow_tracker.self_describing_json.SelfDescribingJson object at 0x0000026E707DEDE0>, <snowplow_tracker.self_describing_json.SelfDescribingJson object at 0x0000026E6E539970>, <snowplow_tracker.self_describing_json.SelfDescribingJson object at 0x0000026E707DEFC0>]}


============================== 20:59:40.488982 | 43b34472-ac38-42f4-b240-f7cde72de707 ==============================
[0m20:59:40.488982 [info ] [MainThread]: Running with dbt=1.12.5
[0m20:59:40.489988 [debug] [MainThread]: running dbt with arguments {'version_check': 'True', 'no_print': 'None', 'static_parser': 'True', 'warn_error_options': 'WarnErrorOptionsV2(error=[], warn=[], silence=[])', 'maximum_seed_size_mib': '1', 'target_path': 'None', 'printer_width': '80', 'write_json': 'True', 'introspect': 'True', 'log_cache_events': 'False', 'empty': 'None', 'cache_selected_only': 'False', 'fail_fast': 'False', 'debug': 'False', 'log_format': 'default', 'partial_parse': 'True', 'send_anonymous_usage_stats': 'True', 'quiet': 'False', 'warn_error': 'None', 'profiles_dir': 'C:\\Users\\skatm\\.dbt', 'invocation_command': 'dbt debug', 'hints_enabled': 'True', 'use_colors': 'True', 'use_experimental_parser': 'False', 'indirect_selection': 'eager', 'log_path': 'C:\\Users\\skatm\\DE\\BI-DEV\\projects\\Project - sales algorithm\\logs'}
[0m20:59:40.512668 [info ] [MainThread]: dbt version: 1.12.5
[0m20:59:40.512668 [info ] [MainThread]: python version: 3.12.10
[0m20:59:40.513670 [info ] [MainThread]: python path: C:\Users\skatm\DE\BI-DEV\projects\Project - sales algorithm\.venv\Scripts\python.exe
[0m20:59:40.513670 [info ] [MainThread]: os info: Windows-11-10.0.26200-SP0
[0m20:59:40.714316 [info ] [MainThread]: Using profiles dir at C:\Users\skatm\.dbt
[0m20:59:40.714316 [info ] [MainThread]: Using profiles.yml file at C:\Users\skatm\.dbt\profiles.yml
[0m20:59:40.715316 [info ] [MainThread]: Using dbt_project.yml file at C:\Users\skatm\DE\BI-DEV\projects\Project - sales algorithm\dbt_project.yml
[0m20:59:40.715316 [info ] [MainThread]: adapter type: sqlserver
[0m20:59:40.716315 [info ] [MainThread]: adapter version: 1.11.1
[0m20:59:40.832611 [info ] [MainThread]: Configuration:
[0m20:59:40.832611 [info ] [MainThread]:   profiles.yml file [[32mOK found and valid[0m]
[0m20:59:40.832611 [info ] [MainThread]:   dbt_project.yml file [[32mOK found and valid[0m]
[0m20:59:40.833614 [info ] [MainThread]: Required dependencies:
[0m20:59:40.833614 [debug] [MainThread]: Executing "git --help"
[0m20:59:40.883364 [debug] [MainThread]: STDOUT: "b"usage: git [-v | --version] [-h | --help] [-C <path>] [-c <name>=<value>]\n           [--exec-path[=<path>]] [--html-path] [--man-path] [--info-path]\n           [-p | --paginate | -P | --no-pager] [--no-replace-objects] [--no-lazy-fetch]\n           [--no-optional-locks] [--no-advice] [--bare] [--git-dir=<path>]\n           [--work-tree=<path>] [--namespace=<name>] [--config-env=<name>=<envvar>]\n           <command> [<args>]\n\nThese are common Git commands used in various situations:\n\nstart a working area (see also: git help tutorial)\n   clone      Clone a repository into a new directory\n   init       Create an empty Git repository or reinitialize an existing one\n\nwork on the current change (see also: git help everyday)\n   add        Add file contents to the index\n   mv         Move or rename a file, a directory, or a symlink\n   restore    Restore working tree files\n   rm         Remove files from the working tree and from the index\n\nexamine the history and state (see also: git help revisions)\n   bisect     Use binary search to find the commit that introduced a bug\n   diff       Show changes between commits, commit and working tree, etc\n   grep       Print lines matching a pattern\n   log        Show commit logs\n   show       Show various types of objects\n   status     Show the working tree status\n\ngrow, mark and tweak your common history\n   backfill   Download missing objects in a partial clone\n   branch     List, create, or delete branches\n   commit     Record changes to the repository\n   history    EXPERIMENTAL: Rewrite history\n   merge      Join two or more development histories together\n   rebase     Reapply commits on top of another base tip\n   reset      Set `HEAD` or the index to a known state\n   switch     Switch branches\n   tag        Create, list, delete or verify tags\n\ncollaborate (see also: git help workflows)\n   fetch      Download objects and refs from another repository\n   pull       Fetch from and integrate with another repository or a local branch\n   push       Update remote refs along with associated objects\n\n'git help -a' and 'git help -g' list available subcommands and some\nconcept guides. See 'git help <command>' or 'git help <concept>'\nto read about a specific subcommand or concept.\nSee 'git help git' for an overview of the system.\n""
[0m20:59:40.884366 [debug] [MainThread]: STDERR: "b''"
[0m20:59:40.884366 [info ] [MainThread]:  - git [[32mOK found[0m]

[0m20:59:40.885365 [info ] [MainThread]: Connection:
[0m20:59:40.885365 [info ] [MainThread]:   driver: ODBC Driver 17 for SQL Server
[0m20:59:40.886366 [info ] [MainThread]:   server: localhost\SQLEXPRESS
[0m20:59:40.886366 [info ] [MainThread]:   port: 1433
[0m20:59:40.886366 [info ] [MainThread]:   database: m5_demand_forecast
[0m20:59:40.886366 [info ] [MainThread]:   schema: dbo
[0m20:59:40.887872 [info ] [MainThread]:   UID: None
[0m20:59:40.887872 [info ] [MainThread]:   authentication: sql
[0m20:59:40.887872 [info ] [MainThread]:   windows_login: True
[0m20:59:40.888878 [info ] [MainThread]:   retries: 3
[0m20:59:40.888878 [info ] [MainThread]:   login_timeout: 0
[0m20:59:40.888878 [info ] [MainThread]:   query_timeout: 0
[0m20:59:40.889879 [info ] [MainThread]:   trace_flag: False
[0m20:59:40.889879 [info ] [MainThread]:   encrypt: True
[0m20:59:40.890879 [info ] [MainThread]:   trust_cert: True
[0m20:59:40.890879 [info ] [MainThread]:   backend: pyodbc
[0m20:59:40.890879 [info ] [MainThread]:   xact_abort: True
[0m20:59:40.892384 [info ] [MainThread]: Registered adapter: sqlserver=1.11.1
[0m20:59:41.354475 [warn ] [MainThread]: [[33mWARNING[0m]: When True, uses SQL Server-native string type mappings: STRING -> VARCHAR(MAX), NCHAR -> NCHAR(1), NVARCHAR -> NVARCHAR(4000). When False (default), preserves legacy mappings: STRING and NVARCHAR -> VARCHAR(8000), NCHAR -> CHAR(1). The new behaviour is intended to become the default in a future release.
You may opt into the new behavior sooner by setting `flags.dbt_sqlserver_use_native_string_types` to `True` in `dbt_project.yml`.
Visit https://docs.getdbt.com/reference/global-configs/behavior-changes for more information.
[0m20:59:41.355553 [debug] [MainThread]: Sending event: {'category': 'dbt', 'action': 'BehaviorChangeEvent', 'label': '43b34472-ac38-42f4-b240-f7cde72de707', 'context': [<snowplow_tracker.self_describing_json.SelfDescribingJson object at 0x0000026E72FC9940>]}
[0m20:59:41.355553 [warn ] [MainThread]: [[33mWARNING[0m]: When True, dbt transaction hooks (begin/commit) emit real T-SQL BEGIN TRANSACTION / COMMIT TRANSACTION statements. When False (default and legacy), begin/commit are no-ops and each statement is auto-committed by the driver. This means earlier successful statements are not rolled back if a later statement fails. This behavior is intended to become the default in a future release.
You may opt into the new behavior sooner by setting `flags.dbt_sqlserver_use_dbt_transactions` to `True` in `dbt_project.yml`.
Visit https://docs.getdbt.com/reference/global-configs/behavior-changes for more information.
[0m20:59:41.356554 [debug] [MainThread]: Sending event: {'category': 'dbt', 'action': 'BehaviorChangeEvent', 'label': '43b34472-ac38-42f4-b240-f7cde72de707', 'context': [<snowplow_tracker.self_describing_json.SelfDescribingJson object at 0x0000026E72F2ACC0>]}
[0m20:59:41.356554 [debug] [MainThread]: Acquiring new sqlserver connection 'debug'
[0m20:59:41.357554 [debug] [MainThread]: Using sqlserver connection "debug"
[0m20:59:41.357554 [debug] [MainThread]: On debug: select 1 as id
[0m20:59:41.357554 [debug] [MainThread]: Opening a new connection, currently in state init
[0m20:59:41.360553 [debug] [MainThread]: sqlserver adapter: Using connection string: DRIVER={ODBC Driver 17 for SQL Server};SERVER=localhost\SQLEXPRESS;Database=m5_demand_forecast;Trusted_Connection=yes;encrypt=Yes;TrustServerCertificate=Yes;APP=dbt-sqlserver/1.11.1;Pooling=true;SQL_ATTR_TRACE=SQL_OPT_TRACE_OFF;ConnectRetryCount=3;ConnectRetryInterval=10
[0m20:59:41.393623 [debug] [MainThread]: sqlserver adapter: SQL execution raised FailedToConnectError: Database Error
  ('28000', '[28000] [Microsoft][ODBC Driver 17 for SQL Server][SQL Server]Login failed for user \'DESKTOP-86BL51K\\skatm\'. (18456) (SQLDriverConnect); [28000] [Microsoft][ODBC Driver 17 for SQL Server][SQL Server]Cannot open database "m5_demand_forecast" requested by the login. The login failed. (4060); [28000] [Microsoft][ODBC Driver 17 for SQL Server]Invalid connection string attribute (0); [28000] [Microsoft][ODBC Driver 17 for SQL Server][SQL Server]Login failed for user \'DESKTOP-86BL51K\\skatm\'. (18456); [28000] [Microsoft][ODBC Driver 17 for SQL Server][SQL Server]Cannot open database "m5_demand_forecast" requested by the login. The login failed. (4060); [28000] [Microsoft][ODBC Driver 17 for SQL Server]Invalid connection string attribute (0)')
[0m20:59:41.394623 [debug] [MainThread]: sqlserver adapter: Error running SQL: select 1 as id
[0m20:59:41.394623 [debug] [MainThread]: sqlserver adapter: Rolling back transaction.
[0m20:59:41.395624 [debug] [MainThread]: On debug: No close available on handle
[0m20:59:41.395624 [info ] [MainThread]:   Connection test: [[31mERROR[0m]

[0m20:59:41.395624 [info ] [MainThread]: [31m1 check failed:[0m
[0m20:59:41.395624 [info ] [MainThread]: dbt was unable to connect to the specified database.
The database returned the following error:

  >Database Error
  ('28000', '[28000] [Microsoft][ODBC Driver 17 for SQL Server][SQL Server]Login failed for user \'DESKTOP-86BL51K\\skatm\'. (18456) (SQLDriverConnect); [28000] [Microsoft][ODBC Driver 17 for SQL Server][SQL Server]Cannot open database "m5_demand_forecast" requested by the login. The login failed. (4060); [28000] [Microsoft][ODBC Driver 17 for SQL Server]Invalid connection string attribute (0); [28000] [Microsoft][ODBC Driver 17 for SQL Server][SQL Server]Login failed for user \'DESKTOP-86BL51K\\skatm\'. (18456); [28000] [Microsoft][ODBC Driver 17 for SQL Server][SQL Server]Cannot open database "m5_demand_forecast" requested by the login. The login failed. (4060); [28000] [Microsoft][ODBC Driver 17 for SQL Server]Invalid connection string attribute (0)')

Check your database credentials and try again. For more information, visit:
https://docs.getdbt.com/docs/configure-your-profile


[0m20:59:41.398136 [debug] [MainThread]: Command `dbt debug` failed at 20:59:41.397130 after 1.05 seconds
[0m20:59:41.398136 [debug] [MainThread]: Connection 'debug' was properly closed.
[0m20:59:41.399135 [debug] [MainThread]: Sending event: {'category': 'dbt', 'action': 'invocation', 'label': 'end', 'context': [<snowplow_tracker.self_describing_json.SelfDescribingJson object at 0x0000026E729A2C90>, <snowplow_tracker.self_describing_json.SelfDescribingJson object at 0x0000026E72AD9DF0>, <snowplow_tracker.self_describing_json.SelfDescribingJson object at 0x0000026E72A11CA0>]}
[0m20:59:41.399135 [debug] [MainThread]: Flushing usage events
[0m20:59:42.612710 [debug] [MainThread]: An error was encountered while trying to flush usage events
[0m21:07:10.030592 [debug] [MainThread]: Sending event: {'category': 'dbt', 'action': 'invocation', 'label': 'start', 'context': [<snowplow_tracker.self_describing_json.SelfDescribingJson object at 0x00000234D3D12E40>, <snowplow_tracker.self_describing_json.SelfDescribingJson object at 0x00000234D3D13080>, <snowplow_tracker.self_describing_json.SelfDescribingJson object at 0x00000234D3D12FF0>]}


============================== 21:07:10.035599 | 73f28207-1f11-4f19-bd51-e259bbe43fd8 ==============================
[0m21:07:10.035599 [info ] [MainThread]: Running with dbt=1.12.5
[0m21:07:10.037106 [debug] [MainThread]: running dbt with arguments {'static_parser': 'True', 'no_print': 'None', 'version_check': 'True', 'target_path': 'None', 'warn_error_options': 'WarnErrorOptionsV2(error=[], warn=[], silence=[])', 'maximum_seed_size_mib': '1', 'printer_width': '80', 'write_json': 'True', 'introspect': 'True', 'log_cache_events': 'False', 'empty': 'None', 'cache_selected_only': 'False', 'log_format': 'default', 'debug': 'False', 'fail_fast': 'False', 'partial_parse': 'True', 'send_anonymous_usage_stats': 'True', 'quiet': 'False', 'warn_error': 'None', 'profiles_dir': 'C:\\Users\\skatm\\.dbt', 'invocation_command': 'dbt debug', 'hints_enabled': 'True', 'use_colors': 'True', 'use_experimental_parser': 'False', 'indirect_selection': 'eager', 'log_path': 'C:\\Users\\skatm\\DE\\BI-DEV\\projects\\Project - sales algorithm\\logs'}
[0m21:07:10.065780 [info ] [MainThread]: dbt version: 1.12.5
[0m21:07:10.066780 [info ] [MainThread]: python version: 3.12.10
[0m21:07:10.066780 [info ] [MainThread]: python path: C:\Users\skatm\DE\BI-DEV\projects\Project - sales algorithm\.venv\Scripts\python.exe
[0m21:07:10.066780 [info ] [MainThread]: os info: Windows-11-10.0.26200-SP0
[0m21:07:10.284705 [info ] [MainThread]: Using profiles dir at C:\Users\skatm\.dbt
[0m21:07:10.284705 [info ] [MainThread]: Using profiles.yml file at C:\Users\skatm\.dbt\profiles.yml
[0m21:07:10.285706 [info ] [MainThread]: Using dbt_project.yml file at C:\Users\skatm\DE\BI-DEV\projects\Project - sales algorithm\dbt_project.yml
[0m21:07:10.285706 [info ] [MainThread]: adapter type: sqlserver
[0m21:07:10.286707 [info ] [MainThread]: adapter version: 1.11.1
[0m21:07:10.397083 [info ] [MainThread]: Configuration:
[0m21:07:10.398083 [info ] [MainThread]:   profiles.yml file [[32mOK found and valid[0m]
[0m21:07:10.398083 [info ] [MainThread]:   dbt_project.yml file [[32mOK found and valid[0m]
[0m21:07:10.398083 [info ] [MainThread]: Required dependencies:
[0m21:07:10.399082 [debug] [MainThread]: Executing "git --help"
[0m21:07:10.450551 [debug] [MainThread]: STDOUT: "b"usage: git [-v | --version] [-h | --help] [-C <path>] [-c <name>=<value>]\n           [--exec-path[=<path>]] [--html-path] [--man-path] [--info-path]\n           [-p | --paginate | -P | --no-pager] [--no-replace-objects] [--no-lazy-fetch]\n           [--no-optional-locks] [--no-advice] [--bare] [--git-dir=<path>]\n           [--work-tree=<path>] [--namespace=<name>] [--config-env=<name>=<envvar>]\n           <command> [<args>]\n\nThese are common Git commands used in various situations:\n\nstart a working area (see also: git help tutorial)\n   clone      Clone a repository into a new directory\n   init       Create an empty Git repository or reinitialize an existing one\n\nwork on the current change (see also: git help everyday)\n   add        Add file contents to the index\n   mv         Move or rename a file, a directory, or a symlink\n   restore    Restore working tree files\n   rm         Remove files from the working tree and from the index\n\nexamine the history and state (see also: git help revisions)\n   bisect     Use binary search to find the commit that introduced a bug\n   diff       Show changes between commits, commit and working tree, etc\n   grep       Print lines matching a pattern\n   log        Show commit logs\n   show       Show various types of objects\n   status     Show the working tree status\n\ngrow, mark and tweak your common history\n   backfill   Download missing objects in a partial clone\n   branch     List, create, or delete branches\n   commit     Record changes to the repository\n   history    EXPERIMENTAL: Rewrite history\n   merge      Join two or more development histories together\n   rebase     Reapply commits on top of another base tip\n   reset      Set `HEAD` or the index to a known state\n   switch     Switch branches\n   tag        Create, list, delete or verify tags\n\ncollaborate (see also: git help workflows)\n   fetch      Download objects and refs from another repository\n   pull       Fetch from and integrate with another repository or a local branch\n   push       Update remote refs along with associated objects\n\n'git help -a' and 'git help -g' list available subcommands and some\nconcept guides. See 'git help <command>' or 'git help <concept>'\nto read about a specific subcommand or concept.\nSee 'git help git' for an overview of the system.\n""
[0m21:07:10.451557 [debug] [MainThread]: STDERR: "b''"
[0m21:07:10.451557 [info ] [MainThread]:  - git [[32mOK found[0m]

[0m21:07:10.452590 [info ] [MainThread]: Connection:
[0m21:07:10.452590 [info ] [MainThread]:   driver: ODBC Driver 17 for SQL Server
[0m21:07:10.452590 [info ] [MainThread]:   server: DESKTOP-86BL51K\SQLEXPRESS
[0m21:07:10.453589 [info ] [MainThread]:   port: 1433
[0m21:07:10.453589 [info ] [MainThread]:   database: m5_demand_forecast
[0m21:07:10.454588 [info ] [MainThread]:   schema: dbo
[0m21:07:10.454588 [info ] [MainThread]:   UID: dbt_user
[0m21:07:10.454588 [info ] [MainThread]:   authentication: sql
[0m21:07:10.455588 [info ] [MainThread]:   windows_login: False
[0m21:07:10.455588 [info ] [MainThread]:   retries: 3
[0m21:07:10.455588 [info ] [MainThread]:   login_timeout: 0
[0m21:07:10.456589 [info ] [MainThread]:   query_timeout: 0
[0m21:07:10.456589 [info ] [MainThread]:   trace_flag: False
[0m21:07:10.457589 [info ] [MainThread]:   encrypt: True
[0m21:07:10.457589 [info ] [MainThread]:   trust_cert: True
[0m21:07:10.458589 [info ] [MainThread]:   backend: pyodbc
[0m21:07:10.458589 [info ] [MainThread]:   xact_abort: True
[0m21:07:10.458589 [info ] [MainThread]: Registered adapter: sqlserver=1.11.1
[0m21:07:10.915421 [warn ] [MainThread]: [[33mWARNING[0m]: When True, uses SQL Server-native string type mappings: STRING -> VARCHAR(MAX), NCHAR -> NCHAR(1), NVARCHAR -> NVARCHAR(4000). When False (default), preserves legacy mappings: STRING and NVARCHAR -> VARCHAR(8000), NCHAR -> CHAR(1). The new behaviour is intended to become the default in a future release.
You may opt into the new behavior sooner by setting `flags.dbt_sqlserver_use_native_string_types` to `True` in `dbt_project.yml`.
Visit https://docs.getdbt.com/reference/global-configs/behavior-changes for more information.
[0m21:07:10.916924 [debug] [MainThread]: Sending event: {'category': 'dbt', 'action': 'BehaviorChangeEvent', 'label': '73f28207-1f11-4f19-bd51-e259bbe43fd8', 'context': [<snowplow_tracker.self_describing_json.SelfDescribingJson object at 0x00000234D5CC9D90>]}
[0m21:07:10.916924 [warn ] [MainThread]: [[33mWARNING[0m]: When True, dbt transaction hooks (begin/commit) emit real T-SQL BEGIN TRANSACTION / COMMIT TRANSACTION statements. When False (default and legacy), begin/commit are no-ops and each statement is auto-committed by the driver. This means earlier successful statements are not rolled back if a later statement fails. This behavior is intended to become the default in a future release.
You may opt into the new behavior sooner by setting `flags.dbt_sqlserver_use_dbt_transactions` to `True` in `dbt_project.yml`.
Visit https://docs.getdbt.com/reference/global-configs/behavior-changes for more information.
[0m21:07:10.917929 [debug] [MainThread]: Sending event: {'category': 'dbt', 'action': 'BehaviorChangeEvent', 'label': '73f28207-1f11-4f19-bd51-e259bbe43fd8', 'context': [<snowplow_tracker.self_describing_json.SelfDescribingJson object at 0x00000234D5CC8CE0>]}
[0m21:07:10.918931 [debug] [MainThread]: Acquiring new sqlserver connection 'debug'
[0m21:07:10.918931 [debug] [MainThread]: Using sqlserver connection "debug"
[0m21:07:10.918931 [debug] [MainThread]: On debug: select 1 as id
[0m21:07:10.918931 [debug] [MainThread]: Opening a new connection, currently in state init
[0m21:07:10.925443 [debug] [MainThread]: sqlserver adapter: Using connection string: DRIVER={ODBC Driver 17 for SQL Server};SERVER=DESKTOP-86BL51K\SQLEXPRESS;Database=m5_demand_forecast;UID=***;PWD=***;encrypt=Yes;TrustServerCertificate=Yes;APP=dbt-sqlserver/1.11.1;Pooling=true;SQL_ATTR_TRACE=SQL_OPT_TRACE_OFF;ConnectRetryCount=3;ConnectRetryInterval=10
[0m21:07:10.977453 [debug] [MainThread]: sqlserver adapter: SQL execution raised FailedToConnectError: Database Error
  ('28000', "[28000] [Microsoft][ODBC Driver 17 for SQL Server][SQL Server]Login failed for user 'dbt_user'. (18456) (SQLDriverConnect); [28000] [Microsoft][ODBC Driver 17 for SQL Server]Invalid connection string attribute (0); [28000] [Microsoft][ODBC Driver 17 for SQL Server][SQL Server]Login failed for user 'dbt_user'. (18456); [28000] [Microsoft][ODBC Driver 17 for SQL Server]Invalid connection string attribute (0)")
[0m21:07:10.977453 [debug] [MainThread]: sqlserver adapter: Error running SQL: select 1 as id
[0m21:07:10.978452 [debug] [MainThread]: sqlserver adapter: Rolling back transaction.
[0m21:07:10.978452 [debug] [MainThread]: On debug: No close available on handle
[0m21:07:10.979452 [info ] [MainThread]:   Connection test: [[31mERROR[0m]

[0m21:07:10.979452 [info ] [MainThread]: [31m1 check failed:[0m
[0m21:07:10.980454 [info ] [MainThread]: dbt was unable to connect to the specified database.
The database returned the following error:

  >Database Error
  ('28000', "[28000] [Microsoft][ODBC Driver 17 for SQL Server][SQL Server]Login failed for user 'dbt_user'. (18456) (SQLDriverConnect); [28000] [Microsoft][ODBC Driver 17 for SQL Server]Invalid connection string attribute (0); [28000] [Microsoft][ODBC Driver 17 for SQL Server][SQL Server]Login failed for user 'dbt_user'. (18456); [28000] [Microsoft][ODBC Driver 17 for SQL Server]Invalid connection string attribute (0)")

Check your database credentials and try again. For more information, visit:
https://docs.getdbt.com/docs/configure-your-profile


[0m21:07:10.981547 [debug] [MainThread]: Command `dbt debug` failed at 21:07:10.981547 after 1.09 seconds
[0m21:07:10.981547 [debug] [MainThread]: Connection 'debug' was properly closed.
[0m21:07:10.981547 [debug] [MainThread]: Sending event: {'category': 'dbt', 'action': 'invocation', 'label': 'end', 'context': [<snowplow_tracker.self_describing_json.SelfDescribingJson object at 0x00000234D57D95B0>, <snowplow_tracker.self_describing_json.SelfDescribingJson object at 0x00000234D3CA97C0>, <snowplow_tracker.self_describing_json.SelfDescribingJson object at 0x00000234D5527950>]}
[0m21:07:10.982545 [debug] [MainThread]: Flushing usage events
[0m21:07:12.081296 [debug] [MainThread]: An error was encountered while trying to flush usage events
[0m21:12:03.840161 [debug] [MainThread]: Sending event: {'category': 'dbt', 'action': 'invocation', 'label': 'start', 'context': [<snowplow_tracker.self_describing_json.SelfDescribingJson object at 0x0000018F01781C10>, <snowplow_tracker.self_describing_json.SelfDescribingJson object at 0x0000018F050E8B60>, <snowplow_tracker.self_describing_json.SelfDescribingJson object at 0x0000018F05212DB0>]}


============================== 21:12:03.844176 | 18305d7a-ce92-4ff9-8960-c9cae7963cb2 ==============================
[0m21:12:03.844176 [info ] [MainThread]: Running with dbt=1.12.5
[0m21:12:03.845182 [debug] [MainThread]: running dbt with arguments {'maximum_seed_size_mib': '1', 'no_print': 'None', 'version_check': 'True', 'warn_error_options': 'WarnErrorOptionsV2(error=[], warn=[], silence=[])', 'static_parser': 'True', 'target_path': 'None', 'printer_width': '80', 'write_json': 'True', 'introspect': 'True', 'log_cache_events': 'False', 'empty': 'None', 'cache_selected_only': 'False', 'log_format': 'default', 'debug': 'False', 'fail_fast': 'False', 'profiles_dir': 'C:\\Users\\skatm\\.dbt', 'send_anonymous_usage_stats': 'True', 'quiet': 'False', 'warn_error': 'None', 'partial_parse': 'True', 'invocation_command': 'dbt debug', 'hints_enabled': 'True', 'indirect_selection': 'eager', 'use_experimental_parser': 'False', 'use_colors': 'True', 'log_path': 'C:\\Users\\skatm\\DE\\BI-DEV\\projects\\Project - sales algorithm\\logs'}
[0m21:12:03.871352 [info ] [MainThread]: dbt version: 1.12.5
[0m21:12:03.871352 [info ] [MainThread]: python version: 3.12.10
[0m21:12:03.871352 [info ] [MainThread]: python path: C:\Users\skatm\DE\BI-DEV\projects\Project - sales algorithm\.venv\Scripts\python.exe
[0m21:12:03.872591 [info ] [MainThread]: os info: Windows-11-10.0.26200-SP0
[0m21:12:04.090574 [info ] [MainThread]: Using profiles dir at C:\Users\skatm\.dbt
[0m21:12:04.091575 [info ] [MainThread]: Using profiles.yml file at C:\Users\skatm\.dbt\profiles.yml
[0m21:12:04.091575 [info ] [MainThread]: Using dbt_project.yml file at C:\Users\skatm\DE\BI-DEV\projects\Project - sales algorithm\dbt_project.yml
[0m21:12:04.091575 [info ] [MainThread]: adapter type: sqlserver
[0m21:12:04.092665 [info ] [MainThread]: adapter version: 1.11.1
[0m21:12:04.215493 [info ] [MainThread]: Configuration:
[0m21:12:04.215493 [info ] [MainThread]:   profiles.yml file [[32mOK found and valid[0m]
[0m21:12:04.215493 [info ] [MainThread]:   dbt_project.yml file [[32mOK found and valid[0m]
[0m21:12:04.216734 [info ] [MainThread]: Required dependencies:
[0m21:12:04.216734 [debug] [MainThread]: Executing "git --help"
[0m21:12:04.270192 [debug] [MainThread]: STDOUT: "b"usage: git [-v | --version] [-h | --help] [-C <path>] [-c <name>=<value>]\n           [--exec-path[=<path>]] [--html-path] [--man-path] [--info-path]\n           [-p | --paginate | -P | --no-pager] [--no-replace-objects] [--no-lazy-fetch]\n           [--no-optional-locks] [--no-advice] [--bare] [--git-dir=<path>]\n           [--work-tree=<path>] [--namespace=<name>] [--config-env=<name>=<envvar>]\n           <command> [<args>]\n\nThese are common Git commands used in various situations:\n\nstart a working area (see also: git help tutorial)\n   clone      Clone a repository into a new directory\n   init       Create an empty Git repository or reinitialize an existing one\n\nwork on the current change (see also: git help everyday)\n   add        Add file contents to the index\n   mv         Move or rename a file, a directory, or a symlink\n   restore    Restore working tree files\n   rm         Remove files from the working tree and from the index\n\nexamine the history and state (see also: git help revisions)\n   bisect     Use binary search to find the commit that introduced a bug\n   diff       Show changes between commits, commit and working tree, etc\n   grep       Print lines matching a pattern\n   log        Show commit logs\n   show       Show various types of objects\n   status     Show the working tree status\n\ngrow, mark and tweak your common history\n   backfill   Download missing objects in a partial clone\n   branch     List, create, or delete branches\n   commit     Record changes to the repository\n   history    EXPERIMENTAL: Rewrite history\n   merge      Join two or more development histories together\n   rebase     Reapply commits on top of another base tip\n   reset      Set `HEAD` or the index to a known state\n   switch     Switch branches\n   tag        Create, list, delete or verify tags\n\ncollaborate (see also: git help workflows)\n   fetch      Download objects and refs from another repository\n   pull       Fetch from and integrate with another repository or a local branch\n   push       Update remote refs along with associated objects\n\n'git help -a' and 'git help -g' list available subcommands and some\nconcept guides. See 'git help <command>' or 'git help <concept>'\nto read about a specific subcommand or concept.\nSee 'git help git' for an overview of the system.\n""
[0m21:12:04.271697 [debug] [MainThread]: STDERR: "b''"
[0m21:12:04.271697 [info ] [MainThread]:  - git [[32mOK found[0m]

[0m21:12:04.272705 [info ] [MainThread]: Connection:
[0m21:12:04.272705 [info ] [MainThread]:   driver: ODBC Driver 18 for SQL Server
[0m21:12:04.273704 [info ] [MainThread]:   server: DESKTOP-86BL51K\SQLEXPRESS
[0m21:12:04.273704 [info ] [MainThread]:   port: 1433
[0m21:12:04.273704 [info ] [MainThread]:   database: m5_demand_forecast
[0m21:12:04.274704 [info ] [MainThread]:   schema: dbo
[0m21:12:04.274704 [info ] [MainThread]:   UID: dbt_user
[0m21:12:04.275792 [info ] [MainThread]:   authentication: sql
[0m21:12:04.275792 [info ] [MainThread]:   windows_login: False
[0m21:12:04.276792 [info ] [MainThread]:   retries: 3
[0m21:12:04.276792 [info ] [MainThread]:   login_timeout: 0
[0m21:12:04.277795 [info ] [MainThread]:   query_timeout: 0
[0m21:12:04.277795 [info ] [MainThread]:   trace_flag: False
[0m21:12:04.278793 [info ] [MainThread]:   encrypt: True
[0m21:12:04.278793 [info ] [MainThread]:   trust_cert: True
[0m21:12:04.278793 [info ] [MainThread]:   backend: pyodbc
[0m21:12:04.280298 [info ] [MainThread]:   xact_abort: True
[0m21:12:04.280298 [info ] [MainThread]: Registered adapter: sqlserver=1.11.1
[0m21:12:04.778057 [warn ] [MainThread]: [[33mWARNING[0m]: When True, uses SQL Server-native string type mappings: STRING -> VARCHAR(MAX), NCHAR -> NCHAR(1), NVARCHAR -> NVARCHAR(4000). When False (default), preserves legacy mappings: STRING and NVARCHAR -> VARCHAR(8000), NCHAR -> CHAR(1). The new behaviour is intended to become the default in a future release.
You may opt into the new behavior sooner by setting `flags.dbt_sqlserver_use_native_string_types` to `True` in `dbt_project.yml`.
Visit https://docs.getdbt.com/reference/global-configs/behavior-changes for more information.
[0m21:12:04.778057 [debug] [MainThread]: Sending event: {'category': 'dbt', 'action': 'BehaviorChangeEvent', 'label': '18305d7a-ce92-4ff9-8960-c9cae7963cb2', 'context': [<snowplow_tracker.self_describing_json.SelfDescribingJson object at 0x0000018F0706FE60>]}
[0m21:12:04.779056 [warn ] [MainThread]: [[33mWARNING[0m]: When True, dbt transaction hooks (begin/commit) emit real T-SQL BEGIN TRANSACTION / COMMIT TRANSACTION statements. When False (default and legacy), begin/commit are no-ops and each statement is auto-committed by the driver. This means earlier successful statements are not rolled back if a later statement fails. This behavior is intended to become the default in a future release.
You may opt into the new behavior sooner by setting `flags.dbt_sqlserver_use_dbt_transactions` to `True` in `dbt_project.yml`.
Visit https://docs.getdbt.com/reference/global-configs/behavior-changes for more information.
[0m21:12:04.780056 [debug] [MainThread]: Sending event: {'category': 'dbt', 'action': 'BehaviorChangeEvent', 'label': '18305d7a-ce92-4ff9-8960-c9cae7963cb2', 'context': [<snowplow_tracker.self_describing_json.SelfDescribingJson object at 0x0000018F0706FE60>]}
[0m21:12:04.780056 [debug] [MainThread]: Acquiring new sqlserver connection 'debug'
[0m21:12:04.780056 [debug] [MainThread]: Using sqlserver connection "debug"
[0m21:12:04.781562 [debug] [MainThread]: On debug: select 1 as id
[0m21:12:04.781562 [debug] [MainThread]: Opening a new connection, currently in state init
[0m21:12:04.785606 [debug] [MainThread]: sqlserver adapter: Using connection string: DRIVER={ODBC Driver 18 for SQL Server};SERVER=DESKTOP-86BL51K\SQLEXPRESS;Database=m5_demand_forecast;UID=***;PWD=***;encrypt=Yes;TrustServerCertificate=Yes;APP=dbt-sqlserver/1.11.1;Pooling=true;SQL_ATTR_TRACE=SQL_OPT_TRACE_OFF;ConnectRetryCount=3;ConnectRetryInterval=10
[0m21:12:04.846015 [debug] [MainThread]: sqlserver adapter: SQL execution raised FailedToConnectError: Database Error
  ('28000', "[28000] [Microsoft][ODBC Driver 18 for SQL Server][SQL Server]Login failed for user 'dbt_user'. (18456) (SQLDriverConnect); [28000] [Microsoft][ODBC Driver 18 for SQL Server]Invalid connection string attribute (0); [28000] [Microsoft][ODBC Driver 18 for SQL Server][SQL Server]Login failed for user 'dbt_user'. (18456); [28000] [Microsoft][ODBC Driver 18 for SQL Server]Invalid connection string attribute (0)")
[0m21:12:04.847014 [debug] [MainThread]: sqlserver adapter: Error running SQL: select 1 as id
[0m21:12:04.847014 [debug] [MainThread]: sqlserver adapter: Rolling back transaction.
[0m21:12:04.847014 [debug] [MainThread]: On debug: No close available on handle
[0m21:12:04.848014 [info ] [MainThread]:   Connection test: [[31mERROR[0m]

[0m21:12:04.849017 [info ] [MainThread]: [31m1 check failed:[0m
[0m21:12:04.850017 [info ] [MainThread]: dbt was unable to connect to the specified database.
The database returned the following error:

  >Database Error
  ('28000', "[28000] [Microsoft][ODBC Driver 18 for SQL Server][SQL Server]Login failed for user 'dbt_user'. (18456) (SQLDriverConnect); [28000] [Microsoft][ODBC Driver 18 for SQL Server]Invalid connection string attribute (0); [28000] [Microsoft][ODBC Driver 18 for SQL Server][SQL Server]Login failed for user 'dbt_user'. (18456); [28000] [Microsoft][ODBC Driver 18 for SQL Server]Invalid connection string attribute (0)")

Check your database credentials and try again. For more information, visit:
https://docs.getdbt.com/docs/configure-your-profile


[0m21:12:04.851525 [debug] [MainThread]: Command `dbt debug` failed at 21:12:04.851525 after 1.16 seconds
[0m21:12:04.851525 [debug] [MainThread]: Connection 'debug' was properly closed.
[0m21:12:04.851525 [debug] [MainThread]: Sending event: {'category': 'dbt', 'action': 'invocation', 'label': 'end', 'context': [<snowplow_tracker.self_describing_json.SelfDescribingJson object at 0x0000018F05B79C10>, <snowplow_tracker.self_describing_json.SelfDescribingJson object at 0x0000018F036850D0>, <snowplow_tracker.self_describing_json.SelfDescribingJson object at 0x0000018F05BA07A0>]}
[0m21:12:04.853049 [debug] [MainThread]: Flushing usage events
[0m21:12:05.787973 [debug] [MainThread]: An error was encountered while trying to flush usage events
[0m21:18:38.437335 [debug] [MainThread]: Sending event: {'category': 'dbt', 'action': 'invocation', 'label': 'start', 'context': [<snowplow_tracker.self_describing_json.SelfDescribingJson object at 0x000001E8310EA4B0>, <snowplow_tracker.self_describing_json.SelfDescribingJson object at 0x000001E833583C20>, <snowplow_tracker.self_describing_json.SelfDescribingJson object at 0x000001E833221580>]}


============================== 21:18:38.442421 | b02645a1-be43-4f31-8ddf-499a42b14b94 ==============================
[0m21:18:38.442421 [info ] [MainThread]: Running with dbt=1.12.5
[0m21:18:38.442421 [debug] [MainThread]: running dbt with arguments {'maximum_seed_size_mib': '1', 'no_print': 'None', 'static_parser': 'True', 'target_path': 'None', 'warn_error_options': 'WarnErrorOptionsV2(error=[], warn=[], silence=[])', 'version_check': 'True', 'printer_width': '80', 'write_json': 'True', 'empty': 'None', 'log_cache_events': 'False', 'introspect': 'True', 'cache_selected_only': 'False', 'fail_fast': 'False', 'debug': 'False', 'log_format': 'default', 'partial_parse': 'True', 'send_anonymous_usage_stats': 'True', 'quiet': 'False', 'warn_error': 'None', 'profiles_dir': 'C:\\Users\\skatm\\.dbt', 'indirect_selection': 'eager', 'hints_enabled': 'True', 'use_colors': 'True', 'use_experimental_parser': 'False', 'invocation_command': 'dbt debug', 'log_path': 'C:\\Users\\skatm\\DE\\BI-DEV\\projects\\Project - sales algorithm\\logs'}
[0m21:18:38.468987 [info ] [MainThread]: dbt version: 1.12.5
[0m21:18:38.468987 [info ] [MainThread]: python version: 3.12.10
[0m21:18:38.469987 [info ] [MainThread]: python path: C:\Users\skatm\DE\BI-DEV\projects\Project - sales algorithm\.venv\Scripts\python.exe
[0m21:18:38.469987 [info ] [MainThread]: os info: Windows-11-10.0.26200-SP0
[0m21:18:38.692710 [info ] [MainThread]: Using profiles dir at C:\Users\skatm\.dbt
[0m21:18:38.692710 [info ] [MainThread]: Using profiles.yml file at C:\Users\skatm\.dbt\profiles.yml
[0m21:18:38.692710 [info ] [MainThread]: Using dbt_project.yml file at C:\Users\skatm\DE\BI-DEV\projects\Project - sales algorithm\dbt_project.yml
[0m21:18:38.694214 [info ] [MainThread]: adapter type: sqlserver
[0m21:18:38.694214 [info ] [MainThread]: adapter version: 1.11.1
[0m21:18:38.834914 [info ] [MainThread]: Configuration:
[0m21:18:38.836418 [info ] [MainThread]:   profiles.yml file [[32mOK found and valid[0m]
[0m21:18:38.836418 [info ] [MainThread]:   dbt_project.yml file [[32mOK found and valid[0m]
[0m21:18:38.836418 [info ] [MainThread]: Required dependencies:
[0m21:18:38.837423 [debug] [MainThread]: Executing "git --help"
[0m21:18:38.896394 [debug] [MainThread]: STDOUT: "b"usage: git [-v | --version] [-h | --help] [-C <path>] [-c <name>=<value>]\n           [--exec-path[=<path>]] [--html-path] [--man-path] [--info-path]\n           [-p | --paginate | -P | --no-pager] [--no-replace-objects] [--no-lazy-fetch]\n           [--no-optional-locks] [--no-advice] [--bare] [--git-dir=<path>]\n           [--work-tree=<path>] [--namespace=<name>] [--config-env=<name>=<envvar>]\n           <command> [<args>]\n\nThese are common Git commands used in various situations:\n\nstart a working area (see also: git help tutorial)\n   clone      Clone a repository into a new directory\n   init       Create an empty Git repository or reinitialize an existing one\n\nwork on the current change (see also: git help everyday)\n   add        Add file contents to the index\n   mv         Move or rename a file, a directory, or a symlink\n   restore    Restore working tree files\n   rm         Remove files from the working tree and from the index\n\nexamine the history and state (see also: git help revisions)\n   bisect     Use binary search to find the commit that introduced a bug\n   diff       Show changes between commits, commit and working tree, etc\n   grep       Print lines matching a pattern\n   log        Show commit logs\n   show       Show various types of objects\n   status     Show the working tree status\n\ngrow, mark and tweak your common history\n   backfill   Download missing objects in a partial clone\n   branch     List, create, or delete branches\n   commit     Record changes to the repository\n   history    EXPERIMENTAL: Rewrite history\n   merge      Join two or more development histories together\n   rebase     Reapply commits on top of another base tip\n   reset      Set `HEAD` or the index to a known state\n   switch     Switch branches\n   tag        Create, list, delete or verify tags\n\ncollaborate (see also: git help workflows)\n   fetch      Download objects and refs from another repository\n   pull       Fetch from and integrate with another repository or a local branch\n   push       Update remote refs along with associated objects\n\n'git help -a' and 'git help -g' list available subcommands and some\nconcept guides. See 'git help <command>' or 'git help <concept>'\nto read about a specific subcommand or concept.\nSee 'git help git' for an overview of the system.\n""
[0m21:18:38.897393 [debug] [MainThread]: STDERR: "b''"
[0m21:18:38.897393 [info ] [MainThread]:  - git [[32mOK found[0m]

[0m21:18:38.897393 [info ] [MainThread]: Connection:
[0m21:18:38.898900 [info ] [MainThread]:   driver: ODBC Driver 18 for SQL Server
[0m21:18:38.898900 [info ] [MainThread]:   server: DESKTOP-86BL51K\SQLEXPRESS
[0m21:18:38.899906 [info ] [MainThread]:   port: 1433
[0m21:18:38.899906 [info ] [MainThread]:   database: m5_demand_forecast
[0m21:18:38.900907 [info ] [MainThread]:   schema: dbo
[0m21:18:38.900907 [info ] [MainThread]:   UID: dbt_user
[0m21:18:38.900907 [info ] [MainThread]:   authentication: sql
[0m21:18:38.900907 [info ] [MainThread]:   windows_login: False
[0m21:18:38.902412 [info ] [MainThread]:   retries: 3
[0m21:18:38.902412 [info ] [MainThread]:   login_timeout: 0
[0m21:18:38.902412 [info ] [MainThread]:   query_timeout: 0
[0m21:18:38.903931 [info ] [MainThread]:   trace_flag: False
[0m21:18:38.903931 [info ] [MainThread]:   encrypt: True
[0m21:18:38.904938 [info ] [MainThread]:   trust_cert: True
[0m21:18:38.904938 [info ] [MainThread]:   backend: pyodbc
[0m21:18:38.905937 [info ] [MainThread]:   xact_abort: True
[0m21:18:38.906938 [info ] [MainThread]: Registered adapter: sqlserver=1.11.1
[0m21:18:39.342030 [warn ] [MainThread]: [[33mWARNING[0m]: When True, uses SQL Server-native string type mappings: STRING -> VARCHAR(MAX), NCHAR -> NCHAR(1), NVARCHAR -> NVARCHAR(4000). When False (default), preserves legacy mappings: STRING and NVARCHAR -> VARCHAR(8000), NCHAR -> CHAR(1). The new behaviour is intended to become the default in a future release.
You may opt into the new behavior sooner by setting `flags.dbt_sqlserver_use_native_string_types` to `True` in `dbt_project.yml`.
Visit https://docs.getdbt.com/reference/global-configs/behavior-changes for more information.
[0m21:18:39.342538 [debug] [MainThread]: Sending event: {'category': 'dbt', 'action': 'BehaviorChangeEvent', 'label': 'b02645a1-be43-4f31-8ddf-499a42b14b94', 'context': [<snowplow_tracker.self_describing_json.SelfDescribingJson object at 0x000001E8359DA4E0>]}
[0m21:18:39.342538 [warn ] [MainThread]: [[33mWARNING[0m]: When True, dbt transaction hooks (begin/commit) emit real T-SQL BEGIN TRANSACTION / COMMIT TRANSACTION statements. When False (default and legacy), begin/commit are no-ops and each statement is auto-committed by the driver. This means earlier successful statements are not rolled back if a later statement fails. This behavior is intended to become the default in a future release.
You may opt into the new behavior sooner by setting `flags.dbt_sqlserver_use_dbt_transactions` to `True` in `dbt_project.yml`.
Visit https://docs.getdbt.com/reference/global-configs/behavior-changes for more information.
[0m21:18:39.343542 [debug] [MainThread]: Sending event: {'category': 'dbt', 'action': 'BehaviorChangeEvent', 'label': 'b02645a1-be43-4f31-8ddf-499a42b14b94', 'context': [<snowplow_tracker.self_describing_json.SelfDescribingJson object at 0x000001E8357D4B90>]}
[0m21:18:39.343542 [debug] [MainThread]: Acquiring new sqlserver connection 'debug'
[0m21:18:39.343542 [debug] [MainThread]: Using sqlserver connection "debug"
[0m21:18:39.344544 [debug] [MainThread]: On debug: select 1 as id
[0m21:18:39.344544 [debug] [MainThread]: Opening a new connection, currently in state init
[0m21:18:39.347541 [debug] [MainThread]: sqlserver adapter: Using connection string: DRIVER={ODBC Driver 18 for SQL Server};SERVER=DESKTOP-86BL51K\SQLEXPRESS;Database=m5_demand_forecast;UID=***;PWD=***;encrypt=Yes;TrustServerCertificate=Yes;APP=dbt-sqlserver/1.11.1;Pooling=true;SQL_ATTR_TRACE=SQL_OPT_TRACE_OFF;ConnectRetryCount=3;ConnectRetryInterval=10
[0m21:18:39.375691 [debug] [MainThread]: sqlserver adapter: SQL execution raised FailedToConnectError: Database Error
  ('28000', "[28000] [Microsoft][ODBC Driver 18 for SQL Server][SQL Server]Login failed for user 'dbt_user'. (18456) (SQLDriverConnect); [28000] [Microsoft][ODBC Driver 18 for SQL Server]Invalid connection string attribute (0); [28000] [Microsoft][ODBC Driver 18 for SQL Server][SQL Server]Login failed for user 'dbt_user'. (18456); [28000] [Microsoft][ODBC Driver 18 for SQL Server]Invalid connection string attribute (0)")
[0m21:18:39.375691 [debug] [MainThread]: sqlserver adapter: Error running SQL: select 1 as id
[0m21:18:39.376692 [debug] [MainThread]: sqlserver adapter: Rolling back transaction.
[0m21:18:39.376692 [debug] [MainThread]: On debug: No close available on handle
[0m21:18:39.378197 [info ] [MainThread]:   Connection test: [[31mERROR[0m]

[0m21:18:39.379205 [info ] [MainThread]: [31m1 check failed:[0m
[0m21:18:39.380206 [info ] [MainThread]: dbt was unable to connect to the specified database.
The database returned the following error:

  >Database Error
  ('28000', "[28000] [Microsoft][ODBC Driver 18 for SQL Server][SQL Server]Login failed for user 'dbt_user'. (18456) (SQLDriverConnect); [28000] [Microsoft][ODBC Driver 18 for SQL Server]Invalid connection string attribute (0); [28000] [Microsoft][ODBC Driver 18 for SQL Server][SQL Server]Login failed for user 'dbt_user'. (18456); [28000] [Microsoft][ODBC Driver 18 for SQL Server]Invalid connection string attribute (0)")

Check your database credentials and try again. For more information, visit:
https://docs.getdbt.com/docs/configure-your-profile


[0m21:18:39.381206 [debug] [MainThread]: Command `dbt debug` failed at 21:18:39.381206 after 1.09 seconds
[0m21:18:39.382205 [debug] [MainThread]: Connection 'debug' was properly closed.
[0m21:18:39.382711 [debug] [MainThread]: Sending event: {'category': 'dbt', 'action': 'invocation', 'label': 'end', 'context': [<snowplow_tracker.self_describing_json.SelfDescribingJson object at 0x000001E831A08050>, <snowplow_tracker.self_describing_json.SelfDescribingJson object at 0x000001E8333CBB60>, <snowplow_tracker.self_describing_json.SelfDescribingJson object at 0x000001E835963290>]}
[0m21:18:39.383716 [debug] [MainThread]: Flushing usage events
[0m21:18:40.275623 [debug] [MainThread]: An error was encountered while trying to flush usage events
[0m21:20:38.707237 [debug] [MainThread]: Sending event: {'category': 'dbt', 'action': 'invocation', 'label': 'start', 'context': [<snowplow_tracker.self_describing_json.SelfDescribingJson object at 0x0000026A810269C0>, <snowplow_tracker.self_describing_json.SelfDescribingJson object at 0x0000026A819081A0>, <snowplow_tracker.self_describing_json.SelfDescribingJson object at 0x0000026A81456630>]}


============================== 21:20:38.710755 | 6c745dd9-927d-4bb9-979f-b46f7d494fb9 ==============================
[0m21:20:38.710755 [info ] [MainThread]: Running with dbt=1.12.5
[0m21:20:38.712259 [debug] [MainThread]: running dbt with arguments {'maximum_seed_size_mib': '1', 'no_print': 'None', 'version_check': 'True', 'warn_error_options': 'WarnErrorOptionsV2(error=[], warn=[], silence=[])', 'target_path': 'None', 'static_parser': 'True', 'printer_width': '80', 'write_json': 'True', 'empty': 'None', 'log_cache_events': 'False', 'introspect': 'True', 'cache_selected_only': 'False', 'log_format': 'default', 'debug': 'False', 'fail_fast': 'False', 'profiles_dir': 'C:\\Users\\skatm\\.dbt', 'send_anonymous_usage_stats': 'True', 'quiet': 'False', 'warn_error': 'None', 'partial_parse': 'True', 'use_colors': 'True', 'hints_enabled': 'True', 'invocation_command': 'dbt debug', 'use_experimental_parser': 'False', 'indirect_selection': 'eager', 'log_path': 'C:\\Users\\skatm\\DE\\BI-DEV\\projects\\Project - sales algorithm\\logs'}
[0m21:20:38.731139 [info ] [MainThread]: dbt version: 1.12.5
[0m21:20:38.732140 [info ] [MainThread]: python version: 3.12.10
[0m21:20:38.732140 [info ] [MainThread]: python path: C:\Users\skatm\DE\BI-DEV\projects\Project - sales algorithm\.venv\Scripts\python.exe
[0m21:20:38.733140 [info ] [MainThread]: os info: Windows-11-10.0.26200-SP0
[0m21:20:38.927008 [info ] [MainThread]: Using profiles dir at C:\Users\skatm\.dbt
[0m21:20:38.928516 [info ] [MainThread]: Using profiles.yml file at C:\Users\skatm\.dbt\profiles.yml
[0m21:20:38.928516 [info ] [MainThread]: Using dbt_project.yml file at C:\Users\skatm\DE\BI-DEV\projects\Project - sales algorithm\dbt_project.yml
[0m21:20:38.928516 [info ] [MainThread]: adapter type: sqlserver
[0m21:20:38.930025 [info ] [MainThread]: adapter version: 1.11.1
[0m21:20:39.050987 [info ] [MainThread]: Configuration:
[0m21:20:39.051989 [info ] [MainThread]:   profiles.yml file [[32mOK found and valid[0m]
[0m21:20:39.051989 [info ] [MainThread]:   dbt_project.yml file [[32mOK found and valid[0m]
[0m21:20:39.052986 [info ] [MainThread]: Required dependencies:
[0m21:20:39.053490 [debug] [MainThread]: Executing "git --help"
[0m21:20:39.100135 [debug] [MainThread]: STDOUT: "b"usage: git [-v | --version] [-h | --help] [-C <path>] [-c <name>=<value>]\n           [--exec-path[=<path>]] [--html-path] [--man-path] [--info-path]\n           [-p | --paginate | -P | --no-pager] [--no-replace-objects] [--no-lazy-fetch]\n           [--no-optional-locks] [--no-advice] [--bare] [--git-dir=<path>]\n           [--work-tree=<path>] [--namespace=<name>] [--config-env=<name>=<envvar>]\n           <command> [<args>]\n\nThese are common Git commands used in various situations:\n\nstart a working area (see also: git help tutorial)\n   clone      Clone a repository into a new directory\n   init       Create an empty Git repository or reinitialize an existing one\n\nwork on the current change (see also: git help everyday)\n   add        Add file contents to the index\n   mv         Move or rename a file, a directory, or a symlink\n   restore    Restore working tree files\n   rm         Remove files from the working tree and from the index\n\nexamine the history and state (see also: git help revisions)\n   bisect     Use binary search to find the commit that introduced a bug\n   diff       Show changes between commits, commit and working tree, etc\n   grep       Print lines matching a pattern\n   log        Show commit logs\n   show       Show various types of objects\n   status     Show the working tree status\n\ngrow, mark and tweak your common history\n   backfill   Download missing objects in a partial clone\n   branch     List, create, or delete branches\n   commit     Record changes to the repository\n   history    EXPERIMENTAL: Rewrite history\n   merge      Join two or more development histories together\n   rebase     Reapply commits on top of another base tip\n   reset      Set `HEAD` or the index to a known state\n   switch     Switch branches\n   tag        Create, list, delete or verify tags\n\ncollaborate (see also: git help workflows)\n   fetch      Download objects and refs from another repository\n   pull       Fetch from and integrate with another repository or a local branch\n   push       Update remote refs along with associated objects\n\n'git help -a' and 'git help -g' list available subcommands and some\nconcept guides. See 'git help <command>' or 'git help <concept>'\nto read about a specific subcommand or concept.\nSee 'git help git' for an overview of the system.\n""
[0m21:20:39.100135 [debug] [MainThread]: STDERR: "b''"
[0m21:20:39.101141 [info ] [MainThread]:  - git [[32mOK found[0m]

[0m21:20:39.101141 [info ] [MainThread]: Connection:
[0m21:20:39.101141 [info ] [MainThread]:   driver: ODBC Driver 18 for SQL Server
[0m21:20:39.102142 [info ] [MainThread]:   server: DESKTOP-86BL51K
[0m21:20:39.102142 [info ] [MainThread]:   port: 1433
[0m21:20:39.103141 [info ] [MainThread]:   database: m5_demand_forecast
[0m21:20:39.103141 [info ] [MainThread]:   schema: dbo
[0m21:20:39.103141 [info ] [MainThread]:   UID: dbt_user
[0m21:20:39.104143 [info ] [MainThread]:   authentication: sql
[0m21:20:39.104648 [info ] [MainThread]:   windows_login: False
[0m21:20:39.104648 [info ] [MainThread]:   retries: 3
[0m21:20:39.104648 [info ] [MainThread]:   login_timeout: 0
[0m21:20:39.105655 [info ] [MainThread]:   query_timeout: 0
[0m21:20:39.105655 [info ] [MainThread]:   trace_flag: False
[0m21:20:39.106654 [info ] [MainThread]:   encrypt: True
[0m21:20:39.106654 [info ] [MainThread]:   trust_cert: True
[0m21:20:39.107655 [info ] [MainThread]:   backend: pyodbc
[0m21:20:39.107655 [info ] [MainThread]:   xact_abort: True
[0m21:20:39.107655 [info ] [MainThread]: Registered adapter: sqlserver=1.11.1
[0m21:20:39.583757 [warn ] [MainThread]: [[33mWARNING[0m]: When True, uses SQL Server-native string type mappings: STRING -> VARCHAR(MAX), NCHAR -> NCHAR(1), NVARCHAR -> NVARCHAR(4000). When False (default), preserves legacy mappings: STRING and NVARCHAR -> VARCHAR(8000), NCHAR -> CHAR(1). The new behaviour is intended to become the default in a future release.
You may opt into the new behavior sooner by setting `flags.dbt_sqlserver_use_native_string_types` to `True` in `dbt_project.yml`.
Visit https://docs.getdbt.com/reference/global-configs/behavior-changes for more information.
[0m21:20:39.584728 [debug] [MainThread]: Sending event: {'category': 'dbt', 'action': 'BehaviorChangeEvent', 'label': '6c745dd9-927d-4bb9-979f-b46f7d494fb9', 'context': [<snowplow_tracker.self_describing_json.SelfDescribingJson object at 0x0000026A83727E60>]}
[0m21:20:39.584728 [warn ] [MainThread]: [[33mWARNING[0m]: When True, dbt transaction hooks (begin/commit) emit real T-SQL BEGIN TRANSACTION / COMMIT TRANSACTION statements. When False (default and legacy), begin/commit are no-ops and each statement is auto-committed by the driver. This means earlier successful statements are not rolled back if a later statement fails. This behavior is intended to become the default in a future release.
You may opt into the new behavior sooner by setting `flags.dbt_sqlserver_use_dbt_transactions` to `True` in `dbt_project.yml`.
Visit https://docs.getdbt.com/reference/global-configs/behavior-changes for more information.
[0m21:20:39.584728 [debug] [MainThread]: Sending event: {'category': 'dbt', 'action': 'BehaviorChangeEvent', 'label': '6c745dd9-927d-4bb9-979f-b46f7d494fb9', 'context': [<snowplow_tracker.self_describing_json.SelfDescribingJson object at 0x0000026A83727E60>]}
[0m21:20:39.585757 [debug] [MainThread]: Acquiring new sqlserver connection 'debug'
[0m21:20:39.585757 [debug] [MainThread]: Using sqlserver connection "debug"
[0m21:20:39.585757 [debug] [MainThread]: On debug: select 1 as id
[0m21:20:39.586757 [debug] [MainThread]: Opening a new connection, currently in state init
[0m21:20:39.589733 [debug] [MainThread]: sqlserver adapter: Using connection string: DRIVER={ODBC Driver 18 for SQL Server};SERVER=DESKTOP-86BL51K,1433;Database=m5_demand_forecast;UID=***;PWD=***;encrypt=Yes;TrustServerCertificate=Yes;APP=dbt-sqlserver/1.11.1;Pooling=true;SQL_ATTR_TRACE=SQL_OPT_TRACE_OFF;ConnectRetryCount=3;ConnectRetryInterval=10
[0m21:20:55.424188 [debug] [MainThread]: sqlserver adapter: Got a retryable error when attempting to open a sqlserver connection.
3 attempts remaining. Retrying in 1 seconds.
Error:
('08001', '[08001] [Microsoft][ODBC Driver 18 for SQL Server]TCP Provider: Nie można nawiązać połączenia, ponieważ komputer docelowy aktywnie go odmawia.\r\n (10061) (SQLDriverConnect); [08001] [Microsoft][ODBC Driver 18 for SQL Server]Login timeout expired (0); [08001] [Microsoft][ODBC Driver 18 for SQL Server]Invalid connection string attribute (0); [08001] [Microsoft][ODBC Driver 18 for SQL Server]A network-related or instance-specific error has occurred while establishing a connection to DESKTOP-86BL51K,1433. Server is not found or not accessible. Check if instance name is correct and if SQL Server is configured to allow remote connections. For more information see SQL Server Books Online. (10061)')
[0m21:20:56.425431 [debug] [MainThread]: sqlserver adapter: Using connection string: DRIVER={ODBC Driver 18 for SQL Server};SERVER=DESKTOP-86BL51K,1433;Database=m5_demand_forecast;UID=***;PWD=***;encrypt=Yes;TrustServerCertificate=Yes;APP=dbt-sqlserver/1.11.1;Pooling=true;SQL_ATTR_TRACE=SQL_OPT_TRACE_OFF;ConnectRetryCount=3;ConnectRetryInterval=10
[0m21:21:12.241841 [debug] [MainThread]: sqlserver adapter: Got a retryable error when attempting to open a sqlserver connection.
2 attempts remaining. Retrying in 1 seconds.
Error:
('08001', '[08001] [Microsoft][ODBC Driver 18 for SQL Server]TCP Provider: Nie można nawiązać połączenia, ponieważ komputer docelowy aktywnie go odmawia.\r\n (10061) (SQLDriverConnect); [08001] [Microsoft][ODBC Driver 18 for SQL Server]Login timeout expired (0); [08001] [Microsoft][ODBC Driver 18 for SQL Server]Invalid connection string attribute (0); [08001] [Microsoft][ODBC Driver 18 for SQL Server]A network-related or instance-specific error has occurred while establishing a connection to DESKTOP-86BL51K,1433. Server is not found or not accessible. Check if instance name is correct and if SQL Server is configured to allow remote connections. For more information see SQL Server Books Online. (10061)')
[0m21:21:13.243069 [debug] [MainThread]: sqlserver adapter: Using connection string: DRIVER={ODBC Driver 18 for SQL Server};SERVER=DESKTOP-86BL51K,1433;Database=m5_demand_forecast;UID=***;PWD=***;encrypt=Yes;TrustServerCertificate=Yes;APP=dbt-sqlserver/1.11.1;Pooling=true;SQL_ATTR_TRACE=SQL_OPT_TRACE_OFF;ConnectRetryCount=3;ConnectRetryInterval=10
[0m21:21:29.081464 [debug] [MainThread]: sqlserver adapter: Got a retryable error when attempting to open a sqlserver connection.
1 attempts remaining. Retrying in 1 seconds.
Error:
('08001', '[08001] [Microsoft][ODBC Driver 18 for SQL Server]TCP Provider: Nie można nawiązać połączenia, ponieważ komputer docelowy aktywnie go odmawia.\r\n (10061) (SQLDriverConnect); [08001] [Microsoft][ODBC Driver 18 for SQL Server]Login timeout expired (0); [08001] [Microsoft][ODBC Driver 18 for SQL Server]Invalid connection string attribute (0); [08001] [Microsoft][ODBC Driver 18 for SQL Server]A network-related or instance-specific error has occurred while establishing a connection to DESKTOP-86BL51K,1433. Server is not found or not accessible. Check if instance name is correct and if SQL Server is configured to allow remote connections. For more information see SQL Server Books Online. (10061)')
[0m21:21:30.082847 [debug] [MainThread]: sqlserver adapter: Using connection string: DRIVER={ODBC Driver 18 for SQL Server};SERVER=DESKTOP-86BL51K,1433;Database=m5_demand_forecast;UID=***;PWD=***;encrypt=Yes;TrustServerCertificate=Yes;APP=dbt-sqlserver/1.11.1;Pooling=true;SQL_ATTR_TRACE=SQL_OPT_TRACE_OFF;ConnectRetryCount=3;ConnectRetryInterval=10
[0m21:21:45.955192 [debug] [MainThread]: sqlserver adapter: SQL execution raised FailedToConnectError: Database Error
  ('08001', '[08001] [Microsoft][ODBC Driver 18 for SQL Server]TCP Provider: Nie można nawiązać połączenia, ponieważ komputer docelowy aktywnie go odmawia.\r\n (10061) (SQLDriverConnect); [08001] [Microsoft][ODBC Driver 18 for SQL Server]Login timeout expired (0); [08001] [Microsoft][ODBC Driver 18 for SQL Server]Invalid connection string attribute (0); [08001] [Microsoft][ODBC Driver 18 for SQL Server]A network-related or instance-specific error has occurred while establishing a connection to DESKTOP-86BL51K,1433. Server is not found or not accessible. Check if instance name is correct and if SQL Server is configured to allow remote connections. For more information see SQL Server Books Online. (10061)')
[0m21:21:45.955192 [debug] [MainThread]: sqlserver adapter: Error running SQL: select 1 as id
[0m21:21:45.955192 [debug] [MainThread]: sqlserver adapter: Rolling back transaction.
[0m21:21:45.956190 [debug] [MainThread]: On debug: No close available on handle
[0m21:21:45.956190 [info ] [MainThread]:   Connection test: [[31mERROR[0m]

[0m21:21:45.957190 [info ] [MainThread]: [31m1 check failed:[0m
[0m21:21:45.957190 [info ] [MainThread]: dbt was unable to connect to the specified database.
The database returned the following error:

  >Database Error
  ('08001', '[08001] [Microsoft][ODBC Driver 18 for SQL Server]TCP Provider: Nie można nawiązać połączenia, ponieważ komputer docelowy aktywnie go odmawia.\r\n (10061) (SQLDriverConnect); [08001] [Microsoft][ODBC Driver 18 for SQL Server]Login timeout expired (0); [08001] [Microsoft][ODBC Driver 18 for SQL Server]Invalid connection string attribute (0); [08001] [Microsoft][ODBC Driver 18 for SQL Server]A network-related or instance-specific error has occurred while establishing a connection to DESKTOP-86BL51K,1433. Server is not found or not accessible. Check if instance name is correct and if SQL Server is configured to allow remote connections. For more information see SQL Server Books Online. (10061)')

Check your database credentials and try again. For more information, visit:
https://docs.getdbt.com/docs/configure-your-profile


[0m21:21:45.958694 [debug] [MainThread]: Command `dbt debug` failed at 21:21:45.957190 after 67.37 seconds
[0m21:21:45.958694 [debug] [MainThread]: Connection 'debug' was properly closed.
[0m21:21:45.958694 [debug] [MainThread]: Sending event: {'category': 'dbt', 'action': 'invocation', 'label': 'end', 'context': [<snowplow_tracker.self_describing_json.SelfDescribingJson object at 0x0000026A834EFEF0>, <snowplow_tracker.self_describing_json.SelfDescribingJson object at 0x0000026A8516A930>, <snowplow_tracker.self_describing_json.SelfDescribingJson object at 0x0000026A810269C0>]}
[0m21:21:45.959699 [debug] [MainThread]: Flushing usage events
[0m21:21:46.821535 [debug] [MainThread]: An error was encountered while trying to flush usage events
[0m21:24:10.101359 [debug] [MainThread]: Sending event: {'category': 'dbt', 'action': 'invocation', 'label': 'start', 'context': [<snowplow_tracker.self_describing_json.SelfDescribingJson object at 0x0000024CB7D3F0B0>, <snowplow_tracker.self_describing_json.SelfDescribingJson object at 0x0000024CB94D3350>, <snowplow_tracker.self_describing_json.SelfDescribingJson object at 0x0000024CB9A75430>]}


============================== 21:24:10.104944 | 71e4d0b5-b188-48d6-93bc-45c265ae82e2 ==============================
[0m21:24:10.104944 [info ] [MainThread]: Running with dbt=1.12.5
[0m21:24:10.106513 [debug] [MainThread]: running dbt with arguments {'static_parser': 'True', 'no_print': 'None', 'maximum_seed_size_mib': '1', 'target_path': 'None', 'warn_error_options': 'WarnErrorOptionsV2(error=[], warn=[], silence=[])', 'version_check': 'True', 'printer_width': '80', 'write_json': 'True', 'introspect': 'True', 'log_cache_events': 'False', 'empty': 'None', 'cache_selected_only': 'False', 'log_format': 'default', 'debug': 'False', 'fail_fast': 'False', 'profiles_dir': 'C:\\Users\\skatm\\.dbt', 'send_anonymous_usage_stats': 'True', 'quiet': 'False', 'warn_error': 'None', 'partial_parse': 'True', 'indirect_selection': 'eager', 'hints_enabled': 'True', 'use_colors': 'True', 'use_experimental_parser': 'False', 'invocation_command': 'dbt debug', 'log_path': 'C:\\Users\\skatm\\DE\\BI-DEV\\projects\\Project - sales algorithm\\logs'}
[0m21:24:10.125664 [info ] [MainThread]: dbt version: 1.12.5
[0m21:24:10.125664 [info ] [MainThread]: python version: 3.12.10
[0m21:24:10.126664 [info ] [MainThread]: python path: C:\Users\skatm\DE\BI-DEV\projects\Project - sales algorithm\.venv\Scripts\python.exe
[0m21:24:10.126664 [info ] [MainThread]: os info: Windows-11-10.0.26200-SP0
[0m21:24:10.300208 [info ] [MainThread]: Using profiles dir at C:\Users\skatm\.dbt
[0m21:24:10.301208 [info ] [MainThread]: Using profiles.yml file at C:\Users\skatm\.dbt\profiles.yml
[0m21:24:10.301208 [info ] [MainThread]: Using dbt_project.yml file at C:\Users\skatm\DE\BI-DEV\projects\Project - sales algorithm\dbt_project.yml
[0m21:24:10.301208 [info ] [MainThread]: adapter type: sqlserver
[0m21:24:10.302414 [info ] [MainThread]: adapter version: 1.11.1
[0m21:24:10.403943 [info ] [MainThread]: Configuration:
[0m21:24:10.403943 [info ] [MainThread]:   profiles.yml file [[32mOK found and valid[0m]
[0m21:24:10.404942 [info ] [MainThread]:   dbt_project.yml file [[32mOK found and valid[0m]
[0m21:24:10.404942 [info ] [MainThread]: Required dependencies:
[0m21:24:10.404942 [debug] [MainThread]: Executing "git --help"
[0m21:24:10.445922 [debug] [MainThread]: STDOUT: "b"usage: git [-v | --version] [-h | --help] [-C <path>] [-c <name>=<value>]\n           [--exec-path[=<path>]] [--html-path] [--man-path] [--info-path]\n           [-p | --paginate | -P | --no-pager] [--no-replace-objects] [--no-lazy-fetch]\n           [--no-optional-locks] [--no-advice] [--bare] [--git-dir=<path>]\n           [--work-tree=<path>] [--namespace=<name>] [--config-env=<name>=<envvar>]\n           <command> [<args>]\n\nThese are common Git commands used in various situations:\n\nstart a working area (see also: git help tutorial)\n   clone      Clone a repository into a new directory\n   init       Create an empty Git repository or reinitialize an existing one\n\nwork on the current change (see also: git help everyday)\n   add        Add file contents to the index\n   mv         Move or rename a file, a directory, or a symlink\n   restore    Restore working tree files\n   rm         Remove files from the working tree and from the index\n\nexamine the history and state (see also: git help revisions)\n   bisect     Use binary search to find the commit that introduced a bug\n   diff       Show changes between commits, commit and working tree, etc\n   grep       Print lines matching a pattern\n   log        Show commit logs\n   show       Show various types of objects\n   status     Show the working tree status\n\ngrow, mark and tweak your common history\n   backfill   Download missing objects in a partial clone\n   branch     List, create, or delete branches\n   commit     Record changes to the repository\n   history    EXPERIMENTAL: Rewrite history\n   merge      Join two or more development histories together\n   rebase     Reapply commits on top of another base tip\n   reset      Set `HEAD` or the index to a known state\n   switch     Switch branches\n   tag        Create, list, delete or verify tags\n\ncollaborate (see also: git help workflows)\n   fetch      Download objects and refs from another repository\n   pull       Fetch from and integrate with another repository or a local branch\n   push       Update remote refs along with associated objects\n\n'git help -a' and 'git help -g' list available subcommands and some\nconcept guides. See 'git help <command>' or 'git help <concept>'\nto read about a specific subcommand or concept.\nSee 'git help git' for an overview of the system.\n""
[0m21:24:10.446923 [debug] [MainThread]: STDERR: "b''"
[0m21:24:10.446923 [info ] [MainThread]:  - git [[32mOK found[0m]

[0m21:24:10.447920 [info ] [MainThread]: Connection:
[0m21:24:10.447920 [info ] [MainThread]:   driver: ODBC Driver 18 for SQL Server
[0m21:24:10.447920 [info ] [MainThread]:   server: DESKTOP-86BL51K
[0m21:24:10.448920 [info ] [MainThread]:   port: 1433
[0m21:24:10.448920 [info ] [MainThread]:   database: m5_demand_forecast
[0m21:24:10.448920 [info ] [MainThread]:   schema: dbo
[0m21:24:10.449920 [info ] [MainThread]:   UID: dbt_user
[0m21:24:10.449920 [info ] [MainThread]:   authentication: sql
[0m21:24:10.449920 [info ] [MainThread]:   windows_login: False
[0m21:24:10.449920 [info ] [MainThread]:   retries: 3
[0m21:24:10.451424 [info ] [MainThread]:   login_timeout: 0
[0m21:24:10.451424 [info ] [MainThread]:   query_timeout: 0
[0m21:24:10.451424 [info ] [MainThread]:   trace_flag: False
[0m21:24:10.452432 [info ] [MainThread]:   encrypt: True
[0m21:24:10.452432 [info ] [MainThread]:   trust_cert: True
[0m21:24:10.452432 [info ] [MainThread]:   backend: pyodbc
[0m21:24:10.453430 [info ] [MainThread]:   xact_abort: True
[0m21:24:10.453430 [info ] [MainThread]: Registered adapter: sqlserver=1.11.1
[0m21:24:10.884550 [warn ] [MainThread]: [[33mWARNING[0m]: When True, uses SQL Server-native string type mappings: STRING -> VARCHAR(MAX), NCHAR -> NCHAR(1), NVARCHAR -> NVARCHAR(4000). When False (default), preserves legacy mappings: STRING and NVARCHAR -> VARCHAR(8000), NCHAR -> CHAR(1). The new behaviour is intended to become the default in a future release.
You may opt into the new behavior sooner by setting `flags.dbt_sqlserver_use_native_string_types` to `True` in `dbt_project.yml`.
Visit https://docs.getdbt.com/reference/global-configs/behavior-changes for more information.
[0m21:24:10.884550 [debug] [MainThread]: Sending event: {'category': 'dbt', 'action': 'BehaviorChangeEvent', 'label': '71e4d0b5-b188-48d6-93bc-45c265ae82e2', 'context': [<snowplow_tracker.self_describing_json.SelfDescribingJson object at 0x0000024CBBE6FE60>]}
[0m21:24:10.885551 [warn ] [MainThread]: [[33mWARNING[0m]: When True, dbt transaction hooks (begin/commit) emit real T-SQL BEGIN TRANSACTION / COMMIT TRANSACTION statements. When False (default and legacy), begin/commit are no-ops and each statement is auto-committed by the driver. This means earlier successful statements are not rolled back if a later statement fails. This behavior is intended to become the default in a future release.
You may opt into the new behavior sooner by setting `flags.dbt_sqlserver_use_dbt_transactions` to `True` in `dbt_project.yml`.
Visit https://docs.getdbt.com/reference/global-configs/behavior-changes for more information.
[0m21:24:10.886550 [debug] [MainThread]: Sending event: {'category': 'dbt', 'action': 'BehaviorChangeEvent', 'label': '71e4d0b5-b188-48d6-93bc-45c265ae82e2', 'context': [<snowplow_tracker.self_describing_json.SelfDescribingJson object at 0x0000024CBBFC8CE0>]}
[0m21:24:10.886550 [debug] [MainThread]: Acquiring new sqlserver connection 'debug'
[0m21:24:10.886550 [debug] [MainThread]: Using sqlserver connection "debug"
[0m21:24:10.888055 [debug] [MainThread]: On debug: select 1 as id
[0m21:24:10.888055 [debug] [MainThread]: Opening a new connection, currently in state init
[0m21:24:10.892331 [debug] [MainThread]: sqlserver adapter: Using connection string: DRIVER={ODBC Driver 18 for SQL Server};SERVER=DESKTOP-86BL51K,1433;Database=m5_demand_forecast;UID=***;PWD=***;encrypt=Yes;TrustServerCertificate=Yes;APP=dbt-sqlserver/1.11.1;Pooling=true;SQL_ATTR_TRACE=SQL_OPT_TRACE_OFF;ConnectRetryCount=3;ConnectRetryInterval=10
[0m21:24:26.738844 [debug] [MainThread]: sqlserver adapter: Got a retryable error when attempting to open a sqlserver connection.
3 attempts remaining. Retrying in 1 seconds.
Error:
('08001', '[08001] [Microsoft][ODBC Driver 18 for SQL Server]TCP Provider: Nie można nawiązać połączenia, ponieważ komputer docelowy aktywnie go odmawia.\r\n (10061) (SQLDriverConnect); [08001] [Microsoft][ODBC Driver 18 for SQL Server]Login timeout expired (0); [08001] [Microsoft][ODBC Driver 18 for SQL Server]Invalid connection string attribute (0); [08001] [Microsoft][ODBC Driver 18 for SQL Server]A network-related or instance-specific error has occurred while establishing a connection to DESKTOP-86BL51K,1433. Server is not found or not accessible. Check if instance name is correct and if SQL Server is configured to allow remote connections. For more information see SQL Server Books Online. (10061)')
[0m21:24:27.740452 [debug] [MainThread]: sqlserver adapter: Using connection string: DRIVER={ODBC Driver 18 for SQL Server};SERVER=DESKTOP-86BL51K,1433;Database=m5_demand_forecast;UID=***;PWD=***;encrypt=Yes;TrustServerCertificate=Yes;APP=dbt-sqlserver/1.11.1;Pooling=true;SQL_ATTR_TRACE=SQL_OPT_TRACE_OFF;ConnectRetryCount=3;ConnectRetryInterval=10
[0m21:24:43.566329 [debug] [MainThread]: sqlserver adapter: Got a retryable error when attempting to open a sqlserver connection.
2 attempts remaining. Retrying in 1 seconds.
Error:
('08001', '[08001] [Microsoft][ODBC Driver 18 for SQL Server]TCP Provider: Nie można nawiązać połączenia, ponieważ komputer docelowy aktywnie go odmawia.\r\n (10061) (SQLDriverConnect); [08001] [Microsoft][ODBC Driver 18 for SQL Server]Login timeout expired (0); [08001] [Microsoft][ODBC Driver 18 for SQL Server]Invalid connection string attribute (0); [08001] [Microsoft][ODBC Driver 18 for SQL Server]A network-related or instance-specific error has occurred while establishing a connection to DESKTOP-86BL51K,1433. Server is not found or not accessible. Check if instance name is correct and if SQL Server is configured to allow remote connections. For more information see SQL Server Books Online. (10061)')
[0m21:24:44.567972 [debug] [MainThread]: sqlserver adapter: Using connection string: DRIVER={ODBC Driver 18 for SQL Server};SERVER=DESKTOP-86BL51K,1433;Database=m5_demand_forecast;UID=***;PWD=***;encrypt=Yes;TrustServerCertificate=Yes;APP=dbt-sqlserver/1.11.1;Pooling=true;SQL_ATTR_TRACE=SQL_OPT_TRACE_OFF;ConnectRetryCount=3;ConnectRetryInterval=10
[0m21:25:00.401219 [debug] [MainThread]: sqlserver adapter: Got a retryable error when attempting to open a sqlserver connection.
1 attempts remaining. Retrying in 1 seconds.
Error:
('08001', '[08001] [Microsoft][ODBC Driver 18 for SQL Server]TCP Provider: Nie można nawiązać połączenia, ponieważ komputer docelowy aktywnie go odmawia.\r\n (10061) (SQLDriverConnect); [08001] [Microsoft][ODBC Driver 18 for SQL Server]Login timeout expired (0); [08001] [Microsoft][ODBC Driver 18 for SQL Server]Invalid connection string attribute (0); [08001] [Microsoft][ODBC Driver 18 for SQL Server]A network-related or instance-specific error has occurred while establishing a connection to DESKTOP-86BL51K,1433. Server is not found or not accessible. Check if instance name is correct and if SQL Server is configured to allow remote connections. For more information see SQL Server Books Online. (10061)')
[0m21:25:01.402612 [debug] [MainThread]: sqlserver adapter: Using connection string: DRIVER={ODBC Driver 18 for SQL Server};SERVER=DESKTOP-86BL51K,1433;Database=m5_demand_forecast;UID=***;PWD=***;encrypt=Yes;TrustServerCertificate=Yes;APP=dbt-sqlserver/1.11.1;Pooling=true;SQL_ATTR_TRACE=SQL_OPT_TRACE_OFF;ConnectRetryCount=3;ConnectRetryInterval=10
[0m21:25:17.261170 [debug] [MainThread]: sqlserver adapter: SQL execution raised FailedToConnectError: Database Error
  ('08001', '[08001] [Microsoft][ODBC Driver 18 for SQL Server]TCP Provider: Nie można nawiązać połączenia, ponieważ komputer docelowy aktywnie go odmawia.\r\n (10061) (SQLDriverConnect); [08001] [Microsoft][ODBC Driver 18 for SQL Server]Login timeout expired (0); [08001] [Microsoft][ODBC Driver 18 for SQL Server]Invalid connection string attribute (0); [08001] [Microsoft][ODBC Driver 18 for SQL Server]A network-related or instance-specific error has occurred while establishing a connection to DESKTOP-86BL51K,1433. Server is not found or not accessible. Check if instance name is correct and if SQL Server is configured to allow remote connections. For more information see SQL Server Books Online. (10061)')
[0m21:25:17.262177 [debug] [MainThread]: sqlserver adapter: Error running SQL: select 1 as id
[0m21:25:17.262177 [debug] [MainThread]: sqlserver adapter: Rolling back transaction.
[0m21:25:17.262177 [debug] [MainThread]: On debug: No close available on handle
[0m21:25:17.263185 [info ] [MainThread]:   Connection test: [[31mERROR[0m]

[0m21:25:17.263185 [info ] [MainThread]: [31m1 check failed:[0m
[0m21:25:17.264185 [info ] [MainThread]: dbt was unable to connect to the specified database.
The database returned the following error:

  >Database Error
  ('08001', '[08001] [Microsoft][ODBC Driver 18 for SQL Server]TCP Provider: Nie można nawiązać połączenia, ponieważ komputer docelowy aktywnie go odmawia.\r\n (10061) (SQLDriverConnect); [08001] [Microsoft][ODBC Driver 18 for SQL Server]Login timeout expired (0); [08001] [Microsoft][ODBC Driver 18 for SQL Server]Invalid connection string attribute (0); [08001] [Microsoft][ODBC Driver 18 for SQL Server]A network-related or instance-specific error has occurred while establishing a connection to DESKTOP-86BL51K,1433. Server is not found or not accessible. Check if instance name is correct and if SQL Server is configured to allow remote connections. For more information see SQL Server Books Online. (10061)')

Check your database credentials and try again. For more information, visit:
https://docs.getdbt.com/docs/configure-your-profile


[0m21:25:17.265183 [debug] [MainThread]: Command `dbt debug` failed at 21:25:17.265183 after 67.28 seconds
[0m21:25:17.265183 [debug] [MainThread]: Connection 'debug' was properly closed.
[0m21:25:17.266213 [debug] [MainThread]: Sending event: {'category': 'dbt', 'action': 'invocation', 'label': 'end', 'context': [<snowplow_tracker.self_describing_json.SelfDescribingJson object at 0x0000024CB7D3F0B0>, <snowplow_tracker.self_describing_json.SelfDescribingJson object at 0x0000024CBBE6FE60>, <snowplow_tracker.self_describing_json.SelfDescribingJson object at 0x0000024CB99823F0>]}
[0m21:25:17.266213 [debug] [MainThread]: Flushing usage events
[0m21:25:18.152575 [debug] [MainThread]: An error was encountered while trying to flush usage events
[0m21:25:58.834334 [debug] [MainThread]: Sending event: {'category': 'dbt', 'action': 'invocation', 'label': 'start', 'context': [<snowplow_tracker.self_describing_json.SelfDescribingJson object at 0x0000020F47612CF0>, <snowplow_tracker.self_describing_json.SelfDescribingJson object at 0x0000020F4756AF30>, <snowplow_tracker.self_describing_json.SelfDescribingJson object at 0x0000020F4756B020>]}


============================== 21:25:58.837844 | 8b140504-c519-41be-82b2-221e34916fb8 ==============================
[0m21:25:58.837844 [info ] [MainThread]: Running with dbt=1.12.5
[0m21:25:58.838845 [debug] [MainThread]: running dbt with arguments {'maximum_seed_size_mib': '1', 'no_print': 'None', 'version_check': 'True', 'target_path': 'None', 'warn_error_options': 'WarnErrorOptionsV2(error=[], warn=[], silence=[])', 'static_parser': 'True', 'printer_width': '80', 'write_json': 'True', 'empty': 'None', 'log_cache_events': 'False', 'introspect': 'True', 'cache_selected_only': 'False', 'fail_fast': 'False', 'debug': 'False', 'log_format': 'default', 'profiles_dir': 'C:\\Users\\skatm\\.dbt', 'send_anonymous_usage_stats': 'True', 'quiet': 'False', 'warn_error': 'None', 'partial_parse': 'True', 'use_colors': 'True', 'hints_enabled': 'True', 'indirect_selection': 'eager', 'use_experimental_parser': 'False', 'invocation_command': 'dbt debug', 'log_path': 'C:\\Users\\skatm\\DE\\BI-DEV\\projects\\Project - sales algorithm\\logs'}
[0m21:25:58.858462 [info ] [MainThread]: dbt version: 1.12.5
[0m21:25:58.858462 [info ] [MainThread]: python version: 3.12.10
[0m21:25:58.859462 [info ] [MainThread]: python path: C:\Users\skatm\DE\BI-DEV\projects\Project - sales algorithm\.venv\Scripts\python.exe
[0m21:25:58.859462 [info ] [MainThread]: os info: Windows-11-10.0.26200-SP0
[0m21:25:59.042812 [info ] [MainThread]: Using profiles dir at C:\Users\skatm\.dbt
[0m21:25:59.043812 [info ] [MainThread]: Using profiles.yml file at C:\Users\skatm\.dbt\profiles.yml
[0m21:25:59.043812 [info ] [MainThread]: Using dbt_project.yml file at C:\Users\skatm\DE\BI-DEV\projects\Project - sales algorithm\dbt_project.yml
[0m21:25:59.043812 [info ] [MainThread]: adapter type: sqlserver
[0m21:25:59.044811 [info ] [MainThread]: adapter version: 1.11.1
[0m21:25:59.153449 [info ] [MainThread]: Configuration:
[0m21:25:59.153449 [info ] [MainThread]:   profiles.yml file [[32mOK found and valid[0m]
[0m21:25:59.154449 [info ] [MainThread]:   dbt_project.yml file [[32mOK found and valid[0m]
[0m21:25:59.154449 [info ] [MainThread]: Required dependencies:
[0m21:25:59.155448 [debug] [MainThread]: Executing "git --help"
[0m21:25:59.197914 [debug] [MainThread]: STDOUT: "b"usage: git [-v | --version] [-h | --help] [-C <path>] [-c <name>=<value>]\n           [--exec-path[=<path>]] [--html-path] [--man-path] [--info-path]\n           [-p | --paginate | -P | --no-pager] [--no-replace-objects] [--no-lazy-fetch]\n           [--no-optional-locks] [--no-advice] [--bare] [--git-dir=<path>]\n           [--work-tree=<path>] [--namespace=<name>] [--config-env=<name>=<envvar>]\n           <command> [<args>]\n\nThese are common Git commands used in various situations:\n\nstart a working area (see also: git help tutorial)\n   clone      Clone a repository into a new directory\n   init       Create an empty Git repository or reinitialize an existing one\n\nwork on the current change (see also: git help everyday)\n   add        Add file contents to the index\n   mv         Move or rename a file, a directory, or a symlink\n   restore    Restore working tree files\n   rm         Remove files from the working tree and from the index\n\nexamine the history and state (see also: git help revisions)\n   bisect     Use binary search to find the commit that introduced a bug\n   diff       Show changes between commits, commit and working tree, etc\n   grep       Print lines matching a pattern\n   log        Show commit logs\n   show       Show various types of objects\n   status     Show the working tree status\n\ngrow, mark and tweak your common history\n   backfill   Download missing objects in a partial clone\n   branch     List, create, or delete branches\n   commit     Record changes to the repository\n   history    EXPERIMENTAL: Rewrite history\n   merge      Join two or more development histories together\n   rebase     Reapply commits on top of another base tip\n   reset      Set `HEAD` or the index to a known state\n   switch     Switch branches\n   tag        Create, list, delete or verify tags\n\ncollaborate (see also: git help workflows)\n   fetch      Download objects and refs from another repository\n   pull       Fetch from and integrate with another repository or a local branch\n   push       Update remote refs along with associated objects\n\n'git help -a' and 'git help -g' list available subcommands and some\nconcept guides. See 'git help <command>' or 'git help <concept>'\nto read about a specific subcommand or concept.\nSee 'git help git' for an overview of the system.\n""
[0m21:25:59.197914 [debug] [MainThread]: STDERR: "b''"
[0m21:25:59.197914 [info ] [MainThread]:  - git [[32mOK found[0m]

[0m21:25:59.198918 [info ] [MainThread]: Connection:
[0m21:25:59.198918 [info ] [MainThread]:   driver: ODBC Driver 18 for SQL Server
[0m21:25:59.199918 [info ] [MainThread]:   server: DESKTOP-86BL51K
[0m21:25:59.199918 [info ] [MainThread]:   port: 1433
[0m21:25:59.199918 [info ] [MainThread]:   database: m5_demand_forecast
[0m21:25:59.200956 [info ] [MainThread]:   schema: dbo
[0m21:25:59.200956 [info ] [MainThread]:   UID: dbt_user
[0m21:25:59.201965 [info ] [MainThread]:   authentication: sql
[0m21:25:59.201965 [info ] [MainThread]:   windows_login: False
[0m21:25:59.201965 [info ] [MainThread]:   retries: 3
[0m21:25:59.202962 [info ] [MainThread]:   login_timeout: 0
[0m21:25:59.202962 [info ] [MainThread]:   query_timeout: 0
[0m21:25:59.203961 [info ] [MainThread]:   trace_flag: False
[0m21:25:59.203961 [info ] [MainThread]:   encrypt: True
[0m21:25:59.203961 [info ] [MainThread]:   trust_cert: True
[0m21:25:59.204963 [info ] [MainThread]:   backend: pyodbc
[0m21:25:59.204963 [info ] [MainThread]:   xact_abort: True
[0m21:25:59.205962 [info ] [MainThread]: Registered adapter: sqlserver=1.11.1
[0m21:25:59.641176 [warn ] [MainThread]: [[33mWARNING[0m]: When True, uses SQL Server-native string type mappings: STRING -> VARCHAR(MAX), NCHAR -> NCHAR(1), NVARCHAR -> NVARCHAR(4000). When False (default), preserves legacy mappings: STRING and NVARCHAR -> VARCHAR(8000), NCHAR -> CHAR(1). The new behaviour is intended to become the default in a future release.
You may opt into the new behavior sooner by setting `flags.dbt_sqlserver_use_native_string_types` to `True` in `dbt_project.yml`.
Visit https://docs.getdbt.com/reference/global-configs/behavior-changes for more information.
[0m21:25:59.642186 [debug] [MainThread]: Sending event: {'category': 'dbt', 'action': 'BehaviorChangeEvent', 'label': '8b140504-c519-41be-82b2-221e34916fb8', 'context': [<snowplow_tracker.self_describing_json.SelfDescribingJson object at 0x0000020F494043B0>]}
[0m21:25:59.642694 [warn ] [MainThread]: [[33mWARNING[0m]: When True, dbt transaction hooks (begin/commit) emit real T-SQL BEGIN TRANSACTION / COMMIT TRANSACTION statements. When False (default and legacy), begin/commit are no-ops and each statement is auto-committed by the driver. This means earlier successful statements are not rolled back if a later statement fails. This behavior is intended to become the default in a future release.
You may opt into the new behavior sooner by setting `flags.dbt_sqlserver_use_dbt_transactions` to `True` in `dbt_project.yml`.
Visit https://docs.getdbt.com/reference/global-configs/behavior-changes for more information.
[0m21:25:59.642694 [debug] [MainThread]: Sending event: {'category': 'dbt', 'action': 'BehaviorChangeEvent', 'label': '8b140504-c519-41be-82b2-221e34916fb8', 'context': [<snowplow_tracker.self_describing_json.SelfDescribingJson object at 0x0000020F4952ACC0>]}
[0m21:25:59.643697 [debug] [MainThread]: Acquiring new sqlserver connection 'debug'
[0m21:25:59.643697 [debug] [MainThread]: Using sqlserver connection "debug"
[0m21:25:59.643697 [debug] [MainThread]: On debug: select 1 as id
[0m21:25:59.644695 [debug] [MainThread]: Opening a new connection, currently in state init
[0m21:25:59.647696 [debug] [MainThread]: sqlserver adapter: Using connection string: DRIVER={ODBC Driver 18 for SQL Server};SERVER=DESKTOP-86BL51K,1433;Database=m5_demand_forecast;UID=***;PWD=***;encrypt=Yes;TrustServerCertificate=Yes;APP=dbt-sqlserver/1.11.1;Pooling=true;SQL_ATTR_TRACE=SQL_OPT_TRACE_OFF;ConnectRetryCount=3;ConnectRetryInterval=10
[0m21:26:15.469776 [debug] [MainThread]: sqlserver adapter: Got a retryable error when attempting to open a sqlserver connection.
3 attempts remaining. Retrying in 1 seconds.
Error:
('08001', '[08001] [Microsoft][ODBC Driver 18 for SQL Server]TCP Provider: Nie można nawiązać połączenia, ponieważ komputer docelowy aktywnie go odmawia.\r\n (10061) (SQLDriverConnect); [08001] [Microsoft][ODBC Driver 18 for SQL Server]Login timeout expired (0); [08001] [Microsoft][ODBC Driver 18 for SQL Server]Invalid connection string attribute (0); [08001] [Microsoft][ODBC Driver 18 for SQL Server]A network-related or instance-specific error has occurred while establishing a connection to DESKTOP-86BL51K,1433. Server is not found or not accessible. Check if instance name is correct and if SQL Server is configured to allow remote connections. For more information see SQL Server Books Online. (10061)')
[0m21:26:16.471147 [debug] [MainThread]: sqlserver adapter: Using connection string: DRIVER={ODBC Driver 18 for SQL Server};SERVER=DESKTOP-86BL51K,1433;Database=m5_demand_forecast;UID=***;PWD=***;encrypt=Yes;TrustServerCertificate=Yes;APP=dbt-sqlserver/1.11.1;Pooling=true;SQL_ATTR_TRACE=SQL_OPT_TRACE_OFF;ConnectRetryCount=3;ConnectRetryInterval=10
[0m21:26:32.275889 [debug] [MainThread]: sqlserver adapter: Got a retryable error when attempting to open a sqlserver connection.
2 attempts remaining. Retrying in 1 seconds.
Error:
('08001', '[08001] [Microsoft][ODBC Driver 18 for SQL Server]TCP Provider: Nie można nawiązać połączenia, ponieważ komputer docelowy aktywnie go odmawia.\r\n (10061) (SQLDriverConnect); [08001] [Microsoft][ODBC Driver 18 for SQL Server]Login timeout expired (0); [08001] [Microsoft][ODBC Driver 18 for SQL Server]Invalid connection string attribute (0); [08001] [Microsoft][ODBC Driver 18 for SQL Server]A network-related or instance-specific error has occurred while establishing a connection to DESKTOP-86BL51K,1433. Server is not found or not accessible. Check if instance name is correct and if SQL Server is configured to allow remote connections. For more information see SQL Server Books Online. (10061)')
[0m21:26:33.277422 [debug] [MainThread]: sqlserver adapter: Using connection string: DRIVER={ODBC Driver 18 for SQL Server};SERVER=DESKTOP-86BL51K,1433;Database=m5_demand_forecast;UID=***;PWD=***;encrypt=Yes;TrustServerCertificate=Yes;APP=dbt-sqlserver/1.11.1;Pooling=true;SQL_ATTR_TRACE=SQL_OPT_TRACE_OFF;ConnectRetryCount=3;ConnectRetryInterval=10
[0m21:26:49.110090 [debug] [MainThread]: sqlserver adapter: Got a retryable error when attempting to open a sqlserver connection.
1 attempts remaining. Retrying in 1 seconds.
Error:
('08001', '[08001] [Microsoft][ODBC Driver 18 for SQL Server]TCP Provider: Nie można nawiązać połączenia, ponieważ komputer docelowy aktywnie go odmawia.\r\n (10061) (SQLDriverConnect); [08001] [Microsoft][ODBC Driver 18 for SQL Server]Login timeout expired (0); [08001] [Microsoft][ODBC Driver 18 for SQL Server]Invalid connection string attribute (0); [08001] [Microsoft][ODBC Driver 18 for SQL Server]A network-related or instance-specific error has occurred while establishing a connection to DESKTOP-86BL51K,1433. Server is not found or not accessible. Check if instance name is correct and if SQL Server is configured to allow remote connections. For more information see SQL Server Books Online. (10061)')
[0m21:26:50.111321 [debug] [MainThread]: sqlserver adapter: Using connection string: DRIVER={ODBC Driver 18 for SQL Server};SERVER=DESKTOP-86BL51K,1433;Database=m5_demand_forecast;UID=***;PWD=***;encrypt=Yes;TrustServerCertificate=Yes;APP=dbt-sqlserver/1.11.1;Pooling=true;SQL_ATTR_TRACE=SQL_OPT_TRACE_OFF;ConnectRetryCount=3;ConnectRetryInterval=10
[0m21:27:05.956648 [debug] [MainThread]: sqlserver adapter: SQL execution raised FailedToConnectError: Database Error
  ('08001', '[08001] [Microsoft][ODBC Driver 18 for SQL Server]TCP Provider: Nie można nawiązać połączenia, ponieważ komputer docelowy aktywnie go odmawia.\r\n (10061) (SQLDriverConnect); [08001] [Microsoft][ODBC Driver 18 for SQL Server]Login timeout expired (0); [08001] [Microsoft][ODBC Driver 18 for SQL Server]Invalid connection string attribute (0); [08001] [Microsoft][ODBC Driver 18 for SQL Server]A network-related or instance-specific error has occurred while establishing a connection to DESKTOP-86BL51K,1433. Server is not found or not accessible. Check if instance name is correct and if SQL Server is configured to allow remote connections. For more information see SQL Server Books Online. (10061)')
[0m21:27:05.958153 [debug] [MainThread]: sqlserver adapter: Error running SQL: select 1 as id
[0m21:27:05.958153 [debug] [MainThread]: sqlserver adapter: Rolling back transaction.
[0m21:27:05.958153 [debug] [MainThread]: On debug: No close available on handle
[0m21:27:05.958153 [info ] [MainThread]:   Connection test: [[31mERROR[0m]

[0m21:27:05.959158 [info ] [MainThread]: [31m1 check failed:[0m
[0m21:27:05.959158 [info ] [MainThread]: dbt was unable to connect to the specified database.
The database returned the following error:

  >Database Error
  ('08001', '[08001] [Microsoft][ODBC Driver 18 for SQL Server]TCP Provider: Nie można nawiązać połączenia, ponieważ komputer docelowy aktywnie go odmawia.\r\n (10061) (SQLDriverConnect); [08001] [Microsoft][ODBC Driver 18 for SQL Server]Login timeout expired (0); [08001] [Microsoft][ODBC Driver 18 for SQL Server]Invalid connection string attribute (0); [08001] [Microsoft][ODBC Driver 18 for SQL Server]A network-related or instance-specific error has occurred while establishing a connection to DESKTOP-86BL51K,1433. Server is not found or not accessible. Check if instance name is correct and if SQL Server is configured to allow remote connections. For more information see SQL Server Books Online. (10061)')

Check your database credentials and try again. For more information, visit:
https://docs.getdbt.com/docs/configure-your-profile


[0m21:27:05.960159 [debug] [MainThread]: Command `dbt debug` failed at 21:27:05.960159 after 67.26 seconds
[0m21:27:05.961160 [debug] [MainThread]: Connection 'debug' was properly closed.
[0m21:27:05.961160 [debug] [MainThread]: Sending event: {'category': 'dbt', 'action': 'invocation', 'label': 'end', 'context': [<snowplow_tracker.self_describing_json.SelfDescribingJson object at 0x0000020F47E27950>, <snowplow_tracker.self_describing_json.SelfDescribingJson object at 0x0000020F494043B0>, <snowplow_tracker.self_describing_json.SelfDescribingJson object at 0x0000020F44D90FB0>]}
[0m21:27:05.961160 [debug] [MainThread]: Flushing usage events
[0m21:27:06.838860 [debug] [MainThread]: An error was encountered while trying to flush usage events
[0m21:30:46.748053 [debug] [MainThread]: Sending event: {'category': 'dbt', 'action': 'invocation', 'label': 'start', 'context': [<snowplow_tracker.self_describing_json.SelfDescribingJson object at 0x0000026BC6D56900>, <snowplow_tracker.self_describing_json.SelfDescribingJson object at 0x0000026BC895C2F0>, <snowplow_tracker.self_describing_json.SelfDescribingJson object at 0x0000026BC895C1D0>]}


============================== 21:30:46.752556 | 9e508f3e-bfce-4a8c-ace3-036369f342ae ==============================
[0m21:30:46.752556 [info ] [MainThread]: Running with dbt=1.12.5
[0m21:30:46.753070 [debug] [MainThread]: running dbt with arguments {'maximum_seed_size_mib': '1', 'no_print': 'None', 'version_check': 'True', 'target_path': 'None', 'warn_error_options': 'WarnErrorOptionsV2(error=[], warn=[], silence=[])', 'static_parser': 'True', 'printer_width': '80', 'write_json': 'True', 'empty': 'None', 'log_cache_events': 'False', 'introspect': 'True', 'cache_selected_only': 'False', 'fail_fast': 'False', 'debug': 'False', 'log_format': 'default', 'partial_parse': 'True', 'send_anonymous_usage_stats': 'True', 'quiet': 'False', 'warn_error': 'None', 'profiles_dir': 'C:\\Users\\skatm\\.dbt', 'use_colors': 'True', 'hints_enabled': 'True', 'indirect_selection': 'eager', 'use_experimental_parser': 'False', 'invocation_command': 'dbt debug', 'log_path': 'C:\\Users\\skatm\\DE\\BI-DEV\\projects\\Project - sales algorithm\\logs'}
[0m21:30:46.773619 [info ] [MainThread]: dbt version: 1.12.5
[0m21:30:46.773619 [info ] [MainThread]: python version: 3.12.10
[0m21:30:46.774621 [info ] [MainThread]: python path: C:\Users\skatm\DE\BI-DEV\projects\Project - sales algorithm\.venv\Scripts\python.exe
[0m21:30:46.774621 [info ] [MainThread]: os info: Windows-11-10.0.26200-SP0
[0m21:30:46.983162 [info ] [MainThread]: Using profiles dir at C:\Users\skatm\.dbt
[0m21:30:46.984167 [info ] [MainThread]: Using profiles.yml file at C:\Users\skatm\.dbt\profiles.yml
[0m21:30:46.984167 [info ] [MainThread]: Using dbt_project.yml file at C:\Users\skatm\DE\BI-DEV\projects\Project - sales algorithm\dbt_project.yml
[0m21:30:46.985168 [info ] [MainThread]: adapter type: sqlserver
[0m21:30:46.985168 [info ] [MainThread]: adapter version: 1.11.1
[0m21:30:47.125889 [info ] [MainThread]: Configuration:
[0m21:30:47.125889 [info ] [MainThread]:   profiles.yml file [[32mOK found and valid[0m]
[0m21:30:47.126892 [info ] [MainThread]:   dbt_project.yml file [[32mOK found and valid[0m]
[0m21:30:47.126892 [info ] [MainThread]: Required dependencies:
[0m21:30:47.127949 [debug] [MainThread]: Executing "git --help"
[0m21:30:47.173176 [debug] [MainThread]: STDOUT: "b"usage: git [-v | --version] [-h | --help] [-C <path>] [-c <name>=<value>]\n           [--exec-path[=<path>]] [--html-path] [--man-path] [--info-path]\n           [-p | --paginate | -P | --no-pager] [--no-replace-objects] [--no-lazy-fetch]\n           [--no-optional-locks] [--no-advice] [--bare] [--git-dir=<path>]\n           [--work-tree=<path>] [--namespace=<name>] [--config-env=<name>=<envvar>]\n           <command> [<args>]\n\nThese are common Git commands used in various situations:\n\nstart a working area (see also: git help tutorial)\n   clone      Clone a repository into a new directory\n   init       Create an empty Git repository or reinitialize an existing one\n\nwork on the current change (see also: git help everyday)\n   add        Add file contents to the index\n   mv         Move or rename a file, a directory, or a symlink\n   restore    Restore working tree files\n   rm         Remove files from the working tree and from the index\n\nexamine the history and state (see also: git help revisions)\n   bisect     Use binary search to find the commit that introduced a bug\n   diff       Show changes between commits, commit and working tree, etc\n   grep       Print lines matching a pattern\n   log        Show commit logs\n   show       Show various types of objects\n   status     Show the working tree status\n\ngrow, mark and tweak your common history\n   backfill   Download missing objects in a partial clone\n   branch     List, create, or delete branches\n   commit     Record changes to the repository\n   history    EXPERIMENTAL: Rewrite history\n   merge      Join two or more development histories together\n   rebase     Reapply commits on top of another base tip\n   reset      Set `HEAD` or the index to a known state\n   switch     Switch branches\n   tag        Create, list, delete or verify tags\n\ncollaborate (see also: git help workflows)\n   fetch      Download objects and refs from another repository\n   pull       Fetch from and integrate with another repository or a local branch\n   push       Update remote refs along with associated objects\n\n'git help -a' and 'git help -g' list available subcommands and some\nconcept guides. See 'git help <command>' or 'git help <concept>'\nto read about a specific subcommand or concept.\nSee 'git help git' for an overview of the system.\n""
[0m21:30:47.174249 [debug] [MainThread]: STDERR: "b''"
[0m21:30:47.174249 [info ] [MainThread]:  - git [[32mOK found[0m]

[0m21:30:47.175251 [info ] [MainThread]: Connection:
[0m21:30:47.175251 [info ] [MainThread]:   driver: ODBC Driver 18 for SQL Server
[0m21:30:47.175251 [info ] [MainThread]:   server: DESKTOP-86BL51K
[0m21:30:47.175251 [info ] [MainThread]:   port: 1433
[0m21:30:47.176757 [info ] [MainThread]:   database: m5_demand_forecast
[0m21:30:47.177272 [info ] [MainThread]:   schema: dbo
[0m21:30:47.177272 [info ] [MainThread]:   UID: dbt_user
[0m21:30:47.178278 [info ] [MainThread]:   authentication: sql
[0m21:30:47.178278 [info ] [MainThread]:   windows_login: False
[0m21:30:47.178278 [info ] [MainThread]:   retries: 3
[0m21:30:47.179278 [info ] [MainThread]:   login_timeout: 0
[0m21:30:47.179278 [info ] [MainThread]:   query_timeout: 0
[0m21:30:47.180279 [info ] [MainThread]:   trace_flag: False
[0m21:30:47.180279 [info ] [MainThread]:   encrypt: True
[0m21:30:47.181279 [info ] [MainThread]:   trust_cert: True
[0m21:30:47.181279 [info ] [MainThread]:   backend: pyodbc
[0m21:30:47.182278 [info ] [MainThread]:   xact_abort: True
[0m21:30:47.182278 [info ] [MainThread]: Registered adapter: sqlserver=1.11.1
[0m21:30:47.635485 [warn ] [MainThread]: [[33mWARNING[0m]: When True, uses SQL Server-native string type mappings: STRING -> VARCHAR(MAX), NCHAR -> NCHAR(1), NVARCHAR -> NVARCHAR(4000). When False (default), preserves legacy mappings: STRING and NVARCHAR -> VARCHAR(8000), NCHAR -> CHAR(1). The new behaviour is intended to become the default in a future release.
You may opt into the new behavior sooner by setting `flags.dbt_sqlserver_use_native_string_types` to `True` in `dbt_project.yml`.
Visit https://docs.getdbt.com/reference/global-configs/behavior-changes for more information.
[0m21:30:47.635485 [debug] [MainThread]: Sending event: {'category': 'dbt', 'action': 'BehaviorChangeEvent', 'label': '9e508f3e-bfce-4a8c-ace3-036369f342ae', 'context': [<snowplow_tracker.self_describing_json.SelfDescribingJson object at 0x0000026BCB5A7E60>]}
[0m21:30:47.635485 [warn ] [MainThread]: [[33mWARNING[0m]: When True, dbt transaction hooks (begin/commit) emit real T-SQL BEGIN TRANSACTION / COMMIT TRANSACTION statements. When False (default and legacy), begin/commit are no-ops and each statement is auto-committed by the driver. This means earlier successful statements are not rolled back if a later statement fails. This behavior is intended to become the default in a future release.
You may opt into the new behavior sooner by setting `flags.dbt_sqlserver_use_dbt_transactions` to `True` in `dbt_project.yml`.
Visit https://docs.getdbt.com/reference/global-configs/behavior-changes for more information.
[0m21:30:47.636989 [debug] [MainThread]: Sending event: {'category': 'dbt', 'action': 'BehaviorChangeEvent', 'label': '9e508f3e-bfce-4a8c-ace3-036369f342ae', 'context': [<snowplow_tracker.self_describing_json.SelfDescribingJson object at 0x0000026BCC1D95B0>]}
[0m21:30:47.636989 [debug] [MainThread]: Acquiring new sqlserver connection 'debug'
[0m21:30:47.636989 [debug] [MainThread]: Using sqlserver connection "debug"
[0m21:30:47.637994 [debug] [MainThread]: On debug: select 1 as id
[0m21:30:47.637994 [debug] [MainThread]: Opening a new connection, currently in state init
[0m21:30:47.640994 [debug] [MainThread]: sqlserver adapter: Using connection string: DRIVER={ODBC Driver 18 for SQL Server};SERVER=DESKTOP-86BL51K,1433;Database=m5_demand_forecast;UID=***;PWD=***;encrypt=Yes;TrustServerCertificate=Yes;APP=dbt-sqlserver/1.11.1;Pooling=true;SQL_ATTR_TRACE=SQL_OPT_TRACE_OFF;ConnectRetryCount=3;ConnectRetryInterval=10
[0m21:30:47.748201 [debug] [MainThread]: sqlserver adapter: Connected to db: m5_demand_forecast
[0m21:30:47.750201 [debug] [MainThread]: SQL status: OK in 0.000 seconds
[0m21:30:47.751199 [debug] [MainThread]: On debug: Close
[0m21:30:47.751199 [info ] [MainThread]:   Connection test: [[32mOK connection ok[0m]

[0m21:30:47.752199 [info ] [MainThread]: [32mAll checks passed![0m
[0m21:30:47.753200 [debug] [MainThread]: Command `dbt debug` succeeded at 21:30:47.753200 after 1.12 seconds
[0m21:30:47.753704 [debug] [MainThread]: Connection 'debug' was properly closed.
[0m21:30:47.753704 [debug] [MainThread]: Sending event: {'category': 'dbt', 'action': 'invocation', 'label': 'end', 'context': [<snowplow_tracker.self_describing_json.SelfDescribingJson object at 0x0000026BC6D56900>, <snowplow_tracker.self_describing_json.SelfDescribingJson object at 0x0000026BCB5A7E60>, <snowplow_tracker.self_describing_json.SelfDescribingJson object at 0x0000026BCC07A3F0>]}
[0m21:30:47.753704 [debug] [MainThread]: Flushing usage events
[0m21:30:48.608869 [debug] [MainThread]: An error was encountered while trying to flush usage events
[0m21:43:25.680225 [debug] [MainThread]: Sending event: {'category': 'dbt', 'action': 'invocation', 'label': 'start', 'context': [<snowplow_tracker.self_describing_json.SelfDescribingJson object at 0x0000020B4F46AFF0>, <snowplow_tracker.self_describing_json.SelfDescribingJson object at 0x0000020B4C3DD8B0>, <snowplow_tracker.self_describing_json.SelfDescribingJson object at 0x0000020B4C3DDA30>]}


============================== 21:43:25.685738 | 75622835-1129-4631-b815-3baf68f97921 ==============================
[0m21:43:25.685738 [info ] [MainThread]: Running with dbt=1.12.5
[0m21:43:25.685738 [debug] [MainThread]: running dbt with arguments {'static_parser': 'True', 'no_print': 'None', 'maximum_seed_size_mib': '1', 'target_path': 'None', 'version_check': 'True', 'warn_error_options': 'WarnErrorOptionsV2(error=[], warn=[], silence=[])', 'printer_width': '80', 'write_json': 'True', 'introspect': 'True', 'log_cache_events': 'False', 'empty': 'False', 'cache_selected_only': 'False', 'fail_fast': 'False', 'debug': 'False', 'log_format': 'default', 'profiles_dir': 'C:\\Users\\skatm\\.dbt', 'send_anonymous_usage_stats': 'True', 'quiet': 'False', 'warn_error': 'None', 'partial_parse': 'True', 'use_colors': 'True', 'hints_enabled': 'True', 'indirect_selection': 'eager', 'use_experimental_parser': 'False', 'invocation_command': 'dbt build', 'log_path': 'C:\\Users\\skatm\\DE\\BI-DEV\\projects\\Project - sales algorithm\\logs'}
[0m21:43:26.034527 [debug] [MainThread]: Sending event: {'category': 'dbt', 'action': 'project_id', 'label': '75622835-1129-4631-b815-3baf68f97921', 'context': [<snowplow_tracker.self_describing_json.SelfDescribingJson object at 0x0000020B4FF37350>]}
[0m21:43:26.098107 [debug] [MainThread]: Sending event: {'category': 'dbt', 'action': 'adapter_info', 'label': '75622835-1129-4631-b815-3baf68f97921', 'context': [<snowplow_tracker.self_describing_json.SelfDescribingJson object at 0x0000020B4ACBB4D0>]}
[0m21:43:26.098107 [info ] [MainThread]: Registered adapter: sqlserver=1.11.1
[0m21:43:26.559293 [warn ] [MainThread]: [[33mWARNING[0m]: When True, uses SQL Server-native string type mappings: STRING -> VARCHAR(MAX), NCHAR -> NCHAR(1), NVARCHAR -> NVARCHAR(4000). When False (default), preserves legacy mappings: STRING and NVARCHAR -> VARCHAR(8000), NCHAR -> CHAR(1). The new behaviour is intended to become the default in a future release.
You may opt into the new behavior sooner by setting `flags.dbt_sqlserver_use_native_string_types` to `True` in `dbt_project.yml`.
Visit https://docs.getdbt.com/reference/global-configs/behavior-changes for more information.
[0m21:43:26.559293 [debug] [MainThread]: Sending event: {'category': 'dbt', 'action': 'BehaviorChangeEvent', 'label': '75622835-1129-4631-b815-3baf68f97921', 'context': [<snowplow_tracker.self_describing_json.SelfDescribingJson object at 0x0000020B51344AD0>]}
[0m21:43:26.560298 [warn ] [MainThread]: [[33mWARNING[0m]: When True, dbt transaction hooks (begin/commit) emit real T-SQL BEGIN TRANSACTION / COMMIT TRANSACTION statements. When False (default and legacy), begin/commit are no-ops and each statement is auto-committed by the driver. This means earlier successful statements are not rolled back if a later statement fails. This behavior is intended to become the default in a future release.
You may opt into the new behavior sooner by setting `flags.dbt_sqlserver_use_dbt_transactions` to `True` in `dbt_project.yml`.
Visit https://docs.getdbt.com/reference/global-configs/behavior-changes for more information.
[0m21:43:26.560298 [debug] [MainThread]: Sending event: {'category': 'dbt', 'action': 'BehaviorChangeEvent', 'label': '75622835-1129-4631-b815-3baf68f97921', 'context': [<snowplow_tracker.self_describing_json.SelfDescribingJson object at 0x0000020B51544BC0>]}
[0m21:43:26.584395 [debug] [MainThread]: checksum: cd6543364d7b120badd80f636aba583e14fb1266f6e14d9719facae820df7d04, vars: {}, profile: sales_algorithm, target: dev, version: 1.12.5
[0m21:43:26.585906 [info ] [MainThread]: Unable to do partial parsing because saved manifest not found. Starting full parse.
[0m21:43:26.585906 [debug] [MainThread]: Sending event: {'category': 'dbt', 'action': 'partial_parser', 'label': '75622835-1129-4631-b815-3baf68f97921', 'context': [<snowplow_tracker.self_describing_json.SelfDescribingJson object at 0x0000020B515448F0>]}
[0m21:43:28.766274 [warn ] [MainThread]: [[33mWARNING[0m]: When True, uses dbt-core's standard schema concatenation (`target.schema` + `_` + `custom_schema_name`). When False (default), uses legacy adapter behaviour: `custom_schema_name` is used directly without prefixing `target.schema`. For a permanent solution, override the `sqlserver__generate_schema_name` macro in your project instead.
You may opt into the new behavior sooner by setting `flags.dbt_sqlserver_use_default_schema_concat` to `True` in `dbt_project.yml`.
Visit https://docs.getdbt.com/reference/global-configs/behavior-changes for more information.
[0m21:43:28.766274 [debug] [MainThread]: Sending event: {'category': 'dbt', 'action': 'BehaviorChangeEvent', 'label': '75622835-1129-4631-b815-3baf68f97921', 'context': [<snowplow_tracker.self_describing_json.SelfDescribingJson object at 0x0000020B4FEE3260>]}
[0m21:43:29.388690 [debug] [MainThread]: Sending event: {'category': 'dbt', 'action': 'load_project', 'label': '75622835-1129-4631-b815-3baf68f97921', 'context': [<snowplow_tracker.self_describing_json.SelfDescribingJson object at 0x0000020B51BBE960>]}
[0m21:43:29.500259 [debug] [MainThread]: Wrote artifact WritableManifest to C:\Users\skatm\DE\BI-DEV\projects\Project - sales algorithm\target\manifest.json
[0m21:43:29.514334 [debug] [MainThread]: Wrote artifact SemanticManifest to C:\Users\skatm\DE\BI-DEV\projects\Project - sales algorithm\target\semantic_manifest.json
[0m21:43:29.708370 [debug] [MainThread]: Wrote artifact OsiDocument to C:\Users\skatm\DE\BI-DEV\projects\Project - sales algorithm\target\osi_document.json
[0m21:43:29.825968 [debug] [MainThread]: Sending event: {'category': 'dbt', 'action': 'resource_counts', 'label': '75622835-1129-4631-b815-3baf68f97921', 'context': [<snowplow_tracker.self_describing_json.SelfDescribingJson object at 0x0000020B51DF6C90>]}
[0m21:43:29.825968 [info ] [MainThread]: Found 3 models, 1 seed, 7 data tests, 556 macros
[0m21:43:29.828475 [info ] [MainThread]: 
[0m21:43:29.829481 [info ] [MainThread]: Concurrency: 4 threads (target='dev')
[0m21:43:29.829481 [info ] [MainThread]: 
[0m21:43:29.829481 [debug] [MainThread]: Acquiring new sqlserver connection 'master'
[0m21:43:29.835499 [debug] [ThreadPool]: Acquiring new sqlserver connection 'list_m5_demand_forecast'
[0m21:43:29.855544 [debug] [ThreadPool]: dbt-sqlserver
[0m21:43:29.859064 [debug] [ThreadPool]: Using sqlserver connection "list_m5_demand_forecast"
[0m21:43:29.859064 [debug] [ThreadPool]: On list_m5_demand_forecast: /* {"app": "dbt", "dbt_version": "1.12.5", "profile_name": "sales_algorithm", "target_name": "dev", "connection_name": "list_m5_demand_forecast"} */
USE [m5_demand_forecast];
    select  name as [schema]
    from sys.schemas with (nolock) 
    OPTION (LABEL = 'dbt-sqlserver');

  
[0m21:43:29.859064 [debug] [ThreadPool]: Opening a new connection, currently in state init
[0m21:43:29.862061 [debug] [ThreadPool]: sqlserver adapter: Using connection string: DRIVER={ODBC Driver 18 for SQL Server};SERVER=DESKTOP-86BL51K,1433;Database=m5_demand_forecast;UID=***;PWD=***;encrypt=Yes;TrustServerCertificate=Yes;APP=dbt-sqlserver/1.11.1;Pooling=true;SQL_ATTR_TRACE=SQL_OPT_TRACE_OFF;ConnectRetryCount=3;ConnectRetryInterval=10
[0m21:43:29.976423 [debug] [ThreadPool]: sqlserver adapter: Connected to db: m5_demand_forecast
[0m21:43:29.984437 [debug] [ThreadPool]: SQL status: OK in 0.000 seconds
[0m21:43:29.985942 [debug] [ThreadPool]: On list_m5_demand_forecast: Close
[0m21:43:29.986951 [debug] [ThreadPool]: Acquiring new sqlserver connection 'list_m5_demand_forecast_dbo'
[0m21:43:29.992457 [debug] [ThreadPool]: dbt-sqlserver
[0m21:43:29.992457 [debug] [ThreadPool]: Using sqlserver connection "list_m5_demand_forecast_dbo"
[0m21:43:29.993455 [debug] [ThreadPool]: On list_m5_demand_forecast_dbo: /* {"app": "dbt", "dbt_version": "1.12.5", "profile_name": "sales_algorithm", "target_name": "dev", "connection_name": "list_m5_demand_forecast_dbo"} */
USE [m5_demand_forecast];
    declare @schema_id int = schema_id('dbo');
    select
      DB_NAME() as [database],
      t.name as [name],
      'dbo' as [schema],
      'table' as table_type
    from sys.tables as t with (nolock)
    where t.schema_id = @schema_id
    union all
    select
      DB_NAME() as [database],
      v.name as [name],
      'dbo' as [schema],
      'view' as table_type
    from sys.views as v with (nolock)
    where v.schema_id = @schema_id
    
    OPTION (LABEL = 'dbt-sqlserver');

  
[0m21:43:29.993455 [debug] [ThreadPool]: Opening a new connection, currently in state init
[0m21:43:29.994458 [debug] [ThreadPool]: sqlserver adapter: Using connection string: DRIVER={ODBC Driver 18 for SQL Server};SERVER=DESKTOP-86BL51K,1433;Database=m5_demand_forecast;UID=***;PWD=***;encrypt=Yes;TrustServerCertificate=Yes;APP=dbt-sqlserver/1.11.1;Pooling=true;SQL_ATTR_TRACE=SQL_OPT_TRACE_OFF;ConnectRetryCount=3;ConnectRetryInterval=10
[0m21:43:29.994458 [debug] [ThreadPool]: sqlserver adapter: Connected to db: m5_demand_forecast
[0m21:43:30.029290 [debug] [ThreadPool]: SQL status: OK in 0.000 seconds
[0m21:43:30.030296 [debug] [ThreadPool]: On list_m5_demand_forecast_dbo: ROLLBACK
[0m21:43:30.031295 [debug] [ThreadPool]: On list_m5_demand_forecast_dbo: Close
[0m21:43:30.032293 [debug] [MainThread]: Sending event: {'category': 'dbt', 'action': 'runnable_timing', 'label': '75622835-1129-4631-b815-3baf68f97921', 'context': [<snowplow_tracker.self_describing_json.SelfDescribingJson object at 0x0000020B51DC85C0>]}
[0m21:43:30.032293 [debug] [MainThread]: On master: COMMIT
[0m21:43:30.061484 [debug] [Thread-1 (]: Began running node model.sales_algorithm.my_first_dbt_model
[0m21:43:30.061484 [debug] [Thread-2 (]: Began running node seed.sales_algorithm.calendar
[0m21:43:30.062485 [info ] [Thread-1 (]: 1 of 11 START sql table model dbo.my_first_dbt_model ........................... [RUN]
[0m21:43:30.063560 [debug] [Thread-1 (]: Acquiring new sqlserver connection 'model.sales_algorithm.my_first_dbt_model'
[0m21:43:30.062485 [info ] [Thread-2 (]: 2 of 11 START seed file dbo.calendar ........................................... [RUN]
[0m21:43:30.063560 [debug] [Thread-1 (]: Began compiling node model.sales_algorithm.my_first_dbt_model
[0m21:43:30.064559 [debug] [Thread-2 (]: Acquiring new sqlserver connection 'seed.sales_algorithm.calendar'
[0m21:43:30.069991 [debug] [Thread-1 (]: Writing injected SQL for node "model.sales_algorithm.my_first_dbt_model"
[0m21:43:30.069991 [debug] [Thread-2 (]: Began compiling node seed.sales_algorithm.calendar
[0m21:43:30.070990 [debug] [Thread-2 (]: Began executing node seed.sales_algorithm.calendar
[0m21:43:30.208994 [debug] [Thread-2 (]: Using sqlserver connection "seed.sales_algorithm.calendar"
[0m21:43:30.208994 [debug] [Thread-1 (]: Began executing node model.sales_algorithm.my_first_dbt_model
[0m21:43:30.209993 [debug] [Thread-2 (]: On seed.sales_algorithm.calendar: /* {"app": "dbt", "dbt_version": "1.12.5", "profile_name": "sales_algorithm", "target_name": "dev", "node_id": "seed.sales_algorithm.calendar"} */

    create table "m5_demand_forecast"."dbo"."calendar" ("date" date,"wm_yr_wk" int,"weekday" varchar(16),"wday" int,"month" int,"year" int,"d" varchar(16),"event_name_1" varchar(19),"event_type_1" varchar(16),"event_name_2" varchar(16),"event_type_2" varchar(16),"snap_CA" int,"snap_TX" int,"snap_WI" int)
  
[0m21:43:30.242118 [debug] [Thread-2 (]: Opening a new connection, currently in state init
[0m21:43:30.242118 [debug] [Thread-2 (]: sqlserver adapter: Using connection string: DRIVER={ODBC Driver 18 for SQL Server};SERVER=DESKTOP-86BL51K,1433;Database=m5_demand_forecast;UID=***;PWD=***;encrypt=Yes;TrustServerCertificate=Yes;APP=dbt-sqlserver/1.11.1;Pooling=true;SQL_ATTR_TRACE=SQL_OPT_TRACE_OFF;ConnectRetryCount=3;ConnectRetryInterval=10
[0m21:43:30.254699 [debug] [Thread-1 (]: dbt-sqlserver
[0m21:43:30.255735 [debug] [Thread-2 (]: sqlserver adapter: Connected to db: m5_demand_forecast
[0m21:43:30.262085 [debug] [Thread-1 (]: Applying DROP to: "m5_demand_forecast"."dbo"."my_first_dbt_model__dbt_tmp__dbt_tmp_vw"
[0m21:43:30.268619 [debug] [Thread-1 (]: dbt-sqlserver
[0m21:43:30.268619 [debug] [Thread-1 (]: Using sqlserver connection "model.sales_algorithm.my_first_dbt_model"
[0m21:43:30.269620 [debug] [Thread-1 (]: On model.sales_algorithm.my_first_dbt_model: /* {"app": "dbt", "dbt_version": "1.12.5", "profile_name": "sales_algorithm", "target_name": "dev", "node_id": "model.sales_algorithm.my_first_dbt_model"} */

        USE [m5_demand_forecast];
        select
            sch.name as schema_name,
            obj.name as view_name
        from sys.sql_expression_dependencies refs with (nolock)
        inner join sys.objects obj with (nolock)
        on refs.referencing_id = obj.object_id
        inner join sys.schemas sch with (nolock)
        on obj.schema_id = sch.schema_id
        where refs.referenced_database_name = 'm5_demand_forecast'
        and refs.referenced_schema_name = 'dbo'
        and refs.referenced_entity_name = 'my_first_dbt_model__dbt_tmp__dbt_tmp_vw'
        and obj.type = 'V'
        
    OPTION (LABEL = 'dbt-sqlserver');

      
[0m21:43:30.269620 [debug] [Thread-1 (]: Opening a new connection, currently in state init
[0m21:43:30.270618 [debug] [Thread-1 (]: sqlserver adapter: Using connection string: DRIVER={ODBC Driver 18 for SQL Server};SERVER=DESKTOP-86BL51K,1433;Database=m5_demand_forecast;UID=***;PWD=***;encrypt=Yes;TrustServerCertificate=Yes;APP=dbt-sqlserver/1.11.1;Pooling=true;SQL_ATTR_TRACE=SQL_OPT_TRACE_OFF;ConnectRetryCount=3;ConnectRetryInterval=10
[0m21:43:30.274619 [debug] [Thread-1 (]: sqlserver adapter: Connected to db: m5_demand_forecast
[0m21:43:30.275128 [debug] [Thread-2 (]: SQL status: OK in 0.000 seconds
[0m21:43:30.292352 [debug] [Thread-2 (]: Inserting batches of 149 records
[0m21:43:30.458747 [debug] [Thread-1 (]: SQL status: OK in 0.000 seconds
[0m21:43:30.585623 [debug] [Thread-1 (]: Using sqlserver connection "model.sales_algorithm.my_first_dbt_model"
[0m21:43:30.601679 [debug] [Thread-1 (]: On model.sales_algorithm.my_first_dbt_model: /* {"app": "dbt", "dbt_version": "1.12.5", "profile_name": "sales_algorithm", "target_name": "dev", "node_id": "model.sales_algorithm.my_first_dbt_model"} */

      
      
    
    USE [m5_demand_forecast];
    EXEC('DROP view IF EXISTS "dbo"."my_first_dbt_model__dbt_tmp__dbt_tmp_vw";');

[0m21:43:30.650637 [debug] [Thread-2 (]: Using sqlserver connection "seed.sales_algorithm.calendar"
[0m21:43:30.650637 [debug] [Thread-2 (]: On seed.sales_algorithm.calendar: 
          insert into "m5_demand_forecast"."dbo"."calendar" ("date", "wm_yr_wk", "weekday", "wday", "month", "year", "d", "event_name_1", "event_type_1", "event_name_2", "event_type_2", "snap_CA", "snap_TX", "snap_WI") values (?, ?, ?, ?, ?, ?, ?, null, null, null, null, ?, ?, ?), (?, ?, ?, ?, ?, ?, ?, null, null, null, null, ?, ?, ?), (?, ?, ?, ?, ?, ?, ?, null, null, null, null, ?, ?, ?), (?, ?, ?, ?, ?, ?, ?, null, null, null, null, ?, ?, ?), (?, ?, ?, ?, ?, ?, ?, null, null, null, null, ?, ?, ?), (?, ?...
[0m21:43:30.651637 [debug] [Thread-1 (]: SQL status: OK in 0.000 seconds
[0m21:43:30.665173 [debug] [Thread-1 (]: Writing runtime sql for node "model.sales_algorithm.my_first_dbt_model"
[0m21:43:30.667682 [debug] [Thread-1 (]: Using sqlserver connection "model.sales_algorithm.my_first_dbt_model"
[0m21:43:30.667682 [debug] [Thread-1 (]: On model.sales_algorithm.my_first_dbt_model: /* {"app": "dbt", "dbt_version": "1.12.5", "profile_name": "sales_algorithm", "target_name": "dev", "node_id": "model.sales_algorithm.my_first_dbt_model"} */

  
    USE [m5_demand_forecast];
    USE [m5_demand_forecast];
    
    

    

    USE [m5_demand_forecast];
    EXEC('
        CREATE OR ALTER VIEW "dbo"."my_first_dbt_model__dbt_tmp__dbt_tmp_vw" AS /*
    Welcome to your first dbt model!
    Did you know that you can also configure models directly within SQL files?
    This will override configurations stated in dbt_project.yml

    Try changing "table" to "view" below
*/



with source_data as (

    select 1 as id
    union all
    select null as id

)

select *
from source_data

/*
    Uncomment the line below to remove records with null `id` values
*/

-- where id is not null;
    ')

EXEC('IF OBJECT_ID(''dbo.my_first_dbt_model__dbt_tmp'', ''U'') IS NOT NULL
                EXEC(''DROP TABLE "m5_demand_forecast"."dbo"."my_first_dbt_model__dbt_tmp"'');SELECT * INTO "m5_demand_forecast"."dbo"."my_first_dbt_model__dbt_tmp" FROM "m5_demand_forecast"."dbo"."my_first_dbt_model__dbt_tmp__dbt_tmp_vw" 
    OPTION (LABEL = ''dbt-sqlserver'');

        ')

    
    EXEC('DROP VIEW IF EXISTS "dbo"."my_first_dbt_model__dbt_tmp__dbt_tmp_vw"')



    
    use [m5_demand_forecast];
    if EXISTS (
        SELECT *
        FROM sys.indexes with (nolock)
        WHERE name = 'dbo_my_first_dbt_model__dbt_tmp_cci'
        AND object_id=object_id('"dbo"."my_first_dbt_model__dbt_tmp"')
    )
    DROP index "dbo"."my_first_dbt_model__dbt_tmp".dbo_my_first_dbt_model__dbt_tmp_cci
    CREATE CLUSTERED COLUMNSTORE INDEX dbo_my_first_dbt_model__dbt_tmp_cci
    ON "dbo"."my_first_dbt_model__dbt_tmp"

   


  
[0m21:43:30.688731 [debug] [Thread-1 (]: SQL status: OK in 0.000 seconds
[0m21:43:30.694744 [debug] [Thread-1 (]: Using sqlserver connection "model.sales_algorithm.my_first_dbt_model"
[0m21:43:30.694744 [debug] [Thread-1 (]: On model.sales_algorithm.my_first_dbt_model: /* {"app": "dbt", "dbt_version": "1.12.5", "profile_name": "sales_algorithm", "target_name": "dev", "node_id": "model.sales_algorithm.my_first_dbt_model"} */
USE [m5_demand_forecast];
      EXEC sp_rename 'dbo.my_first_dbt_model__dbt_tmp', 'my_first_dbt_model'
[0m21:43:30.725356 [debug] [Thread-2 (]: SQL status: OK in 0.000 seconds
[0m21:43:30.975515 [debug] [Thread-1 (]: SQL status: OK in 0.000 seconds
[0m21:43:31.006104 [debug] [Thread-2 (]: Using sqlserver connection "seed.sales_algorithm.calendar"
[0m21:43:31.006104 [debug] [Thread-2 (]: On seed.sales_algorithm.calendar: 
          insert into "m5_demand_forecast"."dbo"."calendar" ("date", "wm_yr_wk", "weekday", "wday", "month", "year", "d", "event_name_1", "event_type_1", "event_name_2", "event_type_2", "snap_CA", "snap_TX", "snap_WI") values (?, ?, ?, ?, ?, ?, ?, null, null, null, null, ?, ?, ?), (?, ?, ?, ?, ?, ?, ?, null, null, null, null, ?, ?, ?), (?, ?, ?, ?, ?, ?, ?, null, null, null, null, ?, ?, ?), (?, ?, ?, ?, ?, ?, ?, null, null, null, null, ?, ?, ?), (?, ?, ?, ?, ?, ?, ?, null, null, null, null, ?, ?, ?), (?, ?...
[0m21:43:31.045331 [debug] [Thread-1 (]: On model.sales_algorithm.my_first_dbt_model: COMMIT
[0m21:43:31.047328 [debug] [Thread-1 (]: Applying DROP to: "m5_demand_forecast"."dbo"."my_first_dbt_model__dbt_backup"
[0m21:43:31.047833 [debug] [Thread-1 (]: Using sqlserver connection "model.sales_algorithm.my_first_dbt_model"
[0m21:43:31.047833 [debug] [Thread-1 (]: On model.sales_algorithm.my_first_dbt_model: /* {"app": "dbt", "dbt_version": "1.12.5", "profile_name": "sales_algorithm", "target_name": "dev", "node_id": "model.sales_algorithm.my_first_dbt_model"} */

      
    USE [m5_demand_forecast];
    EXEC('DROP table IF EXISTS "dbo"."my_first_dbt_model__dbt_backup";');

[0m21:43:31.048837 [debug] [Thread-1 (]: SQL status: OK in 0.000 seconds
[0m21:43:31.051838 [debug] [Thread-1 (]: On model.sales_algorithm.my_first_dbt_model: Close
[0m21:43:31.058356 [debug] [Thread-1 (]: Sending event: {'category': 'dbt', 'action': 'run_model', 'label': '75622835-1129-4631-b815-3baf68f97921', 'context': [<snowplow_tracker.self_describing_json.SelfDescribingJson object at 0x0000020B5206CBC0>]}
[0m21:43:31.059359 [info ] [Thread-1 (]: 1 of 11 OK created sql table model dbo.my_first_dbt_model ...................... [[32mOK[0m in 0.99s]
[0m21:43:31.060359 [debug] [Thread-1 (]: Finished running node model.sales_algorithm.my_first_dbt_model
[0m21:43:31.060359 [debug] [Thread-4 (]: Began running node test.sales_algorithm.not_null_my_first_dbt_model_id.5fb22c2710
[0m21:43:31.061358 [debug] [Thread-3 (]: Began running node test.sales_algorithm.unique_my_first_dbt_model_id.16e066b321
[0m21:43:31.060359 [info ] [Thread-4 (]: 3 of 11 START test not_null_my_first_dbt_model_id .............................. [RUN]
[0m21:43:31.061358 [info ] [Thread-3 (]: 4 of 11 START test unique_my_first_dbt_model_id ................................ [RUN]
[0m21:43:31.062361 [debug] [Thread-4 (]: Acquiring new sqlserver connection 'test.sales_algorithm.not_null_my_first_dbt_model_id.5fb22c2710'
[0m21:43:31.062361 [debug] [Thread-3 (]: Acquiring new sqlserver connection 'test.sales_algorithm.unique_my_first_dbt_model_id.16e066b321'
[0m21:43:31.063359 [debug] [Thread-4 (]: Began compiling node test.sales_algorithm.not_null_my_first_dbt_model_id.5fb22c2710
[0m21:43:31.063359 [debug] [Thread-3 (]: Began compiling node test.sales_algorithm.unique_my_first_dbt_model_id.16e066b321
[0m21:43:31.076451 [debug] [Thread-4 (]: Writing injected SQL for node "test.sales_algorithm.not_null_my_first_dbt_model_id.5fb22c2710"
[0m21:43:31.086468 [debug] [Thread-3 (]: Writing injected SQL for node "test.sales_algorithm.unique_my_first_dbt_model_id.16e066b321"
[0m21:43:31.088979 [debug] [Thread-4 (]: Began executing node test.sales_algorithm.not_null_my_first_dbt_model_id.5fb22c2710
[0m21:43:31.108829 [debug] [Thread-4 (]: Writing runtime sql for node "test.sales_algorithm.not_null_my_first_dbt_model_id.5fb22c2710"
[0m21:43:31.109827 [debug] [Thread-3 (]: Began executing node test.sales_algorithm.unique_my_first_dbt_model_id.16e066b321
[0m21:43:31.111827 [debug] [Thread-3 (]: Writing runtime sql for node "test.sales_algorithm.unique_my_first_dbt_model_id.16e066b321"
[0m21:43:31.112828 [debug] [Thread-4 (]: Using sqlserver connection "test.sales_algorithm.not_null_my_first_dbt_model_id.5fb22c2710"
[0m21:43:31.114332 [debug] [Thread-3 (]: Using sqlserver connection "test.sales_algorithm.unique_my_first_dbt_model_id.16e066b321"
[0m21:43:31.114332 [debug] [Thread-4 (]: On test.sales_algorithm.not_null_my_first_dbt_model_id.5fb22c2710: /* {"app": "dbt", "dbt_version": "1.12.5", "profile_name": "sales_algorithm", "target_name": "dev", "node_id": "test.sales_algorithm.not_null_my_first_dbt_model_id.5fb22c2710"} */

    
    -- Create target schema if it does not
  USE [m5_demand_forecast];
  IF NOT EXISTS (SELECT * FROM sys.schemas WHERE name = 'dbo')
  BEGIN
    EXEC('CREATE SCHEMA [dbo]')
  END

  

  
  EXEC('create view 
    [dbo].[testview_efc4c1ff4c1671c36ec31a56af8d3d7b_12478]
   as 
    
    
    



select id
from "m5_demand_forecast"."dbo"."my_first_dbt_model"
where id is null



  ;')
  select
    
    count(*) as failures,
    case when count(*) != 0
      then 'true' else 'false' end as should_warn,
    case when count(*) != 0
      then 'true' else 'false' end as should_error
  from (
    select * from 
    [dbo].[testview_efc4c1ff4c1671c36ec31a56af8d3d7b_12478]
  
  ) dbt_internal_test;

  EXEC('drop view 
    [dbo].[testview_efc4c1ff4c1671c36ec31a56af8d3d7b_12478]
  ;')
[0m21:43:31.115337 [debug] [Thread-3 (]: On test.sales_algorithm.unique_my_first_dbt_model_id.16e066b321: /* {"app": "dbt", "dbt_version": "1.12.5", "profile_name": "sales_algorithm", "target_name": "dev", "node_id": "test.sales_algorithm.unique_my_first_dbt_model_id.16e066b321"} */

    
    -- Create target schema if it does not
  USE [m5_demand_forecast];
  IF NOT EXISTS (SELECT * FROM sys.schemas WHERE name = 'dbo')
  BEGIN
    EXEC('CREATE SCHEMA [dbo]')
  END

  

  
  EXEC('create view 
    [dbo].[testview_d8281921c319b4e68a8647bcae2ca40e_16398]
   as 
    
    
    

select
    id as unique_field,
    count(*) as n_records

from "m5_demand_forecast"."dbo"."my_first_dbt_model"
where id is not null
group by id
having count(*) > 1



  ;')
  select
    
    count(*) as failures,
    case when count(*) != 0
      then 'true' else 'false' end as should_warn,
    case when count(*) != 0
      then 'true' else 'false' end as should_error
  from (
    select * from 
    [dbo].[testview_d8281921c319b4e68a8647bcae2ca40e_16398]
  
  ) dbt_internal_test;

  EXEC('drop view 
    [dbo].[testview_d8281921c319b4e68a8647bcae2ca40e_16398]
  ;')
[0m21:43:31.115337 [debug] [Thread-4 (]: Opening a new connection, currently in state init
[0m21:43:31.115337 [debug] [Thread-3 (]: Opening a new connection, currently in state init
[0m21:43:31.116342 [debug] [Thread-4 (]: sqlserver adapter: Using connection string: DRIVER={ODBC Driver 18 for SQL Server};SERVER=DESKTOP-86BL51K,1433;Database=m5_demand_forecast;UID=***;PWD=***;encrypt=Yes;TrustServerCertificate=Yes;APP=dbt-sqlserver/1.11.1;Pooling=true;SQL_ATTR_TRACE=SQL_OPT_TRACE_OFF;ConnectRetryCount=3;ConnectRetryInterval=10
[0m21:43:31.116342 [debug] [Thread-3 (]: sqlserver adapter: Using connection string: DRIVER={ODBC Driver 18 for SQL Server};SERVER=DESKTOP-86BL51K,1433;Database=m5_demand_forecast;UID=***;PWD=***;encrypt=Yes;TrustServerCertificate=Yes;APP=dbt-sqlserver/1.11.1;Pooling=true;SQL_ATTR_TRACE=SQL_OPT_TRACE_OFF;ConnectRetryCount=3;ConnectRetryInterval=10
[0m21:43:31.117851 [debug] [Thread-2 (]: SQL status: OK in 0.000 seconds
[0m21:43:31.130163 [debug] [Thread-4 (]: sqlserver adapter: Connected to db: m5_demand_forecast
[0m21:43:31.145285 [debug] [Thread-3 (]: sqlserver adapter: Connected to db: m5_demand_forecast
[0m21:43:31.394576 [debug] [Thread-2 (]: Using sqlserver connection "seed.sales_algorithm.calendar"
[0m21:43:31.395583 [debug] [Thread-4 (]: SQL status: OK in 0.000 seconds
[0m21:43:31.395583 [debug] [Thread-3 (]: SQL status: OK in 0.000 seconds
[0m21:43:31.395583 [debug] [Thread-2 (]: On seed.sales_algorithm.calendar: 
          insert into "m5_demand_forecast"."dbo"."calendar" ("date", "wm_yr_wk", "weekday", "wday", "month", "year", "d", "event_name_1", "event_type_1", "event_name_2", "event_type_2", "snap_CA", "snap_TX", "snap_WI") values (?, ?, ?, ?, ?, ?, ?, null, null, null, null, ?, ?, ?), (?, ?, ?, ?, ?, ?, ?, ?, ?, null, null, ?, ?, ?), (?, ?, ?, ?, ?, ?, ?, null, null, null, null, ?, ?, ?), (?, ?, ?, ?, ?, ?, ?, null, null, null, null, ?, ?, ?), (?, ?, ?, ?, ?, ?, ?, null, null, null, null, ?, ?, ?), (?, ?, ?, ?...
[0m21:43:31.398610 [debug] [Thread-4 (]: On test.sales_algorithm.not_null_my_first_dbt_model_id.5fb22c2710: ROLLBACK
[0m21:43:31.400614 [debug] [Thread-3 (]: On test.sales_algorithm.unique_my_first_dbt_model_id.16e066b321: ROLLBACK
[0m21:43:31.400614 [debug] [Thread-4 (]: On test.sales_algorithm.not_null_my_first_dbt_model_id.5fb22c2710: Close
[0m21:43:31.401646 [debug] [Thread-3 (]: On test.sales_algorithm.unique_my_first_dbt_model_id.16e066b321: Close
[0m21:43:31.402614 [error] [Thread-4 (]: 3 of 11 FAIL 1 not_null_my_first_dbt_model_id .................................. [[31mFAIL 1[0m in 0.34s]
[0m21:43:31.403617 [info ] [Thread-3 (]: 4 of 11 PASS unique_my_first_dbt_model_id ...................................... [[32mPASS[0m in 0.34s]
[0m21:43:31.403617 [debug] [Thread-4 (]: Finished running node test.sales_algorithm.not_null_my_first_dbt_model_id.5fb22c2710
[0m21:43:31.404644 [debug] [Thread-3 (]: Finished running node test.sales_algorithm.unique_my_first_dbt_model_id.16e066b321
[0m21:43:31.405648 [debug] [Thread-7 (]: Marking all children of 'test.sales_algorithm.not_null_my_first_dbt_model_id.5fb22c2710' to be skipped because of status 'fail'.  Reason: Got 1 result, configured to fail if != 0.
[0m21:43:31.405648 [debug] [Thread-1 (]: Began running node model.sales_algorithm.my_second_dbt_model
[0m21:43:31.406768 [info ] [Thread-1 (]: 5 of 11 SKIP relation dbo.my_second_dbt_model .................................. [[33mSKIP[0m]
[0m21:43:31.406768 [debug] [Thread-1 (]: Finished running node model.sales_algorithm.my_second_dbt_model
[0m21:43:31.407769 [debug] [Thread-7 (]: Marking all children of 'model.sales_algorithm.my_second_dbt_model' to be skipped because of status 'skipped'. 
[0m21:43:31.407769 [debug] [Thread-3 (]: Began running node test.sales_algorithm.not_null_my_second_dbt_model_id.151b76d778
[0m21:43:31.407769 [debug] [Thread-4 (]: Began running node test.sales_algorithm.unique_my_second_dbt_model_id.57a0f8c493
[0m21:43:31.407769 [info ] [Thread-3 (]: 6 of 11 SKIP test not_null_my_second_dbt_model_id .............................. [[33mSKIP[0m]
[0m21:43:31.409190 [debug] [Thread-3 (]: Finished running node test.sales_algorithm.not_null_my_second_dbt_model_id.151b76d778
[0m21:43:31.410189 [debug] [Thread-7 (]: Marking all children of 'test.sales_algorithm.not_null_my_second_dbt_model_id.151b76d778' to be skipped because of status 'skipped'. 
[0m21:43:31.409190 [info ] [Thread-4 (]: 7 of 11 SKIP test unique_my_second_dbt_model_id ................................ [[33mSKIP[0m]
[0m21:43:31.410189 [debug] [Thread-4 (]: Finished running node test.sales_algorithm.unique_my_second_dbt_model_id.57a0f8c493
[0m21:43:31.411187 [debug] [Thread-7 (]: Marking all children of 'test.sales_algorithm.unique_my_second_dbt_model_id.57a0f8c493' to be skipped because of status 'skipped'. 
[0m21:43:31.470305 [debug] [Thread-2 (]: SQL status: OK in 0.000 seconds
[0m21:43:31.746319 [debug] [Thread-2 (]: Using sqlserver connection "seed.sales_algorithm.calendar"
[0m21:43:31.747825 [debug] [Thread-2 (]: On seed.sales_algorithm.calendar: 
          insert into "m5_demand_forecast"."dbo"."calendar" ("date", "wm_yr_wk", "weekday", "wday", "month", "year", "d", "event_name_1", "event_type_1", "event_name_2", "event_type_2", "snap_CA", "snap_TX", "snap_WI") values (?, ?, ?, ?, ?, ?, ?, null, null, null, null, ?, ?, ?), (?, ?, ?, ?, ?, ?, ?, null, null, null, null, ?, ?, ?), (?, ?, ?, ?, ?, ?, ?, null, null, null, null, ?, ?, ?), (?, ?, ?, ?, ?, ?, ?, null, null, null, null, ?, ?, ?), (?, ?, ?, ?, ?, ?, ?, null, null, null, null, ?, ?, ?), (?, ?...
[0m21:43:31.802832 [debug] [Thread-2 (]: SQL status: OK in 0.000 seconds
[0m21:43:32.077692 [debug] [Thread-2 (]: Using sqlserver connection "seed.sales_algorithm.calendar"
[0m21:43:32.079131 [debug] [Thread-2 (]: On seed.sales_algorithm.calendar: 
          insert into "m5_demand_forecast"."dbo"."calendar" ("date", "wm_yr_wk", "weekday", "wday", "month", "year", "d", "event_name_1", "event_type_1", "event_name_2", "event_type_2", "snap_CA", "snap_TX", "snap_WI") values (?, ?, ?, ?, ?, ?, ?, null, null, null, null, ?, ?, ?), (?, ?, ?, ?, ?, ?, ?, null, null, null, null, ?, ?, ?), (?, ?, ?, ?, ?, ?, ?, null, null, null, null, ?, ?, ?), (?, ?, ?, ?, ?, ?, ?, null, null, null, null, ?, ?, ?), (?, ?, ?, ?, ?, ?, ?, null, null, null, null, ?, ?, ?), (?, ?...
[0m21:43:32.139665 [debug] [Thread-2 (]: SQL status: OK in 0.000 seconds
[0m21:43:32.464319 [debug] [Thread-2 (]: Using sqlserver connection "seed.sales_algorithm.calendar"
[0m21:43:32.465326 [debug] [Thread-2 (]: On seed.sales_algorithm.calendar: 
          insert into "m5_demand_forecast"."dbo"."calendar" ("date", "wm_yr_wk", "weekday", "wday", "month", "year", "d", "event_name_1", "event_type_1", "event_name_2", "event_type_2", "snap_CA", "snap_TX", "snap_WI") values (?, ?, ?, ?, ?, ?, ?, null, null, null, null, ?, ?, ?), (?, ?, ?, ?, ?, ?, ?, ?, ?, null, null, ?, ?, ?), (?, ?, ?, ?, ?, ?, ?, ?, ?, null, null, ?, ?, ?), (?, ?, ?, ?, ?, ?, ?, null, null, null, null, ?, ?, ?), (?, ?, ?, ?, ?, ?, ?, null, null, null, null, ?, ?, ?), (?, ?, ?, ?, ?, ?...
[0m21:43:32.523341 [debug] [Thread-2 (]: SQL status: OK in 0.000 seconds
[0m21:43:32.806489 [debug] [Thread-2 (]: Using sqlserver connection "seed.sales_algorithm.calendar"
[0m21:43:32.806489 [debug] [Thread-2 (]: On seed.sales_algorithm.calendar: 
          insert into "m5_demand_forecast"."dbo"."calendar" ("date", "wm_yr_wk", "weekday", "wday", "month", "year", "d", "event_name_1", "event_type_1", "event_name_2", "event_type_2", "snap_CA", "snap_TX", "snap_WI") values (?, ?, ?, ?, ?, ?, ?, null, null, null, null, ?, ?, ?), (?, ?, ?, ?, ?, ?, ?, null, null, null, null, ?, ?, ?), (?, ?, ?, ?, ?, ?, ?, null, null, null, null, ?, ?, ?), (?, ?, ?, ?, ?, ?, ?, null, null, null, null, ?, ?, ?), (?, ?, ?, ?, ?, ?, ?, null, null, null, null, ?, ?, ?), (?, ?...
[0m21:43:32.865606 [debug] [Thread-2 (]: SQL status: OK in 0.000 seconds
[0m21:43:33.150145 [debug] [Thread-2 (]: Using sqlserver connection "seed.sales_algorithm.calendar"
[0m21:43:33.150145 [debug] [Thread-2 (]: On seed.sales_algorithm.calendar: 
          insert into "m5_demand_forecast"."dbo"."calendar" ("date", "wm_yr_wk", "weekday", "wday", "month", "year", "d", "event_name_1", "event_type_1", "event_name_2", "event_type_2", "snap_CA", "snap_TX", "snap_WI") values (?, ?, ?, ?, ?, ?, ?, null, null, null, null, ?, ?, ?), (?, ?, ?, ?, ?, ?, ?, null, null, null, null, ?, ?, ?), (?, ?, ?, ?, ?, ?, ?, null, null, null, null, ?, ?, ?), (?, ?, ?, ?, ?, ?, ?, null, null, null, null, ?, ?, ?), (?, ?, ?, ?, ?, ?, ?, null, null, null, null, ?, ?, ?), (?, ?...
[0m21:43:33.210212 [debug] [Thread-2 (]: SQL status: OK in 0.000 seconds
[0m21:43:33.490922 [debug] [Thread-2 (]: Using sqlserver connection "seed.sales_algorithm.calendar"
[0m21:43:33.491922 [debug] [Thread-2 (]: On seed.sales_algorithm.calendar: 
          insert into "m5_demand_forecast"."dbo"."calendar" ("date", "wm_yr_wk", "weekday", "wday", "month", "year", "d", "event_name_1", "event_type_1", "event_name_2", "event_type_2", "snap_CA", "snap_TX", "snap_WI") values (?, ?, ?, ?, ?, ?, ?, ?, ?, null, null, ?, ?, ?), (?, ?, ?, ?, ?, ?, ?, null, null, null, null, ?, ?, ?), (?, ?, ?, ?, ?, ?, ?, null, null, null, null, ?, ?, ?), (?, ?, ?, ?, ?, ?, ?, null, null, null, null, ?, ?, ?), (?, ?, ?, ?, ?, ?, ?, null, null, null, null, ?, ?, ?), (?, ?, ?, ?...
[0m21:43:33.546294 [debug] [Thread-2 (]: SQL status: OK in 0.000 seconds
[0m21:43:33.826283 [debug] [Thread-2 (]: Using sqlserver connection "seed.sales_algorithm.calendar"
[0m21:43:33.826283 [debug] [Thread-2 (]: On seed.sales_algorithm.calendar: 
          insert into "m5_demand_forecast"."dbo"."calendar" ("date", "wm_yr_wk", "weekday", "wday", "month", "year", "d", "event_name_1", "event_type_1", "event_name_2", "event_type_2", "snap_CA", "snap_TX", "snap_WI") values (?, ?, ?, ?, ?, ?, ?, null, null, null, null, ?, ?, ?), (?, ?, ?, ?, ?, ?, ?, null, null, null, null, ?, ?, ?), (?, ?, ?, ?, ?, ?, ?, null, null, null, null, ?, ?, ?), (?, ?, ?, ?, ?, ?, ?, ?, ?, null, null, ?, ?, ?), (?, ?, ?, ?, ?, ?, ?, null, null, null, null, ?, ?, ?), (?, ?, ?, ?...
[0m21:43:33.884518 [debug] [Thread-2 (]: SQL status: OK in 0.000 seconds
[0m21:43:34.176569 [debug] [Thread-2 (]: Using sqlserver connection "seed.sales_algorithm.calendar"
[0m21:43:34.176569 [debug] [Thread-2 (]: On seed.sales_algorithm.calendar: 
          insert into "m5_demand_forecast"."dbo"."calendar" ("date", "wm_yr_wk", "weekday", "wday", "month", "year", "d", "event_name_1", "event_type_1", "event_name_2", "event_type_2", "snap_CA", "snap_TX", "snap_WI") values (?, ?, ?, ?, ?, ?, ?, null, null, null, null, ?, ?, ?), (?, ?, ?, ?, ?, ?, ?, null, null, null, null, ?, ?, ?), (?, ?, ?, ?, ?, ?, ?, null, null, null, null, ?, ?, ?), (?, ?, ?, ?, ?, ?, ?, null, null, null, null, ?, ?, ?), (?, ?, ?, ?, ?, ?, ?, null, null, null, null, ?, ?, ?), (?, ?...
[0m21:43:34.232945 [debug] [Thread-2 (]: SQL status: OK in 0.000 seconds
[0m21:43:34.520485 [debug] [Thread-2 (]: Using sqlserver connection "seed.sales_algorithm.calendar"
[0m21:43:34.520485 [debug] [Thread-2 (]: On seed.sales_algorithm.calendar: 
          insert into "m5_demand_forecast"."dbo"."calendar" ("date", "wm_yr_wk", "weekday", "wday", "month", "year", "d", "event_name_1", "event_type_1", "event_name_2", "event_type_2", "snap_CA", "snap_TX", "snap_WI") values (?, ?, ?, ?, ?, ?, ?, null, null, null, null, ?, ?, ?), (?, ?, ?, ?, ?, ?, ?, null, null, null, null, ?, ?, ?), (?, ?, ?, ?, ?, ?, ?, null, null, null, null, ?, ?, ?), (?, ?, ?, ?, ?, ?, ?, null, null, null, null, ?, ?, ?), (?, ?, ?, ?, ?, ?, ?, null, null, null, null, ?, ?, ?), (?, ?...
[0m21:43:34.583149 [debug] [Thread-2 (]: SQL status: OK in 0.000 seconds
[0m21:43:34.885418 [debug] [Thread-2 (]: Using sqlserver connection "seed.sales_algorithm.calendar"
[0m21:43:34.885418 [debug] [Thread-2 (]: On seed.sales_algorithm.calendar: 
          insert into "m5_demand_forecast"."dbo"."calendar" ("date", "wm_yr_wk", "weekday", "wday", "month", "year", "d", "event_name_1", "event_type_1", "event_name_2", "event_type_2", "snap_CA", "snap_TX", "snap_WI") values (?, ?, ?, ?, ?, ?, ?, null, null, null, null, ?, ?, ?), (?, ?, ?, ?, ?, ?, ?, null, null, null, null, ?, ?, ?), (?, ?, ?, ?, ?, ?, ?, null, null, null, null, ?, ?, ?), (?, ?, ?, ?, ?, ?, ?, ?, ?, null, null, ?, ?, ?), (?, ?, ?, ?, ?, ?, ?, null, null, null, null, ?, ?, ?), (?, ?, ?, ?...
[0m21:43:34.949111 [debug] [Thread-2 (]: SQL status: OK in 0.000 seconds
[0m21:43:35.014099 [debug] [Thread-2 (]: Using sqlserver connection "seed.sales_algorithm.calendar"
[0m21:43:35.014099 [debug] [Thread-2 (]: On seed.sales_algorithm.calendar: 
          insert into "m5_demand_forecast"."dbo"."calendar" ("date", "wm_yr_wk", "weekday", "wday", "month", "year", "d", "event_name_1", "event_type_1", "event_name_2", "event_type_2", "snap_CA", "snap_TX", "snap_WI") values (?, ?, ?, ?, ?, ?, ?, null, null, null, null, ?, ?, ?), (?, ?, ?, ?, ?, ?, ?, null, null, null, null, ?, ?, ?), (?, ?, ?, ?, ?, ?, ?, null, null, null, null, ?, ?, ?), (?, ?, ?, ?, ?, ?, ?, null, null, null, null, ?, ?, ?), (?, ?, ?, ?, ?, ?, ?, null, null, null, null, ?, ?, ?), (?, ?...
[0m21:43:35.023243 [debug] [Thread-2 (]: SQL status: OK in 0.000 seconds
[0m21:43:35.027749 [debug] [Thread-2 (]: Writing runtime SQL for node "seed.sales_algorithm.calendar"
[0m21:43:35.031775 [debug] [Thread-2 (]: On seed.sales_algorithm.calendar: COMMIT
[0m21:43:35.032781 [debug] [Thread-2 (]: On seed.sales_algorithm.calendar: Close
[0m21:43:35.032781 [debug] [Thread-2 (]: Sending event: {'category': 'dbt', 'action': 'run_model', 'label': '75622835-1129-4631-b815-3baf68f97921', 'context': [<snowplow_tracker.self_describing_json.SelfDescribingJson object at 0x0000020B52054320>]}
[0m21:43:35.032781 [info ] [Thread-2 (]: 2 of 11 OK loaded seed file dbo.calendar ....................................... [[32mINSERT 1969[0m in 4.97s]
[0m21:43:35.034288 [debug] [Thread-2 (]: Finished running node seed.sales_algorithm.calendar
[0m21:43:35.034288 [debug] [Thread-1 (]: Began running node model.sales_algorithm.stg_calendar
[0m21:43:35.035323 [info ] [Thread-1 (]: 8 of 11 START sql view model dbo.stg_calendar .................................. [RUN]
[0m21:43:35.035323 [debug] [Thread-1 (]: Re-using an available connection from the pool (formerly model.sales_algorithm.my_first_dbt_model, now model.sales_algorithm.stg_calendar)
[0m21:43:35.036320 [debug] [Thread-1 (]: Began compiling node model.sales_algorithm.stg_calendar
[0m21:43:35.037856 [debug] [Thread-1 (]: Writing injected SQL for node "model.sales_algorithm.stg_calendar"
[0m21:43:35.039406 [debug] [Thread-1 (]: Began executing node model.sales_algorithm.stg_calendar
[0m21:43:35.062988 [debug] [Thread-1 (]: Writing runtime sql for node "model.sales_algorithm.stg_calendar"
[0m21:43:35.063988 [debug] [Thread-1 (]: Using sqlserver connection "model.sales_algorithm.stg_calendar"
[0m21:43:35.065040 [debug] [Thread-1 (]: On model.sales_algorithm.stg_calendar: /* {"app": "dbt", "dbt_version": "1.12.5", "profile_name": "sales_algorithm", "target_name": "dev", "node_id": "model.sales_algorithm.stg_calendar"} */
USE [m5_demand_forecast];
    
    

    

    USE [m5_demand_forecast];
    EXEC('
        CREATE OR ALTER VIEW "dbo"."stg_calendar" AS select
    [date]      as calendar_date,
    d           as day_id,
    wm_yr_wk    as week_id,
    weekday     as day_name,
    wday        as day_of_week_num,
    month       as month_num,
    [year]      as year_num,
    event_name_1,
    event_type_1,
    event_name_2,
    event_type_2,
    snap_CA     as is_snap_ca,
    snap_TX     as is_snap_tx,
    snap_WI     as is_snap_wi
from "m5_demand_forecast"."dbo"."calendar";
    ')


[0m21:43:35.065040 [debug] [Thread-1 (]: Opening a new connection, currently in state closed
[0m21:43:35.066040 [debug] [Thread-1 (]: sqlserver adapter: Using connection string: DRIVER={ODBC Driver 18 for SQL Server};SERVER=DESKTOP-86BL51K,1433;Database=m5_demand_forecast;UID=***;PWD=***;encrypt=Yes;TrustServerCertificate=Yes;APP=dbt-sqlserver/1.11.1;Pooling=true;SQL_ATTR_TRACE=SQL_OPT_TRACE_OFF;ConnectRetryCount=3;ConnectRetryInterval=10
[0m21:43:35.066040 [debug] [Thread-1 (]: sqlserver adapter: Connected to db: m5_demand_forecast
[0m21:43:35.068551 [debug] [Thread-1 (]: SQL status: OK in 0.000 seconds
[0m21:43:35.069551 [debug] [Thread-1 (]: On model.sales_algorithm.stg_calendar: COMMIT
[0m21:43:35.071550 [debug] [Thread-1 (]: Applying DROP to: "m5_demand_forecast"."dbo"."stg_calendar__dbt_backup"
[0m21:43:35.072550 [debug] [Thread-1 (]: dbt-sqlserver
[0m21:43:35.072550 [debug] [Thread-1 (]: Using sqlserver connection "model.sales_algorithm.stg_calendar"
[0m21:43:35.074658 [debug] [Thread-1 (]: On model.sales_algorithm.stg_calendar: /* {"app": "dbt", "dbt_version": "1.12.5", "profile_name": "sales_algorithm", "target_name": "dev", "node_id": "model.sales_algorithm.stg_calendar"} */

        USE [m5_demand_forecast];
        select
            sch.name as schema_name,
            obj.name as view_name
        from sys.sql_expression_dependencies refs with (nolock)
        inner join sys.objects obj with (nolock)
        on refs.referencing_id = obj.object_id
        inner join sys.schemas sch with (nolock)
        on obj.schema_id = sch.schema_id
        where refs.referenced_database_name = 'm5_demand_forecast'
        and refs.referenced_schema_name = 'dbo'
        and refs.referenced_entity_name = 'stg_calendar__dbt_backup'
        and obj.type = 'V'
        
    OPTION (LABEL = 'dbt-sqlserver');

      
[0m21:43:35.088144 [debug] [Thread-1 (]: SQL status: OK in 0.000 seconds
[0m21:43:35.091653 [debug] [Thread-1 (]: Using sqlserver connection "model.sales_algorithm.stg_calendar"
[0m21:43:35.091653 [debug] [Thread-1 (]: On model.sales_algorithm.stg_calendar: /* {"app": "dbt", "dbt_version": "1.12.5", "profile_name": "sales_algorithm", "target_name": "dev", "node_id": "model.sales_algorithm.stg_calendar"} */

      
      
    
    USE [m5_demand_forecast];
    EXEC('DROP view IF EXISTS "dbo"."stg_calendar__dbt_backup";');

[0m21:43:35.092654 [debug] [Thread-1 (]: SQL status: OK in 0.000 seconds
[0m21:43:35.093653 [debug] [Thread-1 (]: On model.sales_algorithm.stg_calendar: Close
[0m21:43:35.093653 [debug] [Thread-1 (]: Sending event: {'category': 'dbt', 'action': 'run_model', 'label': '75622835-1129-4631-b815-3baf68f97921', 'context': [<snowplow_tracker.self_describing_json.SelfDescribingJson object at 0x0000020B4C78C9E0>]}
[0m21:43:35.094653 [info ] [Thread-1 (]: 8 of 11 OK created sql view model dbo.stg_calendar ............................. [[32mOK[0m in 0.06s]
[0m21:43:35.095654 [debug] [Thread-1 (]: Finished running node model.sales_algorithm.stg_calendar
[0m21:43:35.095654 [debug] [Thread-4 (]: Began running node test.sales_algorithm.not_null_stg_calendar_calendar_date.707ce7d208
[0m21:43:35.096653 [debug] [Thread-2 (]: Began running node test.sales_algorithm.not_null_stg_calendar_day_id.fc4ecfa78f
[0m21:43:35.096653 [debug] [Thread-3 (]: Began running node test.sales_algorithm.unique_stg_calendar_calendar_date.430e8817c5
[0m21:43:35.096653 [info ] [Thread-4 (]: 9 of 11 START test not_null_stg_calendar_calendar_date ......................... [RUN]
[0m21:43:35.098159 [debug] [Thread-4 (]: Re-using an available connection from the pool (formerly test.sales_algorithm.not_null_my_first_dbt_model_id.5fb22c2710, now test.sales_algorithm.not_null_stg_calendar_calendar_date.707ce7d208)
[0m21:43:35.097655 [info ] [Thread-2 (]: 10 of 11 START test not_null_stg_calendar_day_id ............................... [RUN]
[0m21:43:35.099166 [debug] [Thread-4 (]: Began compiling node test.sales_algorithm.not_null_stg_calendar_calendar_date.707ce7d208
[0m21:43:35.099166 [debug] [Thread-2 (]: Re-using an available connection from the pool (formerly seed.sales_algorithm.calendar, now test.sales_algorithm.not_null_stg_calendar_day_id.fc4ecfa78f)
[0m21:43:35.098159 [info ] [Thread-3 (]: 11 of 11 START test unique_stg_calendar_calendar_date .......................... [RUN]
[0m21:43:35.105669 [debug] [Thread-4 (]: Writing injected SQL for node "test.sales_algorithm.not_null_stg_calendar_calendar_date.707ce7d208"
[0m21:43:35.105669 [debug] [Thread-2 (]: Began compiling node test.sales_algorithm.not_null_stg_calendar_day_id.fc4ecfa78f
[0m21:43:35.106672 [debug] [Thread-3 (]: Re-using an available connection from the pool (formerly test.sales_algorithm.unique_my_first_dbt_model_id.16e066b321, now test.sales_algorithm.unique_stg_calendar_calendar_date.430e8817c5)
[0m21:43:35.113174 [debug] [Thread-2 (]: Writing injected SQL for node "test.sales_algorithm.not_null_stg_calendar_day_id.fc4ecfa78f"
[0m21:43:35.113174 [debug] [Thread-3 (]: Began compiling node test.sales_algorithm.unique_stg_calendar_calendar_date.430e8817c5
[0m21:43:35.119802 [debug] [Thread-3 (]: Writing injected SQL for node "test.sales_algorithm.unique_stg_calendar_calendar_date.430e8817c5"
[0m21:43:35.120798 [debug] [Thread-4 (]: Began executing node test.sales_algorithm.not_null_stg_calendar_calendar_date.707ce7d208
[0m21:43:35.121769 [debug] [Thread-4 (]: Writing runtime sql for node "test.sales_algorithm.not_null_stg_calendar_calendar_date.707ce7d208"
[0m21:43:35.124282 [debug] [Thread-3 (]: Began executing node test.sales_algorithm.unique_stg_calendar_calendar_date.430e8817c5
[0m21:43:35.125281 [debug] [Thread-3 (]: Writing runtime sql for node "test.sales_algorithm.unique_stg_calendar_calendar_date.430e8817c5"
[0m21:43:35.126279 [debug] [Thread-2 (]: Began executing node test.sales_algorithm.not_null_stg_calendar_day_id.fc4ecfa78f
[0m21:43:35.127784 [debug] [Thread-2 (]: Writing runtime sql for node "test.sales_algorithm.not_null_stg_calendar_day_id.fc4ecfa78f"
[0m21:43:35.128791 [debug] [Thread-4 (]: Using sqlserver connection "test.sales_algorithm.not_null_stg_calendar_calendar_date.707ce7d208"
[0m21:43:35.128791 [debug] [Thread-4 (]: On test.sales_algorithm.not_null_stg_calendar_calendar_date.707ce7d208: /* {"app": "dbt", "dbt_version": "1.12.5", "profile_name": "sales_algorithm", "target_name": "dev", "node_id": "test.sales_algorithm.not_null_stg_calendar_calendar_date.707ce7d208"} */

    
    -- Create target schema if it does not
  USE [m5_demand_forecast];
  IF NOT EXISTS (SELECT * FROM sys.schemas WHERE name = 'dbo')
  BEGIN
    EXEC('CREATE SCHEMA [dbo]')
  END

  

  
  EXEC('create view 
    [dbo].[testview_dbba0810dae1ca41910466ecfbe890c5_10692]
   as 
    
    
    



select calendar_date
from "m5_demand_forecast"."dbo"."stg_calendar"
where calendar_date is null



  ;')
  select
    
    count(*) as failures,
    case when count(*) != 0
      then 'true' else 'false' end as should_warn,
    case when count(*) != 0
      then 'true' else 'false' end as should_error
  from (
    select * from 
    [dbo].[testview_dbba0810dae1ca41910466ecfbe890c5_10692]
  
  ) dbt_internal_test;

  EXEC('drop view 
    [dbo].[testview_dbba0810dae1ca41910466ecfbe890c5_10692]
  ;')
[0m21:43:35.128791 [debug] [Thread-4 (]: Opening a new connection, currently in state closed
[0m21:43:35.129795 [debug] [Thread-3 (]: Using sqlserver connection "test.sales_algorithm.unique_stg_calendar_calendar_date.430e8817c5"
[0m21:43:35.129795 [debug] [Thread-4 (]: sqlserver adapter: Using connection string: DRIVER={ODBC Driver 18 for SQL Server};SERVER=DESKTOP-86BL51K,1433;Database=m5_demand_forecast;UID=***;PWD=***;encrypt=Yes;TrustServerCertificate=Yes;APP=dbt-sqlserver/1.11.1;Pooling=true;SQL_ATTR_TRACE=SQL_OPT_TRACE_OFF;ConnectRetryCount=3;ConnectRetryInterval=10
[0m21:43:35.129795 [debug] [Thread-3 (]: On test.sales_algorithm.unique_stg_calendar_calendar_date.430e8817c5: /* {"app": "dbt", "dbt_version": "1.12.5", "profile_name": "sales_algorithm", "target_name": "dev", "node_id": "test.sales_algorithm.unique_stg_calendar_calendar_date.430e8817c5"} */

    
    -- Create target schema if it does not
  USE [m5_demand_forecast];
  IF NOT EXISTS (SELECT * FROM sys.schemas WHERE name = 'dbo')
  BEGIN
    EXEC('CREATE SCHEMA [dbo]')
  END

  

  
  EXEC('create view 
    [dbo].[testview_7aef47c8e71140425612f660ef8557b5_7014]
   as 
    
    
    

select
    calendar_date as unique_field,
    count(*) as n_records

from "m5_demand_forecast"."dbo"."stg_calendar"
where calendar_date is not null
group by calendar_date
having count(*) > 1



  ;')
  select
    
    count(*) as failures,
    case when count(*) != 0
      then 'true' else 'false' end as should_warn,
    case when count(*) != 0
      then 'true' else 'false' end as should_error
  from (
    select * from 
    [dbo].[testview_7aef47c8e71140425612f660ef8557b5_7014]
  
  ) dbt_internal_test;

  EXEC('drop view 
    [dbo].[testview_7aef47c8e71140425612f660ef8557b5_7014]
  ;')
[0m21:43:35.131299 [debug] [Thread-4 (]: sqlserver adapter: Connected to db: m5_demand_forecast
[0m21:43:35.131816 [debug] [Thread-3 (]: Opening a new connection, currently in state closed
[0m21:43:35.131816 [debug] [Thread-2 (]: Using sqlserver connection "test.sales_algorithm.not_null_stg_calendar_day_id.fc4ecfa78f"
[0m21:43:35.131816 [debug] [Thread-3 (]: sqlserver adapter: Using connection string: DRIVER={ODBC Driver 18 for SQL Server};SERVER=DESKTOP-86BL51K,1433;Database=m5_demand_forecast;UID=***;PWD=***;encrypt=Yes;TrustServerCertificate=Yes;APP=dbt-sqlserver/1.11.1;Pooling=true;SQL_ATTR_TRACE=SQL_OPT_TRACE_OFF;ConnectRetryCount=3;ConnectRetryInterval=10
[0m21:43:35.132823 [debug] [Thread-2 (]: On test.sales_algorithm.not_null_stg_calendar_day_id.fc4ecfa78f: /* {"app": "dbt", "dbt_version": "1.12.5", "profile_name": "sales_algorithm", "target_name": "dev", "node_id": "test.sales_algorithm.not_null_stg_calendar_day_id.fc4ecfa78f"} */

    
    -- Create target schema if it does not
  USE [m5_demand_forecast];
  IF NOT EXISTS (SELECT * FROM sys.schemas WHERE name = 'dbo')
  BEGIN
    EXEC('CREATE SCHEMA [dbo]')
  END

  

  
  EXEC('create view 
    [dbo].[testview_2e0a50f7e92c89efc3f720c7a6ce31b6_4443]
   as 
    
    
    



select day_id
from "m5_demand_forecast"."dbo"."stg_calendar"
where day_id is null



  ;')
  select
    
    count(*) as failures,
    case when count(*) != 0
      then 'true' else 'false' end as should_warn,
    case when count(*) != 0
      then 'true' else 'false' end as should_error
  from (
    select * from 
    [dbo].[testview_2e0a50f7e92c89efc3f720c7a6ce31b6_4443]
  
  ) dbt_internal_test;

  EXEC('drop view 
    [dbo].[testview_2e0a50f7e92c89efc3f720c7a6ce31b6_4443]
  ;')
[0m21:43:35.132823 [debug] [Thread-3 (]: sqlserver adapter: Connected to db: m5_demand_forecast
[0m21:43:35.132823 [debug] [Thread-2 (]: Opening a new connection, currently in state closed
[0m21:43:35.134332 [debug] [Thread-2 (]: sqlserver adapter: Using connection string: DRIVER={ODBC Driver 18 for SQL Server};SERVER=DESKTOP-86BL51K,1433;Database=m5_demand_forecast;UID=***;PWD=***;encrypt=Yes;TrustServerCertificate=Yes;APP=dbt-sqlserver/1.11.1;Pooling=true;SQL_ATTR_TRACE=SQL_OPT_TRACE_OFF;ConnectRetryCount=3;ConnectRetryInterval=10
[0m21:43:35.136339 [debug] [Thread-2 (]: sqlserver adapter: Connected to db: m5_demand_forecast
[0m21:43:35.138850 [debug] [Thread-4 (]: SQL status: OK in 0.000 seconds
[0m21:43:35.140360 [debug] [Thread-4 (]: On test.sales_algorithm.not_null_stg_calendar_calendar_date.707ce7d208: ROLLBACK
[0m21:43:35.141371 [debug] [Thread-3 (]: SQL status: OK in 0.000 seconds
[0m21:43:35.141371 [debug] [Thread-4 (]: On test.sales_algorithm.not_null_stg_calendar_calendar_date.707ce7d208: Close
[0m21:43:35.143369 [debug] [Thread-3 (]: On test.sales_algorithm.unique_stg_calendar_calendar_date.430e8817c5: ROLLBACK
[0m21:43:35.143369 [info ] [Thread-4 (]: 9 of 11 PASS not_null_stg_calendar_calendar_date ............................... [[32mPASS[0m in 0.04s]
[0m21:43:35.143369 [debug] [Thread-3 (]: On test.sales_algorithm.unique_stg_calendar_calendar_date.430e8817c5: Close
[0m21:43:35.144370 [debug] [Thread-4 (]: Finished running node test.sales_algorithm.not_null_stg_calendar_calendar_date.707ce7d208
[0m21:43:35.145371 [info ] [Thread-3 (]: 11 of 11 PASS unique_stg_calendar_calendar_date ................................ [[32mPASS[0m in 0.04s]
[0m21:43:35.145371 [debug] [Thread-3 (]: Finished running node test.sales_algorithm.unique_stg_calendar_calendar_date.430e8817c5
[0m21:43:35.146367 [debug] [Thread-2 (]: SQL status: OK in 0.000 seconds
[0m21:43:35.147872 [debug] [Thread-2 (]: On test.sales_algorithm.not_null_stg_calendar_day_id.fc4ecfa78f: ROLLBACK
[0m21:43:35.147872 [debug] [Thread-2 (]: On test.sales_algorithm.not_null_stg_calendar_day_id.fc4ecfa78f: Close
[0m21:43:35.147872 [info ] [Thread-2 (]: 10 of 11 PASS not_null_stg_calendar_day_id ..................................... [[32mPASS[0m in 0.05s]
[0m21:43:35.148877 [debug] [Thread-2 (]: Finished running node test.sales_algorithm.not_null_stg_calendar_day_id.fc4ecfa78f
[0m21:43:35.149955 [debug] [MainThread]: On master: COMMIT
[0m21:43:35.150956 [debug] [MainThread]: Connection 'master' was properly closed.
[0m21:43:35.150956 [debug] [MainThread]: Connection 'list_m5_demand_forecast' was properly closed.
[0m21:43:35.150956 [debug] [MainThread]: Connection 'list_m5_demand_forecast_dbo' was properly closed.
[0m21:43:35.150956 [debug] [MainThread]: Connection 'model.sales_algorithm.stg_calendar' was properly closed.
[0m21:43:35.151957 [debug] [MainThread]: Connection 'test.sales_algorithm.not_null_stg_calendar_day_id.fc4ecfa78f' was properly closed.
[0m21:43:35.151957 [debug] [MainThread]: Connection 'test.sales_algorithm.not_null_stg_calendar_calendar_date.707ce7d208' was properly closed.
[0m21:43:35.151957 [debug] [MainThread]: Connection 'test.sales_algorithm.unique_stg_calendar_calendar_date.430e8817c5' was properly closed.
[0m21:43:35.152956 [info ] [MainThread]: 
[0m21:43:35.152956 [info ] [MainThread]: Finished running 1 seed, 1 table model, 7 data tests, 2 view models in 0 hours 0 minutes and 5.32 seconds (5.32s).
[0m21:43:35.154461 [debug] [MainThread]: Command end result
[0m21:43:35.188029 [debug] [MainThread]: Wrote artifact WritableManifest to C:\Users\skatm\DE\BI-DEV\projects\Project - sales algorithm\target\manifest.json
[0m21:43:35.192541 [debug] [MainThread]: Wrote artifact SemanticManifest to C:\Users\skatm\DE\BI-DEV\projects\Project - sales algorithm\target\semantic_manifest.json
[0m21:43:35.196545 [debug] [MainThread]: Wrote artifact OsiDocument to C:\Users\skatm\DE\BI-DEV\projects\Project - sales algorithm\target\osi_document.json
[0m21:43:35.203098 [debug] [MainThread]: Wrote artifact RunExecutionResult to C:\Users\skatm\DE\BI-DEV\projects\Project - sales algorithm\target\run_results.json
[0m21:43:35.203098 [info ] [MainThread]: 
[0m21:43:35.203098 [info ] [MainThread]: [31mCompleted with 1 error, 0 partial successes, and 0 warnings:[0m
[0m21:43:35.204602 [info ] [MainThread]: 
[0m21:43:35.204602 [error] [MainThread]: [[31mERROR[0m]: in test not_null_my_first_dbt_model_id (models\example\schema.yml)
[0m21:43:35.205608 [error] [MainThread]:   Got 1 result, configured to fail if != 0
[0m21:43:35.205608 [info ] [MainThread]: 
[0m21:43:35.205608 [info ] [MainThread]:   compiled code at target\compiled\sales_algorithm\models\example\schema.yml\not_null_my_first_dbt_model_id.sql
[0m21:43:35.206608 [info ] [MainThread]: 
[0m21:43:35.206608 [info ] [MainThread]: Done. PASS=7 WARN=0 ERROR=1 SKIP=3 NO-OP=0 REUSED=0 TOTAL=11
[0m21:43:35.208122 [debug] [MainThread]: Command `dbt build` failed at 21:43:35.208122 after 9.65 seconds
[0m21:43:35.208122 [debug] [MainThread]: Sending event: {'category': 'dbt', 'action': 'invocation', 'label': 'end', 'context': [<snowplow_tracker.self_describing_json.SelfDescribingJson object at 0x0000020B4C596C30>, <snowplow_tracker.self_describing_json.SelfDescribingJson object at 0x0000020B4C98F380>, <snowplow_tracker.self_describing_json.SelfDescribingJson object at 0x0000020B4C434710>]}
[0m21:43:35.209132 [debug] [MainThread]: Flushing usage events
[0m21:43:36.207609 [debug] [MainThread]: An error was encountered while trying to flush usage events
[0m21:45:27.257329 [debug] [MainThread]: Sending event: {'category': 'dbt', 'action': 'invocation', 'label': 'start', 'context': [<snowplow_tracker.self_describing_json.SelfDescribingJson object at 0x000001BD75FE9460>, <snowplow_tracker.self_describing_json.SelfDescribingJson object at 0x000001BD7533A3F0>, <snowplow_tracker.self_describing_json.SelfDescribingJson object at 0x000001BD72604F50>]}


============================== 21:45:27.261340 | 593a954d-bb32-4d76-8e88-981e23dbf2e2 ==============================
[0m21:45:27.261340 [info ] [MainThread]: Running with dbt=1.12.5
[0m21:45:27.262339 [debug] [MainThread]: running dbt with arguments {'version_check': 'True', 'no_print': 'None', 'maximum_seed_size_mib': '1', 'target_path': 'None', 'static_parser': 'True', 'warn_error_options': 'WarnErrorOptionsV2(error=[], warn=[], silence=[])', 'printer_width': '80', 'write_json': 'True', 'introspect': 'True', 'log_cache_events': 'False', 'empty': 'False', 'cache_selected_only': 'False', 'log_format': 'default', 'debug': 'False', 'fail_fast': 'False', 'partial_parse': 'True', 'send_anonymous_usage_stats': 'True', 'quiet': 'False', 'warn_error': 'None', 'profiles_dir': 'C:\\Users\\skatm\\.dbt', 'indirect_selection': 'eager', 'hints_enabled': 'True', 'invocation_command': 'dbt build', 'use_experimental_parser': 'False', 'use_colors': 'True', 'log_path': 'C:\\Users\\skatm\\DE\\BI-DEV\\projects\\Project - sales algorithm\\logs'}
[0m21:45:27.578173 [debug] [MainThread]: Sending event: {'category': 'dbt', 'action': 'project_id', 'label': '593a954d-bb32-4d76-8e88-981e23dbf2e2', 'context': [<snowplow_tracker.self_describing_json.SelfDescribingJson object at 0x000001BD70EE78F0>]}
[0m21:45:27.648510 [debug] [MainThread]: Sending event: {'category': 'dbt', 'action': 'adapter_info', 'label': '593a954d-bb32-4d76-8e88-981e23dbf2e2', 'context': [<snowplow_tracker.self_describing_json.SelfDescribingJson object at 0x000001BD7672A000>]}
[0m21:45:27.648510 [info ] [MainThread]: Registered adapter: sqlserver=1.11.1
[0m21:45:28.067356 [warn ] [MainThread]: [[33mWARNING[0m]: When True, uses SQL Server-native string type mappings: STRING -> VARCHAR(MAX), NCHAR -> NCHAR(1), NVARCHAR -> NVARCHAR(4000). When False (default), preserves legacy mappings: STRING and NVARCHAR -> VARCHAR(8000), NCHAR -> CHAR(1). The new behaviour is intended to become the default in a future release.
You may opt into the new behavior sooner by setting `flags.dbt_sqlserver_use_native_string_types` to `True` in `dbt_project.yml`.
Visit https://docs.getdbt.com/reference/global-configs/behavior-changes for more information.
[0m21:45:28.067356 [debug] [MainThread]: Sending event: {'category': 'dbt', 'action': 'BehaviorChangeEvent', 'label': '593a954d-bb32-4d76-8e88-981e23dbf2e2', 'context': [<snowplow_tracker.self_describing_json.SelfDescribingJson object at 0x000001BD761C18E0>]}
[0m21:45:28.068860 [warn ] [MainThread]: [[33mWARNING[0m]: When True, dbt transaction hooks (begin/commit) emit real T-SQL BEGIN TRANSACTION / COMMIT TRANSACTION statements. When False (default and legacy), begin/commit are no-ops and each statement is auto-committed by the driver. This means earlier successful statements are not rolled back if a later statement fails. This behavior is intended to become the default in a future release.
You may opt into the new behavior sooner by setting `flags.dbt_sqlserver_use_dbt_transactions` to `True` in `dbt_project.yml`.
Visit https://docs.getdbt.com/reference/global-configs/behavior-changes for more information.
[0m21:45:28.069373 [debug] [MainThread]: Sending event: {'category': 'dbt', 'action': 'BehaviorChangeEvent', 'label': '593a954d-bb32-4d76-8e88-981e23dbf2e2', 'context': [<snowplow_tracker.self_describing_json.SelfDescribingJson object at 0x000001BD76821280>]}
[0m21:45:28.077382 [debug] [MainThread]: checksum: cd6543364d7b120badd80f636aba583e14fb1266f6e14d9719facae820df7d04, vars: {}, profile: sales_algorithm, target: dev, version: 1.12.5
[0m21:45:28.278261 [debug] [MainThread]: Partial parsing enabled: 3 files deleted, 0 files added, 0 files changed.
[0m21:45:28.278261 [debug] [MainThread]: Partial parsing: deleted file: sales_algorithm://models\example\my_first_dbt_model.sql
[0m21:45:28.279261 [debug] [MainThread]: Partial parsing: deleted file: sales_algorithm://models\example\my_second_dbt_model.sql
[0m21:45:28.361191 [warn ] [MainThread]: [[33mWARNING[0m]: Configuration paths exist in your dbt_project.yml file which do not apply to any resources.
There are 1 unused configuration paths:
- models.sales_algorithm.example
[0m21:45:28.364192 [debug] [MainThread]: Sending event: {'category': 'dbt', 'action': 'load_project', 'label': '593a954d-bb32-4d76-8e88-981e23dbf2e2', 'context': [<snowplow_tracker.self_describing_json.SelfDescribingJson object at 0x000001BD76866120>]}
[0m21:45:28.496453 [debug] [MainThread]: Wrote artifact WritableManifest to C:\Users\skatm\DE\BI-DEV\projects\Project - sales algorithm\target\manifest.json
[0m21:45:28.500670 [debug] [MainThread]: Wrote artifact SemanticManifest to C:\Users\skatm\DE\BI-DEV\projects\Project - sales algorithm\target\semantic_manifest.json
[0m21:45:28.525919 [debug] [MainThread]: Wrote artifact OsiDocument to C:\Users\skatm\DE\BI-DEV\projects\Project - sales algorithm\target\osi_document.json
[0m21:45:28.553106 [debug] [MainThread]: Sending event: {'category': 'dbt', 'action': 'resource_counts', 'label': '593a954d-bb32-4d76-8e88-981e23dbf2e2', 'context': [<snowplow_tracker.self_describing_json.SelfDescribingJson object at 0x000001BD769F4AD0>]}
[0m21:45:28.553106 [info ] [MainThread]: Found 1 model, 1 seed, 3 data tests, 556 macros
[0m21:45:28.555111 [info ] [MainThread]: 
[0m21:45:28.556112 [info ] [MainThread]: Concurrency: 4 threads (target='dev')
[0m21:45:28.556112 [info ] [MainThread]: 
[0m21:45:28.557112 [debug] [MainThread]: Acquiring new sqlserver connection 'master'
[0m21:45:28.562011 [debug] [ThreadPool]: Acquiring new sqlserver connection 'list_m5_demand_forecast'
[0m21:45:28.586068 [debug] [ThreadPool]: dbt-sqlserver
[0m21:45:28.588582 [debug] [ThreadPool]: Using sqlserver connection "list_m5_demand_forecast"
[0m21:45:28.588582 [debug] [ThreadPool]: On list_m5_demand_forecast: /* {"app": "dbt", "dbt_version": "1.12.5", "profile_name": "sales_algorithm", "target_name": "dev", "connection_name": "list_m5_demand_forecast"} */
USE [m5_demand_forecast];
    select  name as [schema]
    from sys.schemas with (nolock) 
    OPTION (LABEL = 'dbt-sqlserver');

  
[0m21:45:28.589581 [debug] [ThreadPool]: Opening a new connection, currently in state init
[0m21:45:28.593091 [debug] [ThreadPool]: sqlserver adapter: Using connection string: DRIVER={ODBC Driver 18 for SQL Server};SERVER=DESKTOP-86BL51K,1433;Database=m5_demand_forecast;UID=***;PWD=***;encrypt=Yes;TrustServerCertificate=Yes;APP=dbt-sqlserver/1.11.1;Pooling=true;SQL_ATTR_TRACE=SQL_OPT_TRACE_OFF;ConnectRetryCount=3;ConnectRetryInterval=10
[0m21:45:28.701664 [debug] [ThreadPool]: sqlserver adapter: Connected to db: m5_demand_forecast
[0m21:45:28.707680 [debug] [ThreadPool]: SQL status: OK in 0.000 seconds
[0m21:45:28.710192 [debug] [ThreadPool]: On list_m5_demand_forecast: Close
[0m21:45:28.711191 [debug] [ThreadPool]: Acquiring new sqlserver connection 'list_m5_demand_forecast_dbo'
[0m21:45:28.716702 [debug] [ThreadPool]: dbt-sqlserver
[0m21:45:28.716702 [debug] [ThreadPool]: Using sqlserver connection "list_m5_demand_forecast_dbo"
[0m21:45:28.717703 [debug] [ThreadPool]: On list_m5_demand_forecast_dbo: /* {"app": "dbt", "dbt_version": "1.12.5", "profile_name": "sales_algorithm", "target_name": "dev", "connection_name": "list_m5_demand_forecast_dbo"} */
USE [m5_demand_forecast];
    declare @schema_id int = schema_id('dbo');
    select
      DB_NAME() as [database],
      t.name as [name],
      'dbo' as [schema],
      'table' as table_type
    from sys.tables as t with (nolock)
    where t.schema_id = @schema_id
    union all
    select
      DB_NAME() as [database],
      v.name as [name],
      'dbo' as [schema],
      'view' as table_type
    from sys.views as v with (nolock)
    where v.schema_id = @schema_id
    
    OPTION (LABEL = 'dbt-sqlserver');

  
[0m21:45:28.717703 [debug] [ThreadPool]: Opening a new connection, currently in state init
[0m21:45:28.717703 [debug] [ThreadPool]: sqlserver adapter: Using connection string: DRIVER={ODBC Driver 18 for SQL Server};SERVER=DESKTOP-86BL51K,1433;Database=m5_demand_forecast;UID=***;PWD=***;encrypt=Yes;TrustServerCertificate=Yes;APP=dbt-sqlserver/1.11.1;Pooling=true;SQL_ATTR_TRACE=SQL_OPT_TRACE_OFF;ConnectRetryCount=3;ConnectRetryInterval=10
[0m21:45:28.717703 [debug] [ThreadPool]: sqlserver adapter: Connected to db: m5_demand_forecast
[0m21:45:28.744355 [debug] [ThreadPool]: SQL status: OK in 0.000 seconds
[0m21:45:28.745354 [debug] [ThreadPool]: On list_m5_demand_forecast_dbo: ROLLBACK
[0m21:45:28.746353 [debug] [ThreadPool]: On list_m5_demand_forecast_dbo: Close
[0m21:45:28.747355 [debug] [MainThread]: Sending event: {'category': 'dbt', 'action': 'runnable_timing', 'label': '593a954d-bb32-4d76-8e88-981e23dbf2e2', 'context': [<snowplow_tracker.self_describing_json.SelfDescribingJson object at 0x000001BD76635E80>]}
[0m21:45:28.747355 [debug] [MainThread]: On master: COMMIT
[0m21:45:28.752425 [debug] [Thread-1 (]: Began running node seed.sales_algorithm.calendar
[0m21:45:28.752425 [info ] [Thread-1 (]: 1 of 5 START seed file dbo.calendar ............................................ [RUN]
[0m21:45:28.752425 [debug] [Thread-1 (]: Acquiring new sqlserver connection 'seed.sales_algorithm.calendar'
[0m21:45:28.753929 [debug] [Thread-1 (]: Began compiling node seed.sales_algorithm.calendar
[0m21:45:28.753929 [debug] [Thread-1 (]: Began executing node seed.sales_algorithm.calendar
[0m21:45:28.869178 [debug] [Thread-1 (]: Using sqlserver connection "seed.sales_algorithm.calendar"
[0m21:45:28.870182 [debug] [Thread-1 (]: On seed.sales_algorithm.calendar: /* {"app": "dbt", "dbt_version": "1.12.5", "profile_name": "sales_algorithm", "target_name": "dev", "node_id": "seed.sales_algorithm.calendar"} */
truncate table "m5_demand_forecast"."dbo"."calendar"
[0m21:45:28.870182 [debug] [Thread-1 (]: Opening a new connection, currently in state init
[0m21:45:28.871182 [debug] [Thread-1 (]: sqlserver adapter: Using connection string: DRIVER={ODBC Driver 18 for SQL Server};SERVER=DESKTOP-86BL51K,1433;Database=m5_demand_forecast;UID=***;PWD=***;encrypt=Yes;TrustServerCertificate=Yes;APP=dbt-sqlserver/1.11.1;Pooling=true;SQL_ATTR_TRACE=SQL_OPT_TRACE_OFF;ConnectRetryCount=3;ConnectRetryInterval=10
[0m21:45:28.874183 [debug] [Thread-1 (]: sqlserver adapter: Connected to db: m5_demand_forecast
[0m21:45:28.877222 [debug] [Thread-1 (]: SQL status: OK in 0.000 seconds
[0m21:45:28.892659 [debug] [Thread-1 (]: Inserting batches of 149 records
[0m21:45:29.183982 [debug] [Thread-1 (]: Using sqlserver connection "seed.sales_algorithm.calendar"
[0m21:45:29.184981 [debug] [Thread-1 (]: On seed.sales_algorithm.calendar: 
          insert into "m5_demand_forecast"."dbo"."calendar" ("date", "wm_yr_wk", "weekday", "wday", "month", "year", "d", "event_name_1", "event_type_1", "event_name_2", "event_type_2", "snap_CA", "snap_TX", "snap_WI") values (?, ?, ?, ?, ?, ?, ?, null, null, null, null, ?, ?, ?), (?, ?, ?, ?, ?, ?, ?, null, null, null, null, ?, ?, ?), (?, ?, ?, ?, ?, ?, ?, null, null, null, null, ?, ?, ?), (?, ?, ?, ?, ?, ?, ?, null, null, null, null, ?, ?, ?), (?, ?, ?, ?, ?, ?, ?, null, null, null, null, ?, ?, ?), (?, ?...
[0m21:45:29.242571 [debug] [Thread-1 (]: SQL status: OK in 0.000 seconds
[0m21:45:29.515077 [debug] [Thread-1 (]: Using sqlserver connection "seed.sales_algorithm.calendar"
[0m21:45:29.515077 [debug] [Thread-1 (]: On seed.sales_algorithm.calendar: 
          insert into "m5_demand_forecast"."dbo"."calendar" ("date", "wm_yr_wk", "weekday", "wday", "month", "year", "d", "event_name_1", "event_type_1", "event_name_2", "event_type_2", "snap_CA", "snap_TX", "snap_WI") values (?, ?, ?, ?, ?, ?, ?, null, null, null, null, ?, ?, ?), (?, ?, ?, ?, ?, ?, ?, null, null, null, null, ?, ?, ?), (?, ?, ?, ?, ?, ?, ?, null, null, null, null, ?, ?, ?), (?, ?, ?, ?, ?, ?, ?, null, null, null, null, ?, ?, ?), (?, ?, ?, ?, ?, ?, ?, null, null, null, null, ?, ?, ?), (?, ?...
[0m21:45:29.578040 [debug] [Thread-1 (]: SQL status: OK in 0.000 seconds
[0m21:45:29.853970 [debug] [Thread-1 (]: Using sqlserver connection "seed.sales_algorithm.calendar"
[0m21:45:29.854975 [debug] [Thread-1 (]: On seed.sales_algorithm.calendar: 
          insert into "m5_demand_forecast"."dbo"."calendar" ("date", "wm_yr_wk", "weekday", "wday", "month", "year", "d", "event_name_1", "event_type_1", "event_name_2", "event_type_2", "snap_CA", "snap_TX", "snap_WI") values (?, ?, ?, ?, ?, ?, ?, null, null, null, null, ?, ?, ?), (?, ?, ?, ?, ?, ?, ?, ?, ?, null, null, ?, ?, ?), (?, ?, ?, ?, ?, ?, ?, null, null, null, null, ?, ?, ?), (?, ?, ?, ?, ?, ?, ?, null, null, null, null, ?, ?, ?), (?, ?, ?, ?, ?, ?, ?, null, null, null, null, ?, ?, ?), (?, ?, ?, ?...
[0m21:45:29.912862 [debug] [Thread-1 (]: SQL status: OK in 0.000 seconds
[0m21:45:30.184145 [debug] [Thread-1 (]: Using sqlserver connection "seed.sales_algorithm.calendar"
[0m21:45:30.184145 [debug] [Thread-1 (]: On seed.sales_algorithm.calendar: 
          insert into "m5_demand_forecast"."dbo"."calendar" ("date", "wm_yr_wk", "weekday", "wday", "month", "year", "d", "event_name_1", "event_type_1", "event_name_2", "event_type_2", "snap_CA", "snap_TX", "snap_WI") values (?, ?, ?, ?, ?, ?, ?, null, null, null, null, ?, ?, ?), (?, ?, ?, ?, ?, ?, ?, null, null, null, null, ?, ?, ?), (?, ?, ?, ?, ?, ?, ?, null, null, null, null, ?, ?, ?), (?, ?, ?, ?, ?, ?, ?, null, null, null, null, ?, ?, ?), (?, ?, ?, ?, ?, ?, ?, null, null, null, null, ?, ?, ?), (?, ?...
[0m21:45:30.240398 [debug] [Thread-1 (]: SQL status: OK in 0.000 seconds
[0m21:45:30.513116 [debug] [Thread-1 (]: Using sqlserver connection "seed.sales_algorithm.calendar"
[0m21:45:30.513116 [debug] [Thread-1 (]: On seed.sales_algorithm.calendar: 
          insert into "m5_demand_forecast"."dbo"."calendar" ("date", "wm_yr_wk", "weekday", "wday", "month", "year", "d", "event_name_1", "event_type_1", "event_name_2", "event_type_2", "snap_CA", "snap_TX", "snap_WI") values (?, ?, ?, ?, ?, ?, ?, null, null, null, null, ?, ?, ?), (?, ?, ?, ?, ?, ?, ?, null, null, null, null, ?, ?, ?), (?, ?, ?, ?, ?, ?, ?, null, null, null, null, ?, ?, ?), (?, ?, ?, ?, ?, ?, ?, null, null, null, null, ?, ?, ?), (?, ?, ?, ?, ?, ?, ?, null, null, null, null, ?, ?, ?), (?, ?...
[0m21:45:30.575245 [debug] [Thread-1 (]: SQL status: OK in 0.000 seconds
[0m21:45:30.856908 [debug] [Thread-1 (]: Using sqlserver connection "seed.sales_algorithm.calendar"
[0m21:45:30.856908 [debug] [Thread-1 (]: On seed.sales_algorithm.calendar: 
          insert into "m5_demand_forecast"."dbo"."calendar" ("date", "wm_yr_wk", "weekday", "wday", "month", "year", "d", "event_name_1", "event_type_1", "event_name_2", "event_type_2", "snap_CA", "snap_TX", "snap_WI") values (?, ?, ?, ?, ?, ?, ?, null, null, null, null, ?, ?, ?), (?, ?, ?, ?, ?, ?, ?, ?, ?, null, null, ?, ?, ?), (?, ?, ?, ?, ?, ?, ?, ?, ?, null, null, ?, ?, ?), (?, ?, ?, ?, ?, ?, ?, null, null, null, null, ?, ?, ?), (?, ?, ?, ?, ?, ?, ?, null, null, null, null, ?, ?, ?), (?, ?, ?, ?, ?, ?...
[0m21:45:30.915665 [debug] [Thread-1 (]: SQL status: OK in 0.000 seconds
[0m21:45:31.200175 [debug] [Thread-1 (]: Using sqlserver connection "seed.sales_algorithm.calendar"
[0m21:45:31.201176 [debug] [Thread-1 (]: On seed.sales_algorithm.calendar: 
          insert into "m5_demand_forecast"."dbo"."calendar" ("date", "wm_yr_wk", "weekday", "wday", "month", "year", "d", "event_name_1", "event_type_1", "event_name_2", "event_type_2", "snap_CA", "snap_TX", "snap_WI") values (?, ?, ?, ?, ?, ?, ?, null, null, null, null, ?, ?, ?), (?, ?, ?, ?, ?, ?, ?, null, null, null, null, ?, ?, ?), (?, ?, ?, ?, ?, ?, ?, null, null, null, null, ?, ?, ?), (?, ?, ?, ?, ?, ?, ?, null, null, null, null, ?, ?, ?), (?, ?, ?, ?, ?, ?, ?, null, null, null, null, ?, ?, ?), (?, ?...
[0m21:45:31.257827 [debug] [Thread-1 (]: SQL status: OK in 0.000 seconds
[0m21:45:31.531249 [debug] [Thread-1 (]: Using sqlserver connection "seed.sales_algorithm.calendar"
[0m21:45:31.531249 [debug] [Thread-1 (]: On seed.sales_algorithm.calendar: 
          insert into "m5_demand_forecast"."dbo"."calendar" ("date", "wm_yr_wk", "weekday", "wday", "month", "year", "d", "event_name_1", "event_type_1", "event_name_2", "event_type_2", "snap_CA", "snap_TX", "snap_WI") values (?, ?, ?, ?, ?, ?, ?, null, null, null, null, ?, ?, ?), (?, ?, ?, ?, ?, ?, ?, null, null, null, null, ?, ?, ?), (?, ?, ?, ?, ?, ?, ?, null, null, null, null, ?, ?, ?), (?, ?, ?, ?, ?, ?, ?, null, null, null, null, ?, ?, ?), (?, ?, ?, ?, ?, ?, ?, null, null, null, null, ?, ?, ?), (?, ?...
[0m21:45:31.595051 [debug] [Thread-1 (]: SQL status: OK in 0.000 seconds
[0m21:45:31.874942 [debug] [Thread-1 (]: Using sqlserver connection "seed.sales_algorithm.calendar"
[0m21:45:31.874942 [debug] [Thread-1 (]: On seed.sales_algorithm.calendar: 
          insert into "m5_demand_forecast"."dbo"."calendar" ("date", "wm_yr_wk", "weekday", "wday", "month", "year", "d", "event_name_1", "event_type_1", "event_name_2", "event_type_2", "snap_CA", "snap_TX", "snap_WI") values (?, ?, ?, ?, ?, ?, ?, ?, ?, null, null, ?, ?, ?), (?, ?, ?, ?, ?, ?, ?, null, null, null, null, ?, ?, ?), (?, ?, ?, ?, ?, ?, ?, null, null, null, null, ?, ?, ?), (?, ?, ?, ?, ?, ?, ?, null, null, null, null, ?, ?, ?), (?, ?, ?, ?, ?, ?, ?, null, null, null, null, ?, ?, ?), (?, ?, ?, ?...
[0m21:45:31.929210 [debug] [Thread-1 (]: SQL status: OK in 0.000 seconds
[0m21:45:32.200268 [debug] [Thread-1 (]: Using sqlserver connection "seed.sales_algorithm.calendar"
[0m21:45:32.200268 [debug] [Thread-1 (]: On seed.sales_algorithm.calendar: 
          insert into "m5_demand_forecast"."dbo"."calendar" ("date", "wm_yr_wk", "weekday", "wday", "month", "year", "d", "event_name_1", "event_type_1", "event_name_2", "event_type_2", "snap_CA", "snap_TX", "snap_WI") values (?, ?, ?, ?, ?, ?, ?, null, null, null, null, ?, ?, ?), (?, ?, ?, ?, ?, ?, ?, null, null, null, null, ?, ?, ?), (?, ?, ?, ?, ?, ?, ?, null, null, null, null, ?, ?, ?), (?, ?, ?, ?, ?, ?, ?, ?, ?, null, null, ?, ?, ?), (?, ?, ?, ?, ?, ?, ?, null, null, null, null, ?, ?, ?), (?, ?, ?, ?...
[0m21:45:32.258512 [debug] [Thread-1 (]: SQL status: OK in 0.000 seconds
[0m21:45:32.531314 [debug] [Thread-1 (]: Using sqlserver connection "seed.sales_algorithm.calendar"
[0m21:45:32.531314 [debug] [Thread-1 (]: On seed.sales_algorithm.calendar: 
          insert into "m5_demand_forecast"."dbo"."calendar" ("date", "wm_yr_wk", "weekday", "wday", "month", "year", "d", "event_name_1", "event_type_1", "event_name_2", "event_type_2", "snap_CA", "snap_TX", "snap_WI") values (?, ?, ?, ?, ?, ?, ?, null, null, null, null, ?, ?, ?), (?, ?, ?, ?, ?, ?, ?, null, null, null, null, ?, ?, ?), (?, ?, ?, ?, ?, ?, ?, null, null, null, null, ?, ?, ?), (?, ?, ?, ?, ?, ?, ?, null, null, null, null, ?, ?, ?), (?, ?, ?, ?, ?, ?, ?, null, null, null, null, ?, ?, ?), (?, ?...
[0m21:45:32.590961 [debug] [Thread-1 (]: SQL status: OK in 0.000 seconds
[0m21:45:32.865048 [debug] [Thread-1 (]: Using sqlserver connection "seed.sales_algorithm.calendar"
[0m21:45:32.865048 [debug] [Thread-1 (]: On seed.sales_algorithm.calendar: 
          insert into "m5_demand_forecast"."dbo"."calendar" ("date", "wm_yr_wk", "weekday", "wday", "month", "year", "d", "event_name_1", "event_type_1", "event_name_2", "event_type_2", "snap_CA", "snap_TX", "snap_WI") values (?, ?, ?, ?, ?, ?, ?, null, null, null, null, ?, ?, ?), (?, ?, ?, ?, ?, ?, ?, null, null, null, null, ?, ?, ?), (?, ?, ?, ?, ?, ?, ?, null, null, null, null, ?, ?, ?), (?, ?, ?, ?, ?, ?, ?, null, null, null, null, ?, ?, ?), (?, ?, ?, ?, ?, ?, ?, null, null, null, null, ?, ?, ?), (?, ?...
[0m21:45:32.926779 [debug] [Thread-1 (]: SQL status: OK in 0.000 seconds
[0m21:45:33.200529 [debug] [Thread-1 (]: Using sqlserver connection "seed.sales_algorithm.calendar"
[0m21:45:33.201529 [debug] [Thread-1 (]: On seed.sales_algorithm.calendar: 
          insert into "m5_demand_forecast"."dbo"."calendar" ("date", "wm_yr_wk", "weekday", "wday", "month", "year", "d", "event_name_1", "event_type_1", "event_name_2", "event_type_2", "snap_CA", "snap_TX", "snap_WI") values (?, ?, ?, ?, ?, ?, ?, null, null, null, null, ?, ?, ?), (?, ?, ?, ?, ?, ?, ?, null, null, null, null, ?, ?, ?), (?, ?, ?, ?, ?, ?, ?, null, null, null, null, ?, ?, ?), (?, ?, ?, ?, ?, ?, ?, ?, ?, null, null, ?, ?, ?), (?, ?, ?, ?, ?, ?, ?, null, null, null, null, ?, ?, ?), (?, ?, ?, ?...
[0m21:45:33.260993 [debug] [Thread-1 (]: SQL status: OK in 0.000 seconds
[0m21:45:33.320361 [debug] [Thread-1 (]: Using sqlserver connection "seed.sales_algorithm.calendar"
[0m21:45:33.321362 [debug] [Thread-1 (]: On seed.sales_algorithm.calendar: 
          insert into "m5_demand_forecast"."dbo"."calendar" ("date", "wm_yr_wk", "weekday", "wday", "month", "year", "d", "event_name_1", "event_type_1", "event_name_2", "event_type_2", "snap_CA", "snap_TX", "snap_WI") values (?, ?, ?, ?, ?, ?, ?, null, null, null, null, ?, ?, ?), (?, ?, ?, ?, ?, ?, ?, null, null, null, null, ?, ?, ?), (?, ?, ?, ?, ?, ?, ?, null, null, null, null, ?, ?, ?), (?, ?, ?, ?, ?, ?, ?, null, null, null, null, ?, ?, ?), (?, ?, ?, ?, ?, ?, ?, null, null, null, null, ?, ?, ?), (?, ?...
[0m21:45:33.330433 [debug] [Thread-1 (]: SQL status: OK in 0.000 seconds
[0m21:45:33.335449 [debug] [Thread-1 (]: Writing runtime SQL for node "seed.sales_algorithm.calendar"
[0m21:45:33.353229 [debug] [Thread-1 (]: On seed.sales_algorithm.calendar: COMMIT
[0m21:45:33.355234 [debug] [Thread-1 (]: On seed.sales_algorithm.calendar: Close
[0m21:45:33.357235 [debug] [Thread-1 (]: Sending event: {'category': 'dbt', 'action': 'run_model', 'label': '593a954d-bb32-4d76-8e88-981e23dbf2e2', 'context': [<snowplow_tracker.self_describing_json.SelfDescribingJson object at 0x000001BD750AE6C0>]}
[0m21:45:33.357235 [info ] [Thread-1 (]: 1 of 5 OK loaded seed file dbo.calendar ........................................ [[32mINSERT 1969[0m in 4.60s]
[0m21:45:33.358233 [debug] [Thread-1 (]: Finished running node seed.sales_algorithm.calendar
[0m21:45:33.359232 [debug] [Thread-3 (]: Began running node model.sales_algorithm.stg_calendar
[0m21:45:33.359736 [info ] [Thread-3 (]: 2 of 5 START sql view model dbo.stg_calendar ................................... [RUN]
[0m21:45:33.359736 [debug] [Thread-3 (]: Acquiring new sqlserver connection 'model.sales_algorithm.stg_calendar'
[0m21:45:33.360745 [debug] [Thread-3 (]: Began compiling node model.sales_algorithm.stg_calendar
[0m21:45:33.366310 [debug] [Thread-3 (]: Writing injected SQL for node "model.sales_algorithm.stg_calendar"
[0m21:45:33.366310 [debug] [Thread-3 (]: Began executing node model.sales_algorithm.stg_calendar
[0m21:45:33.400022 [debug] [Thread-3 (]: Using sqlserver connection "model.sales_algorithm.stg_calendar"
[0m21:45:33.400022 [debug] [Thread-3 (]: On model.sales_algorithm.stg_calendar: /* {"app": "dbt", "dbt_version": "1.12.5", "profile_name": "sales_algorithm", "target_name": "dev", "node_id": "model.sales_algorithm.stg_calendar"} */

    USE [m5_demand_forecast];
  select object_definition(object_id(quotename('dbo') + '.' + quotename('stg_calendar'), 'V')) as definition
  where object_id(quotename('dbo') + '.' + quotename('stg_calendar'), 'V') is not null

  
[0m21:45:33.400022 [debug] [Thread-3 (]: Opening a new connection, currently in state init
[0m21:45:33.401527 [debug] [Thread-3 (]: sqlserver adapter: Using connection string: DRIVER={ODBC Driver 18 for SQL Server};SERVER=DESKTOP-86BL51K,1433;Database=m5_demand_forecast;UID=***;PWD=***;encrypt=Yes;TrustServerCertificate=Yes;APP=dbt-sqlserver/1.11.1;Pooling=true;SQL_ATTR_TRACE=SQL_OPT_TRACE_OFF;ConnectRetryCount=3;ConnectRetryInterval=10
[0m21:45:33.401527 [debug] [Thread-3 (]: sqlserver adapter: Connected to db: m5_demand_forecast
[0m21:45:33.404037 [debug] [Thread-3 (]: SQL status: OK in 0.000 seconds
[0m21:45:33.407548 [debug] [Thread-3 (]: Writing runtime sql for node "model.sales_algorithm.stg_calendar"
[0m21:45:33.408554 [debug] [Thread-3 (]: Using sqlserver connection "model.sales_algorithm.stg_calendar"
[0m21:45:33.408554 [debug] [Thread-3 (]: On model.sales_algorithm.stg_calendar: /* {"app": "dbt", "dbt_version": "1.12.5", "profile_name": "sales_algorithm", "target_name": "dev", "node_id": "model.sales_algorithm.stg_calendar"} */
declare @dbt_sqlserver_noop int;
[0m21:45:33.409554 [debug] [Thread-3 (]: SQL status: OK in 0.000 seconds
[0m21:45:33.413062 [debug] [Thread-3 (]: On model.sales_algorithm.stg_calendar: COMMIT
[0m21:45:33.417064 [debug] [Thread-3 (]: Applying DROP to: "m5_demand_forecast"."dbo"."stg_calendar__dbt_backup"
[0m21:45:33.427190 [debug] [Thread-3 (]: dbt-sqlserver
[0m21:45:33.427190 [debug] [Thread-3 (]: Using sqlserver connection "model.sales_algorithm.stg_calendar"
[0m21:45:33.428251 [debug] [Thread-3 (]: On model.sales_algorithm.stg_calendar: /* {"app": "dbt", "dbt_version": "1.12.5", "profile_name": "sales_algorithm", "target_name": "dev", "node_id": "model.sales_algorithm.stg_calendar"} */

        USE [m5_demand_forecast];
        select
            sch.name as schema_name,
            obj.name as view_name
        from sys.sql_expression_dependencies refs with (nolock)
        inner join sys.objects obj with (nolock)
        on refs.referencing_id = obj.object_id
        inner join sys.schemas sch with (nolock)
        on obj.schema_id = sch.schema_id
        where refs.referenced_database_name = 'm5_demand_forecast'
        and refs.referenced_schema_name = 'dbo'
        and refs.referenced_entity_name = 'stg_calendar__dbt_backup'
        and obj.type = 'V'
        
    OPTION (LABEL = 'dbt-sqlserver');

      
[0m21:45:33.442320 [debug] [Thread-3 (]: SQL status: OK in 0.000 seconds
[0m21:45:33.444830 [debug] [Thread-3 (]: Using sqlserver connection "model.sales_algorithm.stg_calendar"
[0m21:45:33.445828 [debug] [Thread-3 (]: On model.sales_algorithm.stg_calendar: /* {"app": "dbt", "dbt_version": "1.12.5", "profile_name": "sales_algorithm", "target_name": "dev", "node_id": "model.sales_algorithm.stg_calendar"} */

      
      
    
    USE [m5_demand_forecast];
    EXEC('DROP view IF EXISTS "dbo"."stg_calendar__dbt_backup";');

[0m21:45:33.446829 [debug] [Thread-3 (]: SQL status: OK in 0.000 seconds
[0m21:45:33.447830 [debug] [Thread-3 (]: On model.sales_algorithm.stg_calendar: Close
[0m21:45:33.447830 [debug] [Thread-3 (]: Sending event: {'category': 'dbt', 'action': 'run_model', 'label': '593a954d-bb32-4d76-8e88-981e23dbf2e2', 'context': [<snowplow_tracker.self_describing_json.SelfDescribingJson object at 0x000001BD76EBE0C0>]}
[0m21:45:33.447830 [info ] [Thread-3 (]: 2 of 5 OK created sql view model dbo.stg_calendar .............................. [[32mOK[0m in 0.09s]
[0m21:45:33.449334 [debug] [Thread-3 (]: Finished running node model.sales_algorithm.stg_calendar
[0m21:45:33.450339 [debug] [Thread-2 (]: Began running node test.sales_algorithm.not_null_stg_calendar_calendar_date.707ce7d208
[0m21:45:33.450339 [debug] [Thread-1 (]: Began running node test.sales_algorithm.not_null_stg_calendar_day_id.fc4ecfa78f
[0m21:45:33.451341 [info ] [Thread-2 (]: 3 of 5 START test not_null_stg_calendar_calendar_date .......................... [RUN]
[0m21:45:33.451341 [debug] [Thread-4 (]: Began running node test.sales_algorithm.unique_stg_calendar_calendar_date.430e8817c5
[0m21:45:33.452339 [info ] [Thread-1 (]: 4 of 5 START test not_null_stg_calendar_day_id ................................. [RUN]
[0m21:45:33.452339 [debug] [Thread-2 (]: Acquiring new sqlserver connection 'test.sales_algorithm.not_null_stg_calendar_calendar_date.707ce7d208'
[0m21:45:33.453375 [debug] [Thread-1 (]: Re-using an available connection from the pool (formerly seed.sales_algorithm.calendar, now test.sales_algorithm.not_null_stg_calendar_day_id.fc4ecfa78f)
[0m21:45:33.453375 [info ] [Thread-4 (]: 5 of 5 START test unique_stg_calendar_calendar_date ............................ [RUN]
[0m21:45:33.454371 [debug] [Thread-2 (]: Began compiling node test.sales_algorithm.not_null_stg_calendar_calendar_date.707ce7d208
[0m21:45:33.454371 [debug] [Thread-1 (]: Began compiling node test.sales_algorithm.not_null_stg_calendar_day_id.fc4ecfa78f
[0m21:45:33.454371 [debug] [Thread-4 (]: Acquiring new sqlserver connection 'test.sales_algorithm.unique_stg_calendar_calendar_date.430e8817c5'
[0m21:45:33.467885 [debug] [Thread-2 (]: Writing injected SQL for node "test.sales_algorithm.not_null_stg_calendar_calendar_date.707ce7d208"
[0m21:45:33.473901 [debug] [Thread-1 (]: Writing injected SQL for node "test.sales_algorithm.not_null_stg_calendar_day_id.fc4ecfa78f"
[0m21:45:33.473901 [debug] [Thread-4 (]: Began compiling node test.sales_algorithm.unique_stg_calendar_calendar_date.430e8817c5
[0m21:45:33.482487 [debug] [Thread-4 (]: Writing injected SQL for node "test.sales_algorithm.unique_stg_calendar_calendar_date.430e8817c5"
[0m21:45:33.483993 [debug] [Thread-2 (]: Began executing node test.sales_algorithm.not_null_stg_calendar_calendar_date.707ce7d208
[0m21:45:33.483993 [debug] [Thread-1 (]: Began executing node test.sales_algorithm.not_null_stg_calendar_day_id.fc4ecfa78f
[0m21:45:33.502568 [debug] [Thread-2 (]: Writing runtime sql for node "test.sales_algorithm.not_null_stg_calendar_calendar_date.707ce7d208"
[0m21:45:33.504072 [debug] [Thread-1 (]: Writing runtime sql for node "test.sales_algorithm.not_null_stg_calendar_day_id.fc4ecfa78f"
[0m21:45:33.505075 [debug] [Thread-4 (]: Began executing node test.sales_algorithm.unique_stg_calendar_calendar_date.430e8817c5
[0m21:45:33.506077 [debug] [Thread-4 (]: Writing runtime sql for node "test.sales_algorithm.unique_stg_calendar_calendar_date.430e8817c5"
[0m21:45:33.507580 [debug] [Thread-2 (]: Using sqlserver connection "test.sales_algorithm.not_null_stg_calendar_calendar_date.707ce7d208"
[0m21:45:33.507580 [debug] [Thread-2 (]: On test.sales_algorithm.not_null_stg_calendar_calendar_date.707ce7d208: /* {"app": "dbt", "dbt_version": "1.12.5", "profile_name": "sales_algorithm", "target_name": "dev", "node_id": "test.sales_algorithm.not_null_stg_calendar_calendar_date.707ce7d208"} */

    
    -- Create target schema if it does not
  USE [m5_demand_forecast];
  IF NOT EXISTS (SELECT * FROM sys.schemas WHERE name = 'dbo')
  BEGIN
    EXEC('CREATE SCHEMA [dbo]')
  END

  

  
  EXEC('create view 
    [dbo].[testview_dbba0810dae1ca41910466ecfbe890c5_14368]
   as 
    
    
    



select calendar_date
from "m5_demand_forecast"."dbo"."stg_calendar"
where calendar_date is null



  ;')
  select
    
    count(*) as failures,
    case when count(*) != 0
      then 'true' else 'false' end as should_warn,
    case when count(*) != 0
      then 'true' else 'false' end as should_error
  from (
    select * from 
    [dbo].[testview_dbba0810dae1ca41910466ecfbe890c5_14368]
  
  ) dbt_internal_test;

  EXEC('drop view 
    [dbo].[testview_dbba0810dae1ca41910466ecfbe890c5_14368]
  ;')
[0m21:45:33.508589 [debug] [Thread-2 (]: Opening a new connection, currently in state init
[0m21:45:33.508589 [debug] [Thread-4 (]: Using sqlserver connection "test.sales_algorithm.unique_stg_calendar_calendar_date.430e8817c5"
[0m21:45:33.509586 [debug] [Thread-2 (]: sqlserver adapter: Using connection string: DRIVER={ODBC Driver 18 for SQL Server};SERVER=DESKTOP-86BL51K,1433;Database=m5_demand_forecast;UID=***;PWD=***;encrypt=Yes;TrustServerCertificate=Yes;APP=dbt-sqlserver/1.11.1;Pooling=true;SQL_ATTR_TRACE=SQL_OPT_TRACE_OFF;ConnectRetryCount=3;ConnectRetryInterval=10
[0m21:45:33.509586 [debug] [Thread-4 (]: On test.sales_algorithm.unique_stg_calendar_calendar_date.430e8817c5: /* {"app": "dbt", "dbt_version": "1.12.5", "profile_name": "sales_algorithm", "target_name": "dev", "node_id": "test.sales_algorithm.unique_stg_calendar_calendar_date.430e8817c5"} */

    
    -- Create target schema if it does not
  USE [m5_demand_forecast];
  IF NOT EXISTS (SELECT * FROM sys.schemas WHERE name = 'dbo')
  BEGIN
    EXEC('CREATE SCHEMA [dbo]')
  END

  

  
  EXEC('create view 
    [dbo].[testview_7aef47c8e71140425612f660ef8557b5_10855]
   as 
    
    
    

select
    calendar_date as unique_field,
    count(*) as n_records

from "m5_demand_forecast"."dbo"."stg_calendar"
where calendar_date is not null
group by calendar_date
having count(*) > 1



  ;')
  select
    
    count(*) as failures,
    case when count(*) != 0
      then 'true' else 'false' end as should_warn,
    case when count(*) != 0
      then 'true' else 'false' end as should_error
  from (
    select * from 
    [dbo].[testview_7aef47c8e71140425612f660ef8557b5_10855]
  
  ) dbt_internal_test;

  EXEC('drop view 
    [dbo].[testview_7aef47c8e71140425612f660ef8557b5_10855]
  ;')
[0m21:45:33.509586 [debug] [Thread-1 (]: Using sqlserver connection "test.sales_algorithm.not_null_stg_calendar_day_id.fc4ecfa78f"
[0m21:45:33.509586 [debug] [Thread-2 (]: sqlserver adapter: Connected to db: m5_demand_forecast
[0m21:45:33.511044 [debug] [Thread-4 (]: Opening a new connection, currently in state init
[0m21:45:33.511044 [debug] [Thread-1 (]: On test.sales_algorithm.not_null_stg_calendar_day_id.fc4ecfa78f: /* {"app": "dbt", "dbt_version": "1.12.5", "profile_name": "sales_algorithm", "target_name": "dev", "node_id": "test.sales_algorithm.not_null_stg_calendar_day_id.fc4ecfa78f"} */

    
    -- Create target schema if it does not
  USE [m5_demand_forecast];
  IF NOT EXISTS (SELECT * FROM sys.schemas WHERE name = 'dbo')
  BEGIN
    EXEC('CREATE SCHEMA [dbo]')
  END

  

  
  EXEC('create view 
    [dbo].[testview_2e0a50f7e92c89efc3f720c7a6ce31b6_2206]
   as 
    
    
    



select day_id
from "m5_demand_forecast"."dbo"."stg_calendar"
where day_id is null



  ;')
  select
    
    count(*) as failures,
    case when count(*) != 0
      then 'true' else 'false' end as should_warn,
    case when count(*) != 0
      then 'true' else 'false' end as should_error
  from (
    select * from 
    [dbo].[testview_2e0a50f7e92c89efc3f720c7a6ce31b6_2206]
  
  ) dbt_internal_test;

  EXEC('drop view 
    [dbo].[testview_2e0a50f7e92c89efc3f720c7a6ce31b6_2206]
  ;')
[0m21:45:33.512044 [debug] [Thread-4 (]: sqlserver adapter: Using connection string: DRIVER={ODBC Driver 18 for SQL Server};SERVER=DESKTOP-86BL51K,1433;Database=m5_demand_forecast;UID=***;PWD=***;encrypt=Yes;TrustServerCertificate=Yes;APP=dbt-sqlserver/1.11.1;Pooling=true;SQL_ATTR_TRACE=SQL_OPT_TRACE_OFF;ConnectRetryCount=3;ConnectRetryInterval=10
[0m21:45:33.512554 [debug] [Thread-1 (]: Opening a new connection, currently in state closed
[0m21:45:33.512554 [debug] [Thread-1 (]: sqlserver adapter: Using connection string: DRIVER={ODBC Driver 18 for SQL Server};SERVER=DESKTOP-86BL51K,1433;Database=m5_demand_forecast;UID=***;PWD=***;encrypt=Yes;TrustServerCertificate=Yes;APP=dbt-sqlserver/1.11.1;Pooling=true;SQL_ATTR_TRACE=SQL_OPT_TRACE_OFF;ConnectRetryCount=3;ConnectRetryInterval=10
[0m21:45:33.515064 [debug] [Thread-4 (]: sqlserver adapter: Connected to db: m5_demand_forecast
[0m21:45:33.516065 [debug] [Thread-1 (]: sqlserver adapter: Connected to db: m5_demand_forecast
[0m21:45:33.520581 [debug] [Thread-2 (]: SQL status: OK in 0.000 seconds
[0m21:45:33.524096 [debug] [Thread-2 (]: On test.sales_algorithm.not_null_stg_calendar_calendar_date.707ce7d208: ROLLBACK
[0m21:45:33.524096 [debug] [Thread-1 (]: SQL status: OK in 0.000 seconds
[0m21:45:33.525131 [debug] [Thread-4 (]: SQL status: OK in 0.000 seconds
[0m21:45:33.525131 [debug] [Thread-2 (]: On test.sales_algorithm.not_null_stg_calendar_calendar_date.707ce7d208: Close
[0m21:45:33.528102 [debug] [Thread-1 (]: On test.sales_algorithm.not_null_stg_calendar_day_id.fc4ecfa78f: ROLLBACK
[0m21:45:33.527102 [info ] [Thread-2 (]: 3 of 5 PASS not_null_stg_calendar_calendar_date ................................ [[32mPASS[0m in 0.07s]
[0m21:45:33.528102 [debug] [Thread-1 (]: On test.sales_algorithm.not_null_stg_calendar_day_id.fc4ecfa78f: Close
[0m21:45:33.529102 [debug] [Thread-4 (]: On test.sales_algorithm.unique_stg_calendar_calendar_date.430e8817c5: ROLLBACK
[0m21:45:33.529605 [debug] [Thread-2 (]: Finished running node test.sales_algorithm.not_null_stg_calendar_calendar_date.707ce7d208
[0m21:45:33.529605 [debug] [Thread-4 (]: On test.sales_algorithm.unique_stg_calendar_calendar_date.430e8817c5: Close
[0m21:45:33.529605 [info ] [Thread-1 (]: 4 of 5 PASS not_null_stg_calendar_day_id ....................................... [[32mPASS[0m in 0.08s]
[0m21:45:33.531609 [debug] [Thread-1 (]: Finished running node test.sales_algorithm.not_null_stg_calendar_day_id.fc4ecfa78f
[0m21:45:33.530609 [info ] [Thread-4 (]: 5 of 5 PASS unique_stg_calendar_calendar_date .................................. [[32mPASS[0m in 0.08s]
[0m21:45:33.531609 [debug] [Thread-4 (]: Finished running node test.sales_algorithm.unique_stg_calendar_calendar_date.430e8817c5
[0m21:45:33.532609 [debug] [MainThread]: On master: COMMIT
[0m21:45:33.532609 [debug] [MainThread]: Connection 'master' was properly closed.
[0m21:45:33.534113 [debug] [MainThread]: Connection 'list_m5_demand_forecast' was properly closed.
[0m21:45:33.534113 [debug] [MainThread]: Connection 'list_m5_demand_forecast_dbo' was properly closed.
[0m21:45:33.534113 [debug] [MainThread]: Connection 'test.sales_algorithm.not_null_stg_calendar_day_id.fc4ecfa78f' was properly closed.
[0m21:45:33.535117 [debug] [MainThread]: Connection 'model.sales_algorithm.stg_calendar' was properly closed.
[0m21:45:33.535117 [debug] [MainThread]: Connection 'test.sales_algorithm.not_null_stg_calendar_calendar_date.707ce7d208' was properly closed.
[0m21:45:33.535117 [debug] [MainThread]: Connection 'test.sales_algorithm.unique_stg_calendar_calendar_date.430e8817c5' was properly closed.
[0m21:45:33.535117 [info ] [MainThread]: 
[0m21:45:33.536117 [info ] [MainThread]: Finished running 1 seed, 3 data tests, 1 view model in 0 hours 0 minutes and 4.98 seconds (4.98s).
[0m21:45:33.537622 [debug] [MainThread]: Command end result
[0m21:45:33.573253 [debug] [MainThread]: Wrote artifact WritableManifest to C:\Users\skatm\DE\BI-DEV\projects\Project - sales algorithm\target\manifest.json
[0m21:45:33.577252 [debug] [MainThread]: Wrote artifact SemanticManifest to C:\Users\skatm\DE\BI-DEV\projects\Project - sales algorithm\target\semantic_manifest.json
[0m21:45:33.580761 [debug] [MainThread]: Wrote artifact OsiDocument to C:\Users\skatm\DE\BI-DEV\projects\Project - sales algorithm\target\osi_document.json
[0m21:45:33.588272 [debug] [MainThread]: Wrote artifact RunExecutionResult to C:\Users\skatm\DE\BI-DEV\projects\Project - sales algorithm\target\run_results.json
[0m21:45:33.588272 [info ] [MainThread]: 
[0m21:45:33.588777 [info ] [MainThread]: [32mCompleted successfully[0m
[0m21:45:33.589282 [info ] [MainThread]: 
[0m21:45:33.589282 [info ] [MainThread]: Done. PASS=5 WARN=0 ERROR=0 SKIP=0 NO-OP=0 REUSED=0 TOTAL=5
[0m21:45:33.590287 [debug] [MainThread]: Command `dbt build` succeeded at 21:45:33.590287 after 6.45 seconds
[0m21:45:33.591287 [debug] [MainThread]: Sending event: {'category': 'dbt', 'action': 'invocation', 'label': 'end', 'context': [<snowplow_tracker.self_describing_json.SelfDescribingJson object at 0x000001BD76025880>, <snowplow_tracker.self_describing_json.SelfDescribingJson object at 0x000001BD72718050>, <snowplow_tracker.self_describing_json.SelfDescribingJson object at 0x000001BD70CD9A90>]}
[0m21:45:33.591287 [debug] [MainThread]: Flushing usage events
[0m21:45:34.472411 [debug] [MainThread]: An error was encountered while trying to flush usage events
